instrument_id,timestamp,open,high,low,close,volume
BTC-USD-PERP.HYPERLIQUID,1771149480000,70379.0,70382.0,70378.0,70378.0,0.3692
LDO-USD-PERP.HYPERLIQUID,1771149480000,0.3559,0.3559,0.3557,0.3557,87.8
SOL-USD-PERP.HYPERLIQUID,1771149480000,89.916,89.916,89.883,89.892,205.79
TRX-USD-PERP.HYPERLIQUID,1771149480000,0.281,0.281,0.281,0.281,331.0
TRX-USD-PERP.HYPERLIQUID,1771149480000,0.281,0.281,0.281,0.281,551.0
SOL-USD-PERP.HYPERLIQUID,1771149480000,89.916,89.916,89.883,89.893,205.92
SUI-USD-PERP.HYPERLIQUID,1771149480000,1.0223,1.0223,1.022,1.0221,6234.6
INJ-USD-PERP.HYPERLIQUID,1771149480000,3.2422,3.2422,3.2422,3.2422,13.5
MOVE-USD-PERP.HYPERLIQUID,1771149480000,0.02532,0.02532,0.02532,0.02532,604.0
XRP-USD-PERP.HYPERLIQUID,1771149480000,1.5888,1.5911,1.588,1.591,28855.0
kSHIB-USD-PERP.HYPERLIQUID,1771149480000,0.006851,0.006851,0.00685,0.00685,111260.0
ACE-USD-PERP.HYPERLIQUID,1771149480000,0.1795,0.1795,0.1795,0.1795,86.77
BERA-USD-PERP.HYPERLIQUID,1771149480000,0.66572,0.6663,0.66572,0.66621,2312.4
HYPE-USD-PERP.HYPERLIQUID,1771149480000,31.131,31.131,31.121,31.131,17.45
MNT-USD-PERP.HYPERLIQUID,1771149480000,0.67266,0.67305,0.67252,0.67257,4433.9
SPX-USD-PERP.HYPERLIQUID,1771149480000,0.33218,0.33218,0.33193,0.33193,109.0
XRP-USD-PERP.HYPERLIQUID,1771149480000,1.5888,1.5911,1.588,1.5909,29050.0
ZEC-USD-PERP.HYPERLIQUID,1771149480000,310.11,310.58,309.85,310.29,698.75
ARB-USD-PERP.HYPERLIQUID,1771149480000,0.11893,0.11897,0.11893,0.11897,1652.8
PUMP-USD-PERP.HYPERLIQUID,1771149480000,0.002304,0.002304,0.002303,0.002304,24534.0
W-USD-PERP.HYPERLIQUID,1771149480000,0.02103,0.02103,0.02103,0.02103,6211.4
ZEC-USD-PERP.HYPERLIQUID,1771149480000,310.11,310.58,309.85,310.29,698.87
BTC-USD-PERP.HYPERLIQUID,1771149480000,70379.0,70382.0,70378.0,70378.0,0.38581
DOT-USD-PERP.HYPERLIQUID,1771149480000,1.4144,1.4145,1.4144,1.4145,480.8
ENA-USD-PERP.HYPERLIQUID,1771149480000,0.12727,0.12727,0.12727,0.12727,507.0
ZEC-USD-PERP.HYPERLIQUID,1771149480000,310.11,310.58,309.85,310.3,699.12
SPX-USD-PERP.HYPERLIQUID,1771149480000,0.33218,0.33218,0.33193,0.33218,499.0
ZEC-USD-PERP.HYPERLIQUID,1771149480000,310.11,310.58,309.85,310.3,708.03
ETH-USD-PERP.HYPERLIQUID,1771149480000,2067.5,2067.5,2066.9,2066.9,6.217
HYPE-USD-PERP.HYPERLIQUID,1771149480000,31.131,31.131,31.121,31.131,17.82
MINA-USD-PERP.HYPERLIQUID,1771149480000,0.068184,0.068184,0.068184,0.068184,251.0
SOL-USD-PERP.HYPERLIQUID,1771149480000,89.916,89.916,89.883,89.901,234.77
SUSHI-USD-PERP.HYPERLIQUID,1771149480000,0.21635,0.21635,0.21635,0.21635,71.2
W-USD-PERP.HYPERLIQUID,1771149480000,0.02103,0.02103,0.02103,0.02103,6212.5
ZEC-USD-PERP.HYPERLIQUID,1771149480000,310.11,310.58,309.85,310.3,711.03
BSV-USD-PERP.HYPERLIQUID,1771149480000,17.777,17.777,17.777,17.777,0.97
DYDX-USD-PERP.HYPERLIQUID,1771149480000,0.11203,0.11203,0.11203,0.11203,100.0
JUP-USD-PERP.HYPERLIQUID,1771149480000,0.16703,0.16703,0.16703,0.16703,103.0
TRX-USD-PERP.HYPERLIQUID,1771149480000,0.281,0.281,0.281,0.281,828.0
APT-USD-PERP.HYPERLIQUID,1771149480000,0.9725,0.9725,0.9725,0.9725,19.64
CFX-USD-PERP.HYPERLIQUID,1771149480000,0.056681,0.05671,0.056681,0.05671,32163.0
BTC-USD-PERP.HYPERLIQUID,1771149480000,70379.0,70382.0,70378.0,70378.0,0.38598
XRP-USD-PERP.HYPERLIQUID,1771149480000,1.5888,1.5911,1.588,1.591,34234.0
ZEC-USD-PERP.HYPERLIQUID,1771149480000,310.11,310.58,309.85,310.32,715.64
BTC-USD-PERP.HYPERLIQUID,1771149480000,70379.0,70382.0,70378.0,70379.0,0.38693
LIT-USD-PERP.HYPERLIQUID,1771149480000,1.7099,1.7109,1.709,1.7109,759.0
AVAX-USD-PERP.HYPERLIQUID,1771149480000,9.5889,9.5889,9.5886,9.5886,42.0
BTC-USD-PERP.HYPERLIQUID,1771149480000,70379.0,70382.0,70378.0,70380.0,0.40942
CELO-USD-PERP.HYPERLIQUID,1771149480000,0.089226,0.089286,0.089226,0.089286,8266.0
ETH-USD-PERP.HYPERLIQUID,1771149480000,2067.5,2067.5,2066.9,2067.2,6.2243
SOL-USD-PERP.HYPERLIQUID,1771149480000,89.916,89.945,89.883,89.945,499.41
TRB-USD-PERP.HYPERLIQUID,1771149480000,16.485,16.485,16.485,16.485,1.18
ZEC-USD-PERP.HYPERLIQUID,1771149480000,310.11,310.76,309.85,310.76,924.75
kPEPE-USD-PERP.HYPERLIQUID,1771149480000,0.004796,0.004797,0.004796,0.004797,10858.0
ADA-USD-PERP.HYPERLIQUID,1771149480000,0.29524,0.29524,0.29524,0.29524,56.0
BTC-USD-PERP.HYPERLIQUID,1771149480000,70379.0,70382.0,70378.0,70379.0,0.41042
ETH-USD-PERP.HYPERLIQUID,1771149480000,2067.5,2067.5,2066.9,2067.3,6.2328
PENGU-USD-PERP.HYPERLIQUID,1771149480000,0.007602,0.007602,0.007599,0.007599,12.0
SOL-USD-PERP.HYPERLIQUID,1771149480000,89.916,89.945,89.883,89.939,501.95
VVV-USD-PERP.HYPERLIQUID,1771149480000,3.9262,3.9334,3.9146,3.9252,4188.35
GRASS-USD-PERP.HYPERLIQUID,1771149480000,0.22218,0.22218,0.22218,0.22218,756.9
SUPER-USD-PERP.HYPERLIQUID,1771149480000,0.13115,0.13115,0.13115,0.13115,122.0
TRUMP-USD-PERP.HYPERLIQUID,1771149480000,3.5225,3.5225,3.5225,3.5225,5.0
APEX-USD-PERP.HYPERLIQUID,1771149480000,0.36495,0.36495,0.36495,0.36495,796.0
BLUR-USD-PERP.HYPERLIQUID,1771149480000,0.022238,0.022238,0.022238,0.022238,1.0
BTC-USD-PERP.HYPERLIQUID,1771149480000,70379.0,70382.0,70378.0,70380.0,0.49573
POL-USD-PERP.HYPERLIQUID,1771149480000,0.10977,0.10977,0.10977,0.10977,143.0
XRP-USD-PERP.HYPERLIQUID,1771149480000,1.5888,1.5919,1.588,1.5919,34241.0
ZEC-USD-PERP.HYPERLIQUID,1771149480000,310.11,310.76,309.85,310.45,925.7
COMP-USD-PERP.HYPERLIQUID,1771149480000,23.061,23.062,23.061,23.062,55.56
TAO-USD-PERP.HYPERLIQUID,1771149480000,189.53,189.53,189.53,189.53,1.895
TRX-USD-PERP.HYPERLIQUID,1771149480000,0.281,0.281,0.281,0.281,936.0
WLFI-USD-PERP.HYPERLIQUID,1771149480000,0.10693,0.10694,0.10693,0.10694,25319.0
XLM-USD-PERP.HYPERLIQUID,1771149480000,0.17746,0.17754,0.17746,0.17754,590.0
XRP-USD-PERP.HYPERLIQUID,1771149480000,1.5888,1.5919,1.588,1.5919,34284.0
ZEC-USD-PERP.HYPERLIQUID,1771149480000,310.11,311.08,309.85,311.08,1226.19
kLUNC-USD-PERP.HYPERLIQUID,1771149480000,0.036727,0.036727,0.036506,0.036506,99666.0
BTC-USD-PERP.HYPERLIQUID,1771149480000,70379.0,70385.0,70378.0,70385.0,0.52545
DYDX-USD-PERP.HYPERLIQUID,1771149480000,0.11203,0.11205,0.11203,0.11205,3549.6
HYPE-USD-PERP.HYPERLIQUID,1771149480000,31.131,31.141,31.121,31.141,66.54
TST-USD-PERP.HYPERLIQUID,1771149480000,0.011704,0.011704,0.011704,0.011704,1698.0
VVV-USD-PERP.HYPERLIQUID,1771149480000,3.9262,3.9334,3.9146,3.9317,4201.7
XPL-USD-PERP.HYPERLIQUID,1771149480000,0.10127,0.10134,0.10127,0.10134,13784.0
kLUNC-USD-PERP.HYPERLIQUID,1771149480000,0.036727,0.036727,0.036485,0.036485,106890.0
BIO-USD-PERP.HYPERLIQUID,1771149480000,0.025542,0.025542,0.025542,0.025542,656.0
BTC-USD-PERP.HYPERLIQUID,1771149480000,70379.0,70388.0,70378.0,70388.0,0.52603
DOGE-USD-PERP.HYPERLIQUID,1771149480000,0.11445,0.11448,0.11442,0.11448,1171.0
WLFI-USD-PERP.HYPERLIQUID,1771149480000,0.10693,0.10694,0.10693,0.10694,50145.0
XRP-USD-PERP.HYPERLIQUID,1771149480000,1.5888,1.592,1.588,1.592,34316.0
ZEC-USD-PERP.HYPERLIQUID,1771149480000,310.11,311.08,309.85,310.66,1226.31
APT-USD-PERP.HYPERLIQUID,1771149480000,0.9725,0.9727,0.9725,0.9727,35.2
CAKE-USD-PERP.HYPERLIQUID,1771149480000,1.3472,1.3472,1.3472,1.3472,20.3
ZEC-USD-PERP.HYPERLIQUID,1771149480000,310.11,311.08,309.85,310.65,1227.4
ETC-USD-PERP.HYPERLIQUID,1771149480000,9.0401,9.0427,9.0401,9.0427,5.85
ETH-USD-PERP.HYPERLIQUID,1771149480000,2067.5,2067.5,2066.9,2067.5,6.2387
ATOM-USD-PERP.HYPERLIQUID,1771149480000,2.1709,2.1709,2.1709,2.1709,7.99
DYDX-USD-PERP.HYPERLIQUID,1771149480000,0.11203,0.11205,0.11203,0.11205,6038.0
LINEA-USD-PERP.HYPERLIQUID,1771149480000,0.003879,0.003879,0.003879,0.003879,4381.0
LIT-USD-PERP.HYPERLIQUID,1771149480000,1.7099,1.7111,1.709,1.7108,1289.0
kFLOKI-USD-PERP.HYPERLIQUID,1771149480000,0.03397,0.03397,0.03397,0.03397,7019.0
ETH-USD-PERP.HYPERLIQUID,1771149480000,2067.5,2067.6,2066.9,2067.6,6.3149
IP-USD-PERP.HYPERLIQUID,1771149480000,1.1766,1.1768,1.1766,1.1768,239.3
ZEC-USD-PERP.HYPERLIQUID,1771149480000,310.11,311.08,309.85,310.6,1227.46
HYPE-USD-PERP.HYPERLIQUID,1771149480000,31.131,31.145,31.121,31.145,66.91
ZORA-USD-PERP.HYPERLIQUID,1771149480000,0.021858,0.021858,0.021851,0.021851,8.0
MEGA-USD-PERP.HYPERLIQUID,1771149480000,0.13664,0.13664,0.13664,0.13664,710.0
TRX-USD-PERP.HYPERLIQUID,1771149480000,0.281,0.281,0.281,0.281,1085.0
ZEC-USD-PERP.HYPERLIQUID,1771149480000,310.11,311.08,309.85,310.53,1228.58
EIGEN-USD-PERP.HYPERLIQUID,1771149480000,0.2154,0.2154,0.2154,0.2154,69.95
MET-USD-PERP.HYPERLIQUID,1771149480000,0.23071,0.23071,0.23071,0.23071,182.0
TAO-USD-PERP.HYPERLIQUID,1771149480000,189.53,189.53,189.53,189.53,2.504
SOL-USD-PERP.HYPERLIQUID,1771149480000,89.916,89.955,89.883,89.955,502.15
TAO-USD-PERP.HYPERLIQUID,1771149480000,189.53,189.53,189.53,189.53,6.84
BTC-USD-PERP.HYPERLIQUID,1771149480000,70379.0,70388.0,70378.0,70388.0,0.52718
GOAT-USD-PERP.HYPERLIQUID,1771149480000,0.024912,0.024912,0.024912,0.024912,637.0
TRUMP-USD-PERP.HYPERLIQUID,1771149480000,3.5225,3.5239,3.5225,3.5239,9.9
ZEC-USD-PERP.HYPERLIQUID,1771149480000,310.11,311.08,309.85,310.56,1239.54
BTC-USD-PERP.HYPERLIQUID,1771149480000,70379.0,70389.0,70378.0,70389.0,0.52742
ZEC-USD-PERP.HYPERLIQUID,1771149480000,310.11,311.08,309.85,310.56,1241.15
ADA-USD-PERP.HYPERLIQUID,1771149480000,0.29524,0.29532,0.29524,0.29532,190.0
AVAX-USD-PERP.HYPERLIQUID,1771149480000,9.5889,9.591,9.5886,9.591,57.0
FIL-USD-PERP.HYPERLIQUID,1771149480000,1.0033,1.0033,1.0033,1.0033,24.3
ZEC-USD-PERP.HYPERLIQUID,1771149480000,310.11,311.08,309.85,310.56,1244.31
ETH-USD-PERP.HYPERLIQUID,1771149480000,2067.5,2067.6,2066.9,2067.6,6.3642
LDO-USD-PERP.HYPERLIQUID,1771149480000,0.3559,0.3559,0.3557,0.3558,139.9
SUPER-USD-PERP.HYPERLIQUID,1771149480000,0.13115,0.13115,0.13115,0.13115,262.0
BTC-USD-PERP.HYPERLIQUID,1771149480000,70379.0,70391.0,70378.0,70391.0,0.52812
CAKE-USD-PERP.HYPERLIQUID,1771149480000,1.3472,1.3472,1.3453,1.3453,33.0
CELO-USD-PERP.HYPERLIQUID,1771149480000,0.089226,0.089286,0.089226,0.089254,8267.0
HYPE-USD-PERP.HYPERLIQUID,1771149480000,31.131,31.145,31.121,31.145,68.94
PUMP-USD-PERP.HYPERLIQUID,1771149480000,0.002304,0.002306,0.002303,0.002306,42621.0
ZEC-USD-PERP.HYPERLIQUID,1771149480000,310.11,311.08,309.85,310.59,1247.31
ATOM-USD-PERP.HYPERLIQUID,1771149480000,2.1709,2.1709,2.1709,2.1709,16.4
BABY-USD-PERP.HYPERLIQUID,1771149480000,0.014016,0.014016,0.014015,0.014015,3429.0
BERA-USD-PERP.HYPERLIQUID,1771149480000,0.66572,0.66652,0.66572,0.66652,2345.4
HYPE-USD-PERP.HYPERLIQUID,1771149480000,31.131,31.145,31.121,31.144,69.32
LAYER-USD-PERP.HYPERLIQUID,1771149480000,0.093081,0.093081,0.093081,0.093081,188.0
TRX-USD-PERP.HYPERLIQUID,1771149480000,0.281,0.281,0.281,0.281,1245.0
BTC-USD-PERP.HYPERLIQUID,1771149480000,70379.0,70391.0,70378.0,70391.0,0.52912
LAYER-USD-PERP.HYPERLIQUID,1771149480000,0.093081,0.093081,0.093081,0.093081,422.0
EIGEN-USD-PERP.HYPERLIQUID,1771149480000,0.2154,0.2154,0.2153,0.2153,1231.64
MELANIA-USD-PERP.HYPERLIQUID,1771149480000,0.12414,0.12414,0.12414,0.12414,140.6
WLD-USD-PERP.HYPERLIQUID,1771149480000,0.42414,0.42415,0.42414,0.42415,117.9
ZEC-USD-PERP.HYPERLIQUID,1771149480000,310.11,311.08,309.85,310.56,1249.2
FARTCOIN-USD-PERP.HYPERLIQUID,1771149480000,0.21174,0.21177,0.21171,0.21177,275.2
UNI-USD-PERP.HYPERLIQUID,1771149480000,3.5905,3.5914,3.5905,3.5914,23.7
APT-USD-PERP.HYPERLIQUID,1771149480000,0.9725,0.9727,0.9725,0.9727,1639.68
ETC-USD-PERP.HYPERLIQUID,1771149480000,9.0401,9.0441,9.0401,9.0441,23.87
HYPE-USD-PERP.HYPERLIQUID,1771149480000,31.131,31.145,31.121,31.139,81.32
ZEC-USD-PERP.HYPERLIQUID,1771149480000,310.11,311.08,309.85,310.56,1253.92
IP-USD-PERP.HYPERLIQUID,1771149480000,1.1766,1.1768,1.1762,1.1762,253.2
PAXG-USD-PERP.HYPERLIQUID,1771149480000,5038.5,5039.0,5038.5,5039.0,0.004
XRP-USD-PERP.HYPERLIQUID,1771149480000,1.5888,1.592,1.588,1.5902,34323.0
VVV-USD-PERP.HYPERLIQUID,1771149480000,3.9262,3.9334,3.9146,3.9271,4270.49
WLD-USD-PERP.HYPERLIQUID,1771149480000,0.42414,0.42415,0.42414,0.42415,235.8
XRP-USD-PERP.HYPERLIQUID,1771149480000,1.5888,1.592,1.588,1.5902,37668.0
AVAX-USD-PERP.HYPERLIQUID,1771149480000,9.5889,9.591,9.5874,9.5874,77.0
BIGTIME-USD-PERP.HYPERLIQUID,1771149480000,0.016104,0.016104,0.016104,0.016104,1172.0
GOAT-USD-PERP.HYPERLIQUID,1771149480000,0.024912,0.024912,0.024912,0.024912,1385.0
XRP-USD-PERP.HYPERLIQUID,1771149480000,1.5888,1.592,1.588,1.5902,40706.0
BRETT-USD-PERP.HYPERLIQUID,1771149480000,0.008389,0.00839,0.008389,0.00839,4057.0
HYPE-USD-PERP.HYPERLIQUID,1771149480000,31.131,31.145,31.121,31.13,81.69
MNT-USD-PERP.HYPERLIQUID,1771149480000,0.67266,0.67305,0.67252,0.67271,4434.8
VVV-USD-PERP.HYPERLIQUID,1771149480000,3.9262,3.9334,3.9146,3.9272,4279.56
ZEC-USD-PERP.HYPERLIQUID,1771149480000,310.11,311.08,309.85,310.95,1268.03
DASH-USD-PERP.HYPERLIQUID,1771149480000,40.081,40.109,40.081,40.109,15.28
TRX-USD-PERP.HYPERLIQUID,1771149480000,0.281,0.281,0.281,0.281,1501.0
WIF-USD-PERP.HYPERLIQUID,1771149480000,0.24458,0.24458,0.24456,0.24456,1694.0
ZEC-USD-PERP.HYPERLIQUID,1771149480000,310.11,311.08,309.85,310.58,1280.33
HYPE-USD-PERP.HYPERLIQUID,1771149480000,31.131,31.145,31.121,31.13,82.06
XMR-USD-PERP.HYPERLIQUID,1771149480000,349.58,349.58,349.46,349.46,2.012
BTC-USD-PERP.HYPERLIQUID,1771149480000,70379.0,70391.0,70378.0,70390.0,0.52936
BTC-USD-PERP.HYPERLIQUID,1771149480000,70379.0,70391.0,70378.0,70391.0,0.53036
FARTCOIN-USD-PERP.HYPERLIQUID,1771149480000,0.21174,0.21177,0.21171,0.21177,385.2
HYPE-USD-PERP.HYPERLIQUID,1771149480000,31.131,31.145,31.121,31.13,83.09
SUI-USD-PERP.HYPERLIQUID,1771149480000,1.0223,1.0226,1.022,1.0226,7269.4
XRP-USD-PERP.HYPERLIQUID,1771149480000,1.5888,1.592,1.588,1.5891,131348.0
ZEC-USD-PERP.HYPERLIQUID,1771149480000,310.11,311.08,309.85,310.64,1280.47
ZEN-USD-PERP.HYPERLIQUID,1771149480000,6.5502,6.5502,6.5502,6.5502,2.32
CAKE-USD-PERP.HYPERLIQUID,1771149480000,1.3472,1.3472,1.3453,1.3453,62.5
DOOD-USD-PERP.HYPERLIQUID,1771149480000,0.0039,0.0039,0.0039,0.0039,10043.0
ETH-USD-PERP.HYPERLIQUID,1771149480000,2067.5,2067.6,2066.9,2067.5,6.3698
WLD-USD-PERP.HYPERLIQUID,1771149480000,0.42414,0.42415,0.424,0.424,287.4
ZEC-USD-PERP.HYPERLIQUID,1771149480000,310.11,311.08,309.85,310.59,1295.19
FARTCOIN-USD-PERP.HYPERLIQUID,1771149480000,0.21174,0.21177,0.21171,0.21177,490.3
NEAR-USD-PERP.HYPERLIQUID,1771149480000,1.0788,1.0788,1.0788,1.0788,18.5
POLYX-USD-PERP.HYPERLIQUID,1771149480000,0.046542,0.04658,0.046542,0.04658,436.0
SOL-USD-PERP.HYPERLIQUID,1771149480000,89.916,89.955,89.883,89.945,503.76
ZEC-USD-PERP.HYPERLIQUID,1771149480000,310.11,311.08,309.85,310.6,1304.66
BTC-USD-PERP.HYPERLIQUID,1771149480000,70379.0,70391.0,70378.0,70391.0,0.53052
LIT-USD-PERP.HYPERLIQUID,1771149480000,1.7099,1.7117,1.709,1.7117,1331.0
LTC-USD-PERP.HYPERLIQUID,1771149480000,56.172,56.172,56.172,56.172,0.33
ZEC-USD-PERP.HYPERLIQUID,1771149480000,310.11,311.08,309.85,310.63,1304.72
HYPE-USD-PERP.HYPERLIQUID,1771149480000,31.131,31.145,31.121,31.125,90.96
TRX-USD-PERP.HYPERLIQUID,1771149480000,0.281,0.281,0.281,0.281,1585.0
kFLOKI-USD-PERP.HYPERLIQUID,1771149480000,0.03397,0.03397,0.033961,0.033961,11437.0
AVAX-USD-PERP.HYPERLIQUID,1771149480000,9.5889,9.591,9.5872,9.5872,102.0
BTC-USD-PERP.HYPERLIQUID,1771149480000,70379.0,70391.0,70378.0,70391.0,0.53095
LINK-USD-PERP.HYPERLIQUID,1771149480000,9.1185,9.1224,9.1184,9.1224,217.0
MNT-USD-PERP.HYPERLIQUID,1771149480000,0.67266,0.67305,0.67252,0.67267,6247.3
TRX-USD-PERP.HYPERLIQUID,1771149480000,0.281,0.281,0.281,0.281,1899.0
ZEC-USD-PERP.HYPERLIQUID,1771149480000,310.11,311.08,309.85,310.52,1304.92
ETH-USD-PERP.HYPERLIQUID,1771149480000,2067.5,2067.6,2066.9,2067.5,6.502
MELANIA-USD-PERP.HYPERLIQUID,1771149480000,0.12414,0.12414,0.12414,0.12414,301.7
STX-USD-PERP.HYPERLIQUID,1771149480000,0.2751,0.2751,0.2751,0.2751,114.2
UMA-USD-PERP.HYPERLIQUID,1771149480000,0.51861,0.51871,0.51861,0.51871,74.4
BANANA-USD-PERP.HYPERLIQUID,1771149480000,4.8041,4.8041,4.8041,4.8041,3.5
SOL-USD-PERP.HYPERLIQUID,1771149480000,89.916,89.955,89.883,89.938,881.75
ZEC-USD-PERP.HYPERLIQUID,1771149480000,310.11,311.08,309.85,310.53,1363.31
BTC-USD-PERP.HYPERLIQUID,1771149480000,70379.0,70391.0,70378.0,70391.0,0.53111
HYPE-USD-PERP.HYPERLIQUID,1771149480000,31.131,31.145,31.121,31.134,91.89
SOL-USD-PERP.HYPERLIQUID,1771149480000,89.916,89.955,89.883,89.938,881.87
SUI-USD-PERP.HYPERLIQUID,1771149480000,1.0223,1.0226,1.022,1.0223,7544.8
ZEC-USD-PERP.HYPERLIQUID,1771149480000,310.11,311.08,309.85,310.53,1363.4
kBONK-USD-PERP.HYPERLIQUID,1771149480000,0.006961,0.006961,0.006959,0.006959,49640.0
kPEPE-USD-PERP.HYPERLIQUID,1771149480000,0.004796,0.004798,0.004796,0.004798,13435.0
HYPER-USD-PERP.HYPERLIQUID,1771149480000,0.10557,0.10557,0.10542,0.10542,549.0
BRETT-USD-PERP.HYPERLIQUID,1771149480000,0.008389,0.00839,0.00838,0.00838,7000.0
BTC-USD-PERP.HYPERLIQUID,1771149480000,70379.0,70391.0,70378.0,70391.0,0.53206
VVV-USD-PERP.HYPERLIQUID,1771149480000,3.9262,3.9334,3.9146,3.925,4297.48
ZEC-USD-PERP.HYPERLIQUID,1771149480000,310.11,311.08,309.85,310.54,1363.5
kLUNC-USD-PERP.HYPERLIQUID,1771149480000,0.036727,0.036727,0.036485,0.036541,134253.0
BNB-USD-PERP.HYPERLIQUID,1771149480000,629.93,630.15,629.93,630.15,0.32
MOODENG-USD-PERP.HYPERLIQUID,1771149480000,0.060355,0.060355,0.060355,0.060355,538.0
ZEC-USD-PERP.HYPERLIQUID,1771149480000,310.11,311.08,309.85,310.54,1365.77
BTC-USD-PERP.HYPERLIQUID,1771149480000,70379.0,70391.0,70378.0,70390.0,0.53223
DOGE-USD-PERP.HYPERLIQUID,1771149480000,0.11445,0.11454,0.11442,0.11454,1304.0
NEAR-USD-PERP.HYPERLIQUID,1771149480000,1.0788,1.0788,1.0788,1.0788,44.4
BNB-USD-PERP.HYPERLIQUID,1771149480000,629.93,630.15,629.93,630.15,0.592
BSV-USD-PERP.HYPERLIQUID,1771149480000,17.777,17.777,17.777,17.777,24.62
BTC-USD-PERP.HYPERLIQUID,1771149480000,70379.0,70391.0,70378.0,70390.0,0.53323
DASH-USD-PERP.HYPERLIQUID,1771149480000,40.081,40.109,40.081,40.099,29.83
ICP-USD-PERP.HYPERLIQUID,1771149480000,2.5101,2.5101,2.5101,2.5101,6.1
NIL-USD-PERP.HYPERLIQUID,1771149480000,0.054727,0.054838,0.05472,0.054838,12799.0
TRX-USD-PERP.HYPERLIQUID,1771149480000,0.281,0.281,0.281,0.281,2059.0
ALGO-USD-PERP.HYPERLIQUID,1771149480000,0.098699,0.098699,0.098699,0.098699,284.0
HEMI-USD-PERP.HYPERLIQUID,1771149480000,0.010475,0.010475,0.010458,0.010458,7865.0
TRX-USD-PERP.HYPERLIQUID,1771149480000,0.281,0.281,0.281,0.281,2245.0
ZEC-USD-PERP.HYPERLIQUID,1771149480000,310.11,311.08,309.85,310.53,1376.41
UMA-USD-PERP.HYPERLIQUID,1771149480000,0.51861,0.51871,0.51861,0.51871,106.6
ZEC-USD-PERP.HYPERLIQUID,1771149480000,310.11,311.08,309.85,310.6,1376.7
NIL-USD-PERP.HYPERLIQUID,1771149480000,0.054727,0.054838,0.05472,0.054822,14484.0
BTC-USD-PERP.HYPERLIQUID,1771149480000,70379.0,70391.0,70378.0,70390.0,0.53398
LIT-USD-PERP.HYPERLIQUID,1771149480000,1.7099,1.7128,1.709,1.7128,1350.0
AVAX-USD-PERP.HYPERLIQUID,1771149480000,9.5889,9.591,9.5872,9.5872,132.0
BTC-USD-PERP.HYPERLIQUID,1771149480000,70379.0,70391.0,70378.0,70390.0,0.53438
ZEC-USD-PERP.HYPERLIQUID,1771149480000,310.11,311.08,309.85,310.62,1386.5
MELANIA-USD-PERP.HYPERLIQUID,1771149480000,0.12414,0.12414,0.12414,0.12414,5000.0
SOL-USD-PERP.HYPERLIQUID,1771149480000,89.916,89.955,89.883,89.948,882.0
ZEC-USD-PERP.HYPERLIQUID,1771149480000,310.11,311.08,309.85,310.61,1388.95
BNB-USD-PERP.HYPERLIQUID,1771149480000,629.93,630.15,629.93,630.15,0.87
ETH-USD-PERP.HYPERLIQUID,1771149480000,2067.5,2067.6,2066.9,2067.5,6.6971
SOL-USD-PERP.HYPERLIQUID,1771149480000,89.916,89.955,89.883,89.948,927.5
ZEC-USD-PERP.HYPERLIQUID,1771149480000,310.11,311.08,309.85,310.62,1393.06
BERA-USD-PERP.HYPERLIQUID,1771149540000,0.66633,0.66633,0.6662,0.6662,1156.2
BNB-USD-PERP.HYPERLIQUID,1771149480000,629.93,630.15,629.93,630.15,1.148
HYPE-USD-PERP.HYPERLIQUID,1771149540000,31.127,31.127,31.127,31.127,0.37
MNT-USD-PERP.HYPERLIQUID,1771149540000,0.67259,0.67259,0.67259,0.67259,1332.4
VVV-USD-PERP.HYPERLIQUID,1771149540000,3.9241,3.9296,3.9241,3.9296,712.03
XRP-USD-PERP.HYPERLIQUID,1771149540000,1.5904,1.5904,1.5904,1.5904,130.0
ZEC-USD-PERP.HYPERLIQUID,1771149540000,310.67,310.67,310.67,310.67,0.04
DASH-USD-PERP.HYPERLIQUID,1771149540000,40.099,40.099,40.099,40.099,5.02
SOL-USD-PERP.HYPERLIQUID,1771149540000,89.949,89.949,89.949,89.949,2.62
SOPH-USD-PERP.HYPERLIQUID,1771149540000,0.010082,0.010082,0.010082,0.010082,3533.0
BTC-USD-PERP.HYPERLIQUID,1771149540000,70390.0,70390.0,70390.0,70390.0,0.01661
ENA-USD-PERP.HYPERLIQUID,1771149540000,0.12731,0.12731,0.12731,0.12731,323.0
SPX-USD-PERP.HYPERLIQUID,1771149540000,0.33205,0.33205,0.33205,0.33205,390.0
TRX-USD-PERP.HYPERLIQUID,1771149540000,0.281,0.281,0.281,0.281,253.0
VVV-USD-PERP.HYPERLIQUID,1771149540000,3.9241,3.93,3.9241,3.93,1340.16
YGG-USD-PERP.HYPERLIQUID,1771149540000,0.042459,0.042459,0.042459,0.042459,395.0
ZEC-USD-PERP.HYPERLIQUID,1771149540000,310.67,310.7,310.67,310.7,2.16
ETC-USD-PERP.HYPERLIQUID,1771149540000,9.0424,9.0424,9.0424,9.0424,17.42
ETH-USD-PERP.HYPERLIQUID,1771149540000,2067.4,2067.4,2067.4,2067.4,0.6044
SOL-USD-PERP.HYPERLIQUID,1771149540000,89.949,89.949,89.948,89.948,6.31
TIA-USD-PERP.HYPERLIQUID,1771149540000,0.35504,0.35504,0.35504,0.35504,42.4
VVV-USD-PERP.HYPERLIQUID,1771149540000,3.9241,3.93,3.9241,3.93,1706.29
ZEC-USD-PERP.HYPERLIQUID,1771149540000,310.67,310.7,310.62,310.62,18.0
ASTER-USD-PERP.HYPERLIQUID,1771149540000,0.7354,0.7354,0.7354,0.7354,16.0
ETH-USD-PERP.HYPERLIQUID,1771149540000,2067.4,2067.5,2067.4,2067.5,0.6298
NEAR-USD-PERP.HYPERLIQUID,1771149540000,1.0784,1.0784,1.0784,1.0784,17.8
SUI-USD-PERP.HYPERLIQUID,1771149540000,1.0225,1.0225,1.0225,1.0225,218.6
ETH-USD-PERP.HYPERLIQUID,1771149540000,2067.4,2067.5,2067.4,2067.5,0.6354
HYPE-USD-PERP.HYPERLIQUID,1771149540000,31.127,31.127,31.127,31.127,0.74
KAITO-USD-PERP.HYPERLIQUID,1771149540000,0.32655,0.32655,0.32655,0.32655,58.0
SPX-USD-PERP.HYPERLIQUID,1771149540000,0.33205,0.33205,0.33205,0.33205,777.8
SUI-USD-PERP.HYPERLIQUID,1771149540000,1.0225,1.0225,1.0225,1.0225,437.8
VVV-USD-PERP.HYPERLIQUID,1771149540000,3.9241,3.93,3.9241,3.93,1748.99
CC-USD-PERP.HYPERLIQUID,1771149540000,0.16041,0.16041,0.16041,0.16041,226.0
LDO-USD-PERP.HYPERLIQUID,1771149540000,0.35591,0.35591,0.35591,0.35591,1978.6
BTC-USD-PERP.HYPERLIQUID,1771149540000,70390.0,70390.0,70390.0,70390.0,0.01678
ETH-USD-PERP.HYPERLIQUID,1771149540000,2067.4,2067.5,2067.4,2067.5,1.6354
MEGA-USD-PERP.HYPERLIQUID,1771149540000,0.13665,0.13665,0.13665,0.13665,146.0
ZEC-USD-PERP.HYPERLIQUID,1771149540000,310.67,310.7,310.62,310.62,21.75
APE-USD-PERP.HYPERLIQUID,1771149540000,0.13577,0.13577,0.13577,0.13577,79.9
BNB-USD-PERP.HYPERLIQUID,1771149540000,630.15,630.15,630.15,630.15,0.101
SOL-USD-PERP.HYPERLIQUID,1771149540000,89.949,89.949,89.944,89.944,15.13
BNB-USD-PERP.HYPERLIQUID,1771149540000,630.15,630.15,630.15,630.15,0.203
BTC-USD-PERP.HYPERLIQUID,1771149540000,70390.0,70391.0,70390.0,70391.0,0.01775
HYPER-USD-PERP.HYPERLIQUID,1771149540000,0.10557,0.10557,0.10557,0.10557,174.0
LIT-USD-PERP.HYPERLIQUID,1771149540000,1.712,1.712,1.712,1.712,11.0
ZEC-USD-PERP.HYPERLIQUID,1771149540000,310.67,310.7,310.62,310.65,21.8
IO-USD-PERP.HYPERLIQUID,1771149540000,0.11018,0.11018,0.11018,0.11018,167.8
SOL-USD-PERP.HYPERLIQUID,1771149540000,89.949,89.949,89.944,89.944,28.46
ZEC-USD-PERP.HYPERLIQUID,1771149540000,310.67,310.7,310.61,310.61,30.76
BLUR-USD-PERP.HYPERLIQUID,1771149540000,0.022224,0.022224,0.022224,0.022224,1.0
BNB-USD-PERP.HYPERLIQUID,1771149540000,630.15,630.15,630.15,630.15,0.683
ETC-USD-PERP.HYPERLIQUID,1771149540000,9.0424,9.0424,9.0424,9.0424,33.53
ETH-USD-PERP.HYPERLIQUID,1771149540000,2067.4,2067.5,2067.4,2067.5,1.6439
TRX-USD-PERP.HYPERLIQUID,1771149540000,0.281,0.281,0.281,0.281,485.0
ZEC-USD-PERP.HYPERLIQUID,1771149540000,310.67,310.7,310.61,310.62,33.76
BTC-USD-PERP.HYPERLIQUID,1771149540000,70390.0,70391.0,70390.0,70391.0,0.01876
ETC-USD-PERP.HYPERLIQUID,1771149540000,9.0424,9.0424,9.0423,9.0423,49.64
ZEC-USD-PERP.HYPERLIQUID,1771149540000,310.67,310.7,310.61,310.62,33.92
AVAX-USD-PERP.HYPERLIQUID,1771149540000,9.5864,9.5864,9.5864,9.5864,35.0
UMA-USD-PERP.HYPERLIQUID,1771149540000,0.51871,0.51871,0.51871,0.51871,29.8
FARTCOIN-USD-PERP.HYPERLIQUID,1771149540000,0.21173,0.21173,0.21173,0.21173,339.1
PUMP-USD-PERP.HYPERLIQUID,1771149540000,0.002305,0.002305,0.002305,0.002305,25146.0
REZ-USD-PERP.HYPERLIQUID,1771149540000,0.003089,0.003089,0.003089,0.003089,5886.0
APT-USD-PERP.HYPERLIQUID,1771149540000,0.9727,0.9727,0.9727,0.9727,39.78
MOVE-USD-PERP.HYPERLIQUID,1771149540000,0.025342,0.025342,0.025342,0.025342,1411.0
XRP-USD-PERP.HYPERLIQUID,1771149540000,1.5904,1.5906,1.5904,1.5906,138.0
AVAX-USD-PERP.HYPERLIQUID,1771149540000,9.5864,9.5865,9.5864,9.5865,47.9
RESOLV-USD-PERP.HYPERLIQUID,1771149540000,0.062076,0.062077,0.062076,0.062077,476.0
SYRUP-USD-PERP.HYPERLIQUID,1771149540000,0.27575,0.27575,0.27575,0.27575,55.0
ZEC-USD-PERP.HYPERLIQUID,1771149540000,310.67,310.7,310.53,310.53,38.61
ARK-USD-PERP.HYPERLIQUID,1771149540000,0.20127,0.20127,0.20127,0.20127,215.0
KAITO-USD-PERP.HYPERLIQUID,1771149540000,0.32655,0.32655,0.32655,0.32655,115.0
PEOPLE-USD-PERP.HYPERLIQUID,1771149540000,0.007309,0.007309,0.007309,0.007309,2465.0
ZEC-USD-PERP.HYPERLIQUID,1771149540000,310.67,310.8,310.53,310.8,178.7
BTC-USD-PERP.HYPERLIQUID,1771149540000,70390.0,70391.0,70390.0,70390.0,0.02476
JUP-USD-PERP.HYPERLIQUID,1771149540000,0.16708,0.16708,0.16708,0.16708,7979.0
STBL-USD-PERP.HYPERLIQUID,1771149540000,0.039577,0.039577,0.039577,0.039577,722.0
TON-USD-PERP.HYPERLIQUID,1771149540000,1.4812,1.4812,1.4812,1.4812,18.2
WLFI-USD-PERP.HYPERLIQUID,1771149540000,0.10701,0.10701,0.107,0.10701,11989.0
0G-USD-PERP.HYPERLIQUID,1771149540000,0.68766,0.68787,0.68766,0.68787,1428.0
ETH-USD-PERP.HYPERLIQUID,1771149540000,2067.4,2067.5,2067.4,2067.4,1.6498
LIT-USD-PERP.HYPERLIQUID,1771149540000,1.712,1.712,1.7112,1.7112,570.0
POLYX-USD-PERP.HYPERLIQUID,1771149540000,0.046541,0.046541,0.046541,0.046541,11.0
XRP-USD-PERP.HYPERLIQUID,1771149540000,1.5904,1.5906,1.5904,1.5906,163.0
AERO-USD-PERP.HYPERLIQUID,1771149540000,0.33063,0.33063,0.33063,0.33063,334.0
WLFI-USD-PERP.HYPERLIQUID,1771149540000,0.10701,0.10701,0.10694,0.10694,49390.0
ZEC-USD-PERP.HYPERLIQUID,1771149540000,310.67,310.8,310.53,310.63,179.38
ENA-USD-PERP.HYPERLIQUID,1771149540000,0.12731,0.12731,0.12731,0.12731,976.0
ENS-USD-PERP.HYPERLIQUID,1771149540000,6.9205,6.9205,6.9205,6.9205,2.66
HYPE-USD-PERP.HYPERLIQUID,1771149540000,31.127,31.13,31.127,31.13,1.11
ICP-USD-PERP.HYPERLIQUID,1771149540000,2.5109,2.5109,2.5109,2.5109,14.6
kPEPE-USD-PERP.HYPERLIQUID,1771149540000,0.004801,0.004801,0.004801,0.004801,39666.0
SAGA-USD-PERP.HYPERLIQUID,1771149540000,0.03356,0.03356,0.03356,0.03356,452.6
SYRUP-USD-PERP.HYPERLIQUID,1771149540000,0.27575,0.27575,0.27575,0.27575,189.0
TRX-USD-PERP.HYPERLIQUID,1771149540000,0.281,0.28106,0.281,0.28106,29936.0
WLFI-USD-PERP.HYPERLIQUID,1771149540000,0.10701,0.10701,0.10694,0.10694,52116.0
ZEC-USD-PERP.HYPERLIQUID,1771149540000,310.67,310.8,310.53,310.56,181.15
AIXBT-USD-PERP.HYPERLIQUID,1771149540000,0.022122,0.022122,0.022122,0.022122,711.0
CC-USD-PERP.HYPERLIQUID,1771149540000,0.16041,0.16044,0.16041,0.16044,458.0
SOL-USD-PERP.HYPERLIQUID,1771149540000,89.949,89.949,89.944,89.945,28.66
TRX-USD-PERP.HYPERLIQUID,1771149540000,0.281,0.28112,0.281,0.28106,39059.0
WLFI-USD-PERP.HYPERLIQUID,1771149540000,0.10701,0.10701,0.10694,0.10694,61989.0
AVAX-USD-PERP.HYPERLIQUID,1771149540000,9.5864,9.5865,9.5864,9.5864,55.1
INIT-USD-PERP.HYPERLIQUID,1771149540000,0.070956,0.070956,0.070956,0.070956,281.0
BTC-USD-PERP.HYPERLIQUID,1771149540000,70390.0,70391.0,70390.0,70390.0,0.02591
ETHFI-USD-PERP.HYPERLIQUID,1771149540000,0.49634,0.49634,0.49634,0.49634,32.6
HYPER-USD-PERP.HYPERLIQUID,1771149540000,0.10557,0.10557,0.10542,0.10542,353.0
TRX-USD-PERP.HYPERLIQUID,1771149540000,0.281,0.28112,0.281,0.28108,44832.0
WCT-USD-PERP.HYPERLIQUID,1771149540000,0.065184,0.065184,0.065184,0.065184,235.0
INJ-USD-PERP.HYPERLIQUID,1771149540000,3.244,3.244,3.244,3.244,9.2
PROVE-USD-PERP.HYPERLIQUID,1771149540000,0.33651,0.33651,0.33651,0.33651,57.0
TRX-USD-PERP.HYPERLIQUID,1771149540000,0.281,0.28112,0.281,0.28108,50830.0
kBONK-USD-PERP.HYPERLIQUID,1771149540000,0.006965,0.006965,0.006965,0.006965,51441.0
BTC-USD-PERP.HYPERLIQUID,1771149540000,70390.0,70391.0,70390.0,70390.0,0.02918
ZEC-USD-PERP.HYPERLIQUID,1771149540000,310.67,310.8,310.53,310.57,197.65
AIXBT-USD-PERP.HYPERLIQUID,1771149540000,0.022122,0.022144,0.022122,0.022144,34570.0
APEX-USD-PERP.HYPERLIQUID,1771149540000,0.36475,0.36475,0.36475,0.36475,1.0
BRETT-USD-PERP.HYPERLIQUID,1771149540000,0.00838,0.00838,0.00838,0.00838,24083.0
FOGO-USD-PERP.HYPERLIQUID,1771149540000,0.022984,0.022984,0.022984,0.022984,1304.0
GMX-USD-PERP.HYPERLIQUID,1771149540000,6.6495,6.6495,6.6495,6.6495,2.41
ME-USD-PERP.HYPERLIQUID,1771149540000,0.14914,0.14914,0.14914,0.14914,117.5
MOODENG-USD-PERP.HYPERLIQUID,1771149540000,0.060379,0.060379,0.060379,0.060379,306.0
SCR-USD-PERP.HYPERLIQUID,1771149540000,0.05093,0.05093,0.05093,0.05093,294.8
AIXBT-USD-PERP.HYPERLIQUID,1771149540000,0.022122,0.022144,0.022122,0.022144,37099.0
ALGO-USD-PERP.HYPERLIQUID,1771149540000,0.098699,0.098699,0.098699,0.098699,155.0
ETH-USD-PERP.HYPERLIQUID,1771149540000,2067.4,2067.5,2067.4,2067.4,1.6958
HYPE-USD-PERP.HYPERLIQUID,1771149540000,31.127,31.13,31.127,31.13,2.78
MANTA-USD-PERP.HYPERLIQUID,1771149540000,0.07813,0.07813,0.07813,0.07813,226.6
PUMP-USD-PERP.HYPERLIQUID,1771149540000,0.002305,0.002305,0.002305,0.002305,39833.0
S-USD-PERP.HYPERLIQUID,1771149540000,0.049992,0.049992,0.049992,0.049992,375.0
BCH-USD-PERP.HYPERLIQUID,1771149540000,560.19,560.19,560.19,560.19,0.108
SAGA-USD-PERP.HYPERLIQUID,1771149540000,0.03356,0.03356,0.03356,0.03356,974.8
ZEC-USD-PERP.HYPERLIQUID,1771149540000,310.67,310.8,310.53,310.63,213.07
ZK-USD-PERP.HYPERLIQUID,1771149540000,0.022528,0.022528,0.022528,0.022528,1886.0
VINE-USD-PERP.HYPERLIQUID,1771149540000,0.02031,0.02031,0.02031,0.02031,1362.0
BNB-USD-PERP.HYPERLIQUID,1771149540000,630.15,630.2,630.15,630.2,0.823
JUP-USD-PERP.HYPERLIQUID,1771149540000,0.16708,0.1671,0.16708,0.1671,8837.0
MERL-USD-PERP.HYPERLIQUID,1771149540000,0.063916,0.063916,0.063916,0.063916,273.0
USUAL-USD-PERP.HYPERLIQUID,1771149540000,0.01576,0.01576,0.01576,0.01576,1267.5
ZEC-USD-PERP.HYPERLIQUID,1771149540000,310.67,310.8,310.53,310.59,215.52
BTC-USD-PERP.HYPERLIQUID,1771149540000,70390.0,70391.0,70390.0,70391.0,0.03018
OM-USD-PERP.HYPERLIQUID,1771149540000,0.06167,0.06167,0.06167,0.06167,1045.2
VVV-USD-PERP.HYPERLIQUID,1771149540000,3.9241,3.9446,3.9241,3.9446,1765.52
ZEC-USD-PERP.HYPERLIQUID,1771149540000,310.67,310.8,310.53,310.64,221.77
FARTCOIN-USD-PERP.HYPERLIQUID,1771149540000,0.21173,0.21183,0.21173,0.21183,421.7
KAITO-USD-PERP.HYPERLIQUID,1771149540000,0.32655,0.32655,0.32638,0.32638,164.0
SKR-USD-PERP.HYPERLIQUID,1771149540000,0.02271,0.02271,0.02271,0.02271,879.0
TRX-USD-PERP.HYPERLIQUID,1771149540000,0.281,0.28112,0.281,0.2811,65499.0
KAITO-USD-PERP.HYPERLIQUID,1771149540000,0.32655,0.32655,0.32638,0.32638,219.0
ZEC-USD-PERP.HYPERLIQUID,1771149540000,310.67,310.8,310.53,310.64,222.81
GMX-USD-PERP.HYPERLIQUID,1771149540000,6.6495,6.6536,6.6495,6.6536,37.87
INIT-USD-PERP.HYPERLIQUID,1771149540000,0.070956,0.070956,0.070956,0.070956,561.0
PAXG-USD-PERP.HYPERLIQUID,1771149540000,5039.0,5039.0,5039.0,5039.0,0.002
XRP-USD-PERP.HYPERLIQUID,1771149540000,1.5904,1.5906,1.5901,1.5901,170.0
MON-USD-PERP.HYPERLIQUID,1771149540000,0.023553,0.023553,0.023553,0.023553,793.0
OP-USD-PERP.HYPERLIQUID,1771149540000,0.19499,0.19499,0.19499,0.19499,1539.0
XRP-USD-PERP.HYPERLIQUID,1771149540000,1.5904,1.5906,1.5901,1.5902,195.0
ZEC-USD-PERP.HYPERLIQUID,1771149540000,310.67,310.8,310.53,310.64,222.97
ETH-USD-PERP.HYPERLIQUID,1771149540000,2067.4,2067.5,2067.4,2067.4,1.8651
HYPE-USD-PERP.HYPERLIQUID,1771149540000,31.127,31.13,31.127,31.13,3.15
ONDO-USD-PERP.HYPERLIQUID,1771149540000,0.28777,0.28777,0.28777,0.28777,102.0
TST-USD-PERP.HYPERLIQUID,1771149540000,0.011704,0.011704,0.011704,0.011704,1367.0
W-USD-PERP.HYPERLIQUID,1771149540000,0.02101,0.02101,0.02101,0.02101,1.1
MEGA-USD-PERP.HYPERLIQUID,1771149540000,0.13665,0.13685,0.13665,0.13685,646.0
ZEC-USD-PERP.HYPERLIQUID,1771149540000,310.67,310.8,310.53,310.62,225.97
HYPE-USD-PERP.HYPERLIQUID,1771149540000,31.127,31.13,31.127,31.13,3.9
MERL-USD-PERP.HYPERLIQUID,1771149540000,0.063916,0.063967,0.063916,0.063967,4701.0
RENDER-USD-PERP.HYPERLIQUID,1771149540000,1.4806,1.4806,1.4806,1.4806,11.6
WCT-USD-PERP.HYPERLIQUID,1771149540000,0.065184,0.065212,0.065184,0.065212,681.0
XMR-USD-PERP.HYPERLIQUID,1771149540000,349.58,349.58,349.58,349.58,1.006
MOODENG-USD-PERP.HYPERLIQUID,1771149540000,0.060379,0.060379,0.060379,0.060379,574.0
RUNE-USD-PERP.HYPERLIQUID,1771149540000,0.4176,0.4176,0.4176,0.4176,0.7
TON-USD-PERP.HYPERLIQUID,1771149540000,1.4812,1.4812,1.4811,1.4811,26.8
ZEC-USD-PERP.HYPERLIQUID,1771149540000,310.67,310.8,310.53,310.66,252.22
BTC-USD-PERP.HYPERLIQUID,1771149540000,70390.0,70391.0,70390.0,70390.0,0.03787
ENS-USD-PERP.HYPERLIQUID,1771149540000,6.9205,6.9205,6.9186,6.9186,5.48
MOODENG-USD-PERP.HYPERLIQUID,1771149540000,0.060379,0.060379,0.060341,0.060341,2820.0
SOL-USD-PERP.HYPERLIQUID,1771149540000,89.949,89.949,89.944,89.944,29.44
TRUMP-USD-PERP.HYPERLIQUID,1771149540000,3.5224,3.5224,3.5224,3.5224,8.8
ETHFI-USD-PERP.HYPERLIQUID,1771149540000,0.49634,0.49634,0.49634,0.49634,97.3
FARTCOIN-USD-PERP.HYPERLIQUID,1771149540000,0.21173,0.21191,0.21173,0.21191,531.5
HYPE-USD-PERP.HYPERLIQUID,1771149540000,31.127,31.13,31.127,31.13,4.92
POL-USD-PERP.HYPERLIQUID,1771149540000,0.10978,0.10978,0.10978,0.10978,180.0
TRX-USD-PERP.HYPERLIQUID,1771149540000,0.281,0.28113,0.281,0.2811,80168.0
ZEC-USD-PERP.HYPERLIQUID,1771149540000,310.67,310.8,310.53,310.65,256.83
ZK-USD-PERP.HYPERLIQUID,1771149540000,0.022528,0.022528,0.022528,0.022528,2684.0
HYPER-USD-PERP.HYPERLIQUID,1771149540000,0.10557,0.10557,0.10542,0.10542,512.0
TRX-USD-PERP.HYPERLIQUID,1771149540000,0.281,0.28113,0.281,0.2811,82248.0
ZEC-USD-PERP.HYPERLIQUID,1771149540000,310.67,310.8,310.53,310.66,258.44
ETH-USD-PERP.HYPERLIQUID,1771149540000,2067.4,2067.5,2067.4,2067.5,1.8707
HYPE-USD-PERP.HYPERLIQUID,1771149540000,31.127,31.13,31.127,31.13,5.29
S-USD-PERP.HYPERLIQUID,1771149540000,0.049992,0.049992,0.049992,0.049992,2487.0
UMA-USD-PERP.HYPERLIQUID,1771149540000,0.51871,0.51881,0.51871,0.51881,67.5
CRV-USD-PERP.HYPERLIQUID,1771149540000,0.25987,0.25987,0.25987,0.25987,58.6
ZEC-USD-PERP.HYPERLIQUID,1771149540000,310.67,310.8,310.53,310.66,260.05
ZRO-USD-PERP.HYPERLIQUID,1771149540000,1.8745,1.8745,1.8745,1.8745,21.1
BANANA-USD-PERP.HYPERLIQUID,1771149540000,4.8141,4.8141,4.8141,4.8141,86.5
BTC-USD-PERP.HYPERLIQUID,1771149540000,70390.0,70391.0,70390.0,70391.0,0.03803
FET-USD-PERP.HYPERLIQUID,1771149540000,0.17845,0.17845,0.17845,0.17845,358.0
LIT-USD-PERP.HYPERLIQUID,1771149540000,1.712,1.712,1.7112,1.7119,576.0
ZEC-USD-PERP.HYPERLIQUID,1771149540000,310.67,310.8,310.53,310.66,262.2
AVNT-USD-PERP.HYPERLIQUID,1771149540000,0.20922,0.20922,0.20922,0.20922,81.0
COMP-USD-PERP.HYPERLIQUID,1771149540000,23.076,23.076,23.076,23.076,3.08
STRK-USD-PERP.HYPERLIQUID,1771149540000,0.05093,0.05093,0.05093,0.05093,539.4
ZEC-USD-PERP.HYPERLIQUID,1771149540000,310.67,310.8,310.53,310.66,263.81
AAVE-USD-PERP.HYPERLIQUID,1771149540000,129.26,129.26,129.26,129.26,1.14
BTC-USD-PERP.HYPERLIQUID,1771149540000,70390.0,70394.0,70390.0,70394.0,1.63881
LINK-USD-PERP.HYPERLIQUID,1771149540000,9.1234,9.1234,9.1234,9.1234,8.8
SKY-USD-PERP.HYPERLIQUID,1771149540000,0.06759,0.06759,0.06759,0.06759,426.0
ZEC-USD-PERP.HYPERLIQUID,1771149540000,310.67,310.8,310.53,310.69,264.04
PEOPLE-USD-PERP.HYPERLIQUID,1771149540000,0.007309,0.007309,0.007309,0.007309,14487.0
ZEC-USD-PERP.HYPERLIQUID,1771149540000,310.67,310.8,310.53,310.66,265.85
BTC-USD-PERP.HYPERLIQUID,1771149540000,70390.0,70394.0,70390.0,70394.0,1.63897
DOT-USD-PERP.HYPERLIQUID,1771149540000,1.4141,1.4141,1.4141,1.4141,50.0
FET-USD-PERP.HYPERLIQUID,1771149540000,0.17845,0.17845,0.17845,0.17845,716.0
KAITO-USD-PERP.HYPERLIQUID,1771149540000,0.32655,0.32655,0.32638,0.32655,343.0
MON-USD-PERP.HYPERLIQUID,1771149540000,0.023553,0.023553,0.023553,0.023553,1607.0
SOL-USD-PERP.HYPERLIQUID,1771149540000,89.949,89.949,89.944,89.945,29.57
BTC-USD-PERP.HYPERLIQUID,1771149540000,70390.0,70394.0,70390.0,70393.0,1.6617
GMX-USD-PERP.HYPERLIQUID,1771149540000,6.6495,6.6536,6.6495,6.6495,40.63
ME-USD-PERP.HYPERLIQUID,1771149540000,0.14914,0.14935,0.14914,0.14935,244.0
TRX-USD-PERP.HYPERLIQUID,1771149540000,0.281,0.28113,0.281,0.28105,89070.0
BTC-USD-PERP.HYPERLIQUID,1771149540000,70390.0,70394.0,70390.0,70394.0,1.66264
HYPE-USD-PERP.HYPERLIQUID,1771149540000,31.127,31.13,31.127,31.13,6.22
STRK-USD-PERP.HYPERLIQUID,1771149540000,0.05093,0.05093,0.05091,0.05091,1535.4
ZEC-USD-PERP.HYPERLIQUID,1771149540000,310.67,310.8,310.53,310.66,268.85
kPEPE-USD-PERP.HYPERLIQUID,1771149540000,0.004801,0.004801,0.004798,0.004798,42243.0
VINE-USD-PERP.HYPERLIQUID,1771149540000,0.02031,0.02031,0.02031,0.02031,2290.0
VVV-USD-PERP.HYPERLIQUID,1771149540000,3.9241,3.9446,3.9241,3.9395,1813.52
ZEC-USD-PERP.HYPERLIQUID,1771149540000,310.67,310.8,310.53,310.67,269.52
BIGTIME-USD-PERP.HYPERLIQUID,1771149540000,0.016104,0.016104,0.016104,0.016104,1722.0
BTC-USD-PERP.HYPERLIQUID,1771149540000,70390.0,70394.0,70390.0,70393.0,1.66281
DOGE-USD-PERP.HYPERLIQUID,1771149540000,0.11456,0.11456,0.11456,0.11456,133.0
ATOM-USD-PERP.HYPERLIQUID,1771149540000,2.1712,2.1712,2.1712,2.1712,20.0
GAS-USD-PERP.HYPERLIQUID,1771149540000,1.7058,1.7058,1.7058,1.7058,10.9
SOL-USD-PERP.HYPERLIQUID,1771149540000,89.949,89.949,89.935,89.935,31.35
ZEC-USD-PERP.HYPERLIQUID,1771149540000,310.67,310.8,310.53,310.65,277.05
SOL-USD-PERP.HYPERLIQUID,1771149540000,89.949,89.949,89.935,89.935,31.62
BSV-USD-PERP.HYPERLIQUID,1771149540000,17.755,17.755,17.755,17.755,23.65
XRP-USD-PERP.HYPERLIQUID,1771149540000,1.5904,1.5906,1.5899,1.5901,32895.0
ENS-USD-PERP.HYPERLIQUID,1771149540000,6.9205,6.9205,6.9186,6.9186,9.88
ZEC-USD-PERP.HYPERLIQUID,1771149540000,310.67,310.8,310.53,310.65,280.16
BTC-USD-PERP.HYPERLIQUID,1771149540000,70390.0,70394.0,70390.0,70393.0,1.66357
LIT-USD-PERP.HYPERLIQUID,1771149540000,1.712,1.712,1.7112,1.7119,594.0
SAGA-USD-PERP.HYPERLIQUID,1771149540000,0.03356,0.03356,0.03355,0.03355,1495.8
BSV-USD-PERP.HYPERLIQUID,1771149540000,17.755,17.755,17.754,17.754,40.74
COMP-USD-PERP.HYPERLIQUID,1771149540000,23.076,23.191,23.076,23.191,6.68
PENGU-USD-PERP.HYPERLIQUID,1771149540000,0.007613,0.007613,0.007613,0.007613,3770.0
SNX-USD-PERP.HYPERLIQUID,1771149540000,0.30665,0.30693,0.30665,0.30693,370.3
BABY-USD-PERP.HYPERLIQUID,1771149540000,0.014014,0.014014,0.014014,0.014014,1124.0
BTC-USD-PERP.HYPERLIQUID,1771149540000,70390.0,70394.0,70390.0,70393.0,1.66457
SOL-USD-PERP.HYPERLIQUID,1771149540000,89.949,89.949,89.935,89.936,31.74
JTO-USD-PERP.HYPERLIQUID,1771149540000,0.2808,0.2808,0.2808,0.2808,105.0
STX-USD-PERP.HYPERLIQUID,1771149540000,0.275,0.275,0.275,0.275,117.1
ZRO-USD-PERP.HYPERLIQUID,1771149540000,1.8745,1.8755,1.8745,1.8755,29.4
BERA-USD-PERP.HYPERLIQUID,1771149540000,0.66633,0.66633,0.6661,0.6661,2312.4
ENA-USD-PERP.HYPERLIQUID,1771149540000,0.12731,0.12741,0.12731,0.12741,1218.0
HYPE-USD-PERP.HYPERLIQUID,1771149540000,31.127,31.13,31.127,31.13,6.59
LINK-USD-PERP.HYPERLIQUID,1771149540000,9.1234,9.1234,9.1218,9.1218,23.8
MNT-USD-PERP.HYPERLIQUID,1771149540000,0.67259,0.67261,0.67259,0.6726,2664.9
REZ-USD-PERP.HYPERLIQUID,1771149540000,0.003089,0.003095,0.003089,0.003095,15576.0
SUPER-USD-PERP.HYPERLIQUID,1771149540000,0.13115,0.13115,0.13115,0.13115,117.0
XRP-USD-PERP.HYPERLIQUID,1771149540000,1.5904,1.5906,1.5899,1.5899,33442.0
ZEC-USD-PERP.HYPERLIQUID,1771149540000,310.67,310.8,310.42,310.42,284.67
BTC-USD-PERP.HYPERLIQUID,1771149540000,70390.0,70394.0,70390.0,70393.0,1.68118
LAYER-USD-PERP.HYPERLIQUID,1771149540000,0.09297,0.09297,0.09297,0.09297,195.0
XPL-USD-PERP.HYPERLIQUID,1771149540000,0.10124,0.10124,0.10124,0.10124,168.0
ZETA-USD-PERP.HYPERLIQUID,1771149540000,0.05768,0.05768,0.05768,0.05768,307.7
BTC-USD-PERP.HYPERLIQUID,1771149540000,70390.0,70394.0,70390.0,70393.0,1.68418
ETH-USD-PERP.HYPERLIQUID,1771149540000,2067.4,2067.5,2067.4,2067.5,1.8763
GMT-USD-PERP.HYPERLIQUID,1771149540000,0.012961,0.012961,0.012961,0.012961,1231.0
HYPE-USD-PERP.HYPERLIQUID,1771149540000,31.127,31.13,31.127,31.13,6.96
ZEC-USD-PERP.HYPERLIQUID,1771149540000,310.67,310.8,310.41,310.41,287.67
ACE-USD-PERP.HYPERLIQUID,1771149540000,0.1797,0.1797,0.1797,0.1797,11382.1
APEX-USD-PERP.HYPERLIQUID,1771149540000,0.36475,0.36475,0.36469,0.36469,2.0
BTC-USD-PERP.HYPERLIQUID,1771149540000,70390.0,70394.0,70390.0,70393.0,1.68643
DOGE-USD-PERP.HYPERLIQUID,1771149540000,0.11456,0.11456,0.11452,0.11452,286.0
ETC-USD-PERP.HYPERLIQUID,1771149540000,9.0424,9.0424,9.0407,9.0407,163.88
JUP-USD-PERP.HYPERLIQUID,1771149540000,0.16708,0.1671,0.16703,0.16703,10633.0
MON-USD-PERP.HYPERLIQUID,1771149540000,0.023553,0.023561,0.023553,0.023561,2382.0
MOVE-USD-PERP.HYPERLIQUID,1771149540000,0.025342,0.025342,0.025307,0.025307,7253.0
PUMP-USD-PERP.HYPERLIQUID,1771149540000,0.002305,0.002305,0.002304,0.002304,44292.0
ZEC-USD-PERP.HYPERLIQUID,1771149540000,310.67,310.8,310.41,310.42,307.67
kSHIB-USD-PERP.HYPERLIQUID,1771149540000,0.006851,0.006851,0.006851,0.006851,39763.0
2Z-USD-PERP.HYPERLIQUID,1771149540000,0.080517,0.080517,0.080517,0.080517,239.0
ASTER-USD-PERP.HYPERLIQUID,1771149540000,0.7354,0.7354,0.73538,0.73538,278.0
BTC-USD-PERP.HYPERLIQUID,1771149540000,70390.0,70394.0,70390.0,70393.0,1.6866
VINE-USD-PERP.HYPERLIQUID,1771149540000,0.02031,0.02031,0.02031,0.02031,3200.0
FTT-USD-PERP.HYPERLIQUID,1771149540000,0.35826,0.35826,0.35826,0.35826,1.3
KAITO-USD-PERP.HYPERLIQUID,1771149540000,0.32655,0.32655,0.32638,0.32655,390.0
ZEC-USD-PERP.HYPERLIQUID,1771149540000,310.67,310.8,310.4,310.41,312.28
ASTER-USD-PERP.HYPERLIQUID,1771149540000,0.7354,0.73575,0.73538,0.73575,301.0
BTC-USD-PERP.HYPERLIQUID,1771149540000,70390.0,70394.0,70390.0,70394.0,1.72761
LINK-USD-PERP.HYPERLIQUID,1771149540000,9.1234,9.1234,9.1211,9.1211,43.8
LIT-USD-PERP.HYPERLIQUID,1771149540000,1.712,1.712,1.7109,1.7109,605.0
AR-USD-PERP.HYPERLIQUID,1771149540000,2.0731,2.0731,2.0731,2.0731,17.44
HEMI-USD-PERP.HYPERLIQUID,1771149540000,0.010467,0.010467,0.010467,0.010467,1450.0
APE-USD-PERP.HYPERLIQUID,1771149540000,0.13577,0.13577,0.13573,0.13573,222.7
ETH-USD-PERP.HYPERLIQUID,1771149540000,2067.4,2067.5,2067.4,2067.5,2.2962
PUMP-USD-PERP.HYPERLIQUID,1771149540000,0.002305,0.002305,0.002304,0.002305,48751.0
PYTH-USD-PERP.HYPERLIQUID,1771149540000,0.056953,0.056953,0.056953,0.056953,286.0
TON-USD-PERP.HYPERLIQUID,1771149540000,1.4812,1.4812,1.4811,1.4811,34.2
SOL-USD-PERP.HYPERLIQUID,1771149540000,89.949,89.949,89.932,89.943,146.79
MOVE-USD-PERP.HYPERLIQUID,1771149540000,0.025342,0.025342,0.025307,0.025307,13095.0
XRP-USD-PERP.HYPERLIQUID,1771149540000,1.5904,1.5906,1.5897,1.5897,33449.0
ENS-USD-PERP.HYPERLIQUID,1771149540000,6.9205,6.9215,6.9186,6.9215,12.94
AVAX-USD-PERP.HYPERLIQUID,1771149540000,9.5864,9.5877,9.5864,9.5877,76.1
BLAST-USD-PERP.HYPERLIQUID,1771149540000,0.000641,0.000641,0.000641,0.000641,938967.0
BTC-USD-PERP.HYPERLIQUID,1771149540000,70390.0,70394.0,70390.0,70394.0,1.74321
BTC-USD-PERP.HYPERLIQUID,1771149540000,70390.0,70394.0,70390.0,70394.0,1.78008
GAS-USD-PERP.HYPERLIQUID,1771149540000,1.7058,1.7058,1.7047,1.7047,19.8
IP-USD-PERP.HYPERLIQUID,1771149540000,1.1761,1.1761,1.1761,1.1761,24.6
ZEC-USD-PERP.HYPERLIQUID,1771149540000,310.67,310.8,310.35,310.35,316.03
AZTEC-USD-PERP.HYPERLIQUID,1771149540000,0.023474,0.023474,0.023474,0.023474,1855.0
BTC-USD-PERP.HYPERLIQUID,1771149540000,70390.0,70394.0,70390.0,70394.0,1.78108
COMP-USD-PERP.HYPERLIQUID,1771149540000,23.076,23.191,23.076,23.156,9.76
0G-USD-PERP.HYPERLIQUID,1771149540000,0.68766,0.68821,0.68766,0.68821,2154.0
LAYER-USD-PERP.HYPERLIQUID,1771149540000,0.09297,0.093081,0.09297,0.093081,636.0
LINK-USD-PERP.HYPERLIQUID,1771149540000,9.1234,9.1234,9.1203,9.1203,68.8
SEI-USD-PERP.HYPERLIQUID,1771149540000,0.077887,0.077887,0.077887,0.077887,244.0
ZEC-USD-PERP.HYPERLIQUID,1771149540000,310.67,310.8,310.35,310.37,319.03
ETH-USD-PERP.HYPERLIQUID,1771149540000,2067.4,2067.5,2067.4,2067.4,2.3021
HBAR-USD-PERP.HYPERLIQUID,1771149540000,0.10351,0.10351,0.10351,0.10351,149.0
HYPE-USD-PERP.HYPERLIQUID,1771149540000,31.127,31.13,31.127,31.129,7.29
LIT-USD-PERP.HYPERLIQUID,1771149540000,1.712,1.712,1.7095,1.7095,1231.0
ZEC-USD-PERP.HYPERLIQUID,1771149540000,310.67,310.8,310.34,310.34,337.01
ZORA-USD-PERP.HYPERLIQUID,1771149540000,0.021844,0.021844,0.021844,0.021844,1255.0
2Z-USD-PERP.HYPERLIQUID,1771149540000,0.080517,0.080517,0.080517,0.080517,471.0
HYPE-USD-PERP.HYPERLIQUID,1771149540000,31.127,31.13,31.127,31.13,7.66
NIL-USD-PERP.HYPERLIQUID,1771149540000,0.054796,0.054796,0.054796,0.054796,1685.0
VVV-USD-PERP.HYPERLIQUID,1771149540000,3.9241,3.9446,3.9241,3.9365,1818.6
ARK-USD-PERP.HYPERLIQUID,1771149540000,0.20127,0.20127,0.20127,0.20127,312.0
SOL-USD-PERP.HYPERLIQUID,1771149540000,89.949,89.949,89.932,89.943,146.99
ZEC-USD-PERP.HYPERLIQUID,1771149540000,310.67,310.8,310.31,310.32,343.36
DYDX-USD-PERP.HYPERLIQUID,1771149540000,0.11198,0.11198,0.11198,0.11198,154.4
XRP-USD-PERP.HYPERLIQUID,1771149540000,1.5904,1.5906,1.5897,1.5899,33763.0
IMX-USD-PERP.HYPERLIQUID,1771149540000,0.17442,0.17442,0.17442,0.17442,159.1
NIL-USD-PERP.HYPERLIQUID,1771149540000,0.054796,0.054797,0.054796,0.054797,3368.0
ZEC-USD-PERP.HYPERLIQUID,1771149540000,310.67,310.8,310.26,310.26,351.21
BTC-USD-PERP.HYPERLIQUID,1771149540000,70390.0,70394.0,70390.0,70393.0,1.78223
LINK-USD-PERP.HYPERLIQUID,1771149540000,9.1234,9.1234,9.12,9.12,98.8
VVV-USD-PERP.HYPERLIQUID,1771149540000,3.9241,3.9446,3.9241,3.9243,8443.57
LINEA-USD-PERP.HYPERLIQUID,1771149540000,0.003876,0.003876,0.003876,0.003876,24.0
REZ-USD-PERP.HYPERLIQUID,1771149540000,0.003089,0.003095,0.003089,0.003094,21912.0
kFLOKI-USD-PERP.HYPERLIQUID,1771149540000,0.033976,0.033976,0.033976,0.033976,4416.0
kPEPE-USD-PERP.HYPERLIQUID,1771149540000,0.004801,0.004801,0.004796,0.004796,498955.0
BTC-USD-PERP.HYPERLIQUID,1771149540000,70390.0,70394.0,70390.0,70393.0,1.78551
MORPHO-USD-PERP.HYPERLIQUID,1771149540000,1.4215,1.4215,1.4215,1.4215,26.5
RENDER-USD-PERP.HYPERLIQUID,1771149540000,1.4806,1.482,1.4806,1.482,21.5
BTC-USD-PERP.HYPERLIQUID,1771149540000,70390.0,70394.0,70390.0,70393.0,1.78851
HBAR-USD-PERP.HYPERLIQUID,1771149540000,0.10351,0.10351,0.10351,0.10351,301.0
MERL-USD-PERP.HYPERLIQUID,1771149540000,0.063916,0.063977,0.063916,0.063977,5772.0
DYDX-USD-PERP.HYPERLIQUID,1771149540000,0.11198,0.11198,0.11195,0.11195,308.8
HYPE-USD-PERP.HYPERLIQUID,1771149540000,31.127,31.132,31.127,31.132,9.69
PUMP-USD-PERP.HYPERLIQUID,1771149540000,0.002305,0.002305,0.002304,0.002305,62046.0
EIGEN-USD-PERP.HYPERLIQUID,1771149540000,0.2154,0.2154,0.2154,0.2154,75.09
GRASS-USD-PERP.HYPERLIQUID,1771149540000,0.22195,0.22195,0.22195,0.22195,73.1
MERL-USD-PERP.HYPERLIQUID,1771149540000,0.063916,0.063987,0.063916,0.063987,6967.0
ZEC-USD-PERP.HYPERLIQUID,1771149540000,310.67,310.8,309.98,309.98,355.4
ZEREBRO-USD-PERP.HYPERLIQUID,1771149540000,0.008891,0.008891,0.008891,0.008891,17062.0
SPX-USD-PERP.HYPERLIQUID,1771149540000,0.33205,0.33228,0.33205,0.33228,1165.6
BNB-USD-PERP.HYPERLIQUID,1771149540000,630.15,630.22,630.15,630.22,0.951
BTC-USD-PERP.HYPERLIQUID,1771149540000,70390.0,70394.0,70390.0,70394.0,1.79009
TAO-USD-PERP.HYPERLIQUID,1771149540000,189.45,189.45,189.45,189.45,0.095
XLM-USD-PERP.HYPERLIQUID,1771149540000,0.17755,0.17755,0.17755,0.17755,93.0
ZEC-USD-PERP.HYPERLIQUID,1771149540000,310.67,310.8,309.98,310.12,387.64
BNB-USD-PERP.HYPERLIQUID,1771149540000,630.15,630.22,630.15,630.22,1.079
BTC-USD-PERP.HYPERLIQUID,1771149540000,70390.0,70394.0,70390.0,70394.0,1.79109
FARTCOIN-USD-PERP.HYPERLIQUID,1771149540000,0.21173,0.21191,0.21173,0.21191,614.1
SPX-USD-PERP.HYPERLIQUID,1771149540000,0.33205,0.33229,0.33205,0.33229,1549.9
DYDX-USD-PERP.HYPERLIQUID,1771149540000,0.11198,0.11198,0.11183,0.11183,527.0
ZEC-USD-PERP.HYPERLIQUID,1771149540000,310.67,310.8,309.98,310.26,394.08
ADA-USD-PERP.HYPERLIQUID,1771149540000,0.29535,0.29535,0.29535,0.29535,54.0
MERL-USD-PERP.HYPERLIQUID,1771149540000,0.063916,0.063996,0.063916,0.063996,7883.0
PAXG-USD-PERP.HYPERLIQUID,1771149540000,5039.0,5039.0,5039.0,5039.0,0.004
XRP-USD-PERP.HYPERLIQUID,1771149540000,1.5904,1.5906,1.5892,1.5892,33771.0
ZEC-USD-PERP.HYPERLIQUID,1771149540000,310.67,310.8,309.98,310.26,396.57
kFLOKI-USD-PERP.HYPERLIQUID,1771149540000,0.033976,0.033976,0.033969,0.033969,8833.0
BTC-USD-PERP.HYPERLIQUID,1771149540000,70390.0,70394.0,70390.0,70393.0,1.79486
SEI-USD-PERP.HYPERLIQUID,1771149540000,0.077887,0.077887,0.077858,0.077858,772.0
XRP-USD-PERP.HYPERLIQUID,1771149540000,1.5904,1.5906,1.5892,1.5893,34018.0
HYPE-USD-PERP.HYPERLIQUID,1771149540000,31.127,31.132,31.127,31.132,10.06
LDO-USD-PERP.HYPERLIQUID,1771149540000,0.35591,0.35591,0.35579,0.35579,2023.1
VVV-USD-PERP.HYPERLIQUID,1771149540000,3.9241,3.9446,3.9241,3.9332,8443.58
ZEC-USD-PERP.HYPERLIQUID,1771149540000,310.67,310.8,309.98,310.26,410.72
AXS-USD-PERP.HYPERLIQUID,1771149540000,1.4351,1.4351,1.4351,1.4351,16.4
LDO-USD-PERP.HYPERLIQUID,1771149540000,0.35591,0.35591,0.35579,0.3559,2130.9
kBONK-USD-PERP.HYPERLIQUID,1771149540000,0.006965,0.006966,0.006965,0.006966,53834.0
BTC-USD-PERP.HYPERLIQUID,1771149540000,70390.0,70394.0,70390.0,70392.0,2.04586
ETH-USD-PERP.HYPERLIQUID,1771149540000,2067.4,2067.5,2067.4,2067.4,3.2865
HYPE-USD-PERP.HYPERLIQUID,1771149540000,31.127,31.132,31.127,31.132,10.43
RUNE-USD-PERP.HYPERLIQUID,1771149540000,0.4176,0.4176,0.41748,0.41748,1.4
SUI-USD-PERP.HYPERLIQUID,1771149540000,1.0225,1.0227,1.0225,1.0227,453.9
XMR-USD-PERP.HYPERLIQUID,1771149540000,349.58,349.58,349.51,349.51,2.012
BNB-USD-PERP.HYPERLIQUID,1771149540000,630.15,630.22,630.15,630.22,1.345
LINK-USD-PERP.HYPERLIQUID,1771149540000,9.1234,9.1234,9.12,9.1221,133.8
BTC-USD-PERP.HYPERLIQUID,1771149540000,70390.0,70394.0,70388.0,70388.0,3.46655
FARTCOIN-USD-PERP.HYPERLIQUID,1771149540000,0.21173,0.21191,0.21173,0.21191,723.9
HYPE-USD-PERP.HYPERLIQUID,1771149540000,31.127,31.132,31.127,31.131,12.7
IP-USD-PERP.HYPERLIQUID,1771149540000,1.1761,1.1761,1.1758,1.1758,59.8
ZEC-USD-PERP.HYPERLIQUID,1771149540000,310.67,310.8,309.98,310.21,410.85
DOOD-USD-PERP.HYPERLIQUID,1771149540000,0.003891,0.003891,0.003891,0.003891,4115.0
USTC-USD-PERP.HYPERLIQUID,1771149540000,0.005447,0.005447,0.005447,0.005447,3316.0
BTC-USD-PERP.HYPERLIQUID,1771149540000,70390.0,70394.0,70388.0,70388.0,3.71655
DOGE-USD-PERP.HYPERLIQUID,1771149540000,0.11456,0.11456,0.11449,0.11449,289.0
ETH-USD-PERP.HYPERLIQUID,1771149540000,2067.4,2067.5,2067.4,2067.5,3.2921
HYPE-USD-PERP.HYPERLIQUID,1771149540000,31.127,31.132,31.127,31.132,13.07
IMX-USD-PERP.HYPERLIQUID,1771149540000,0.17442,0.17442,0.17424,0.17424,260.6
POPCAT-USD-PERP.HYPERLIQUID,1771149540000,0.056853,0.056853,0.056853,0.056853,288.0
kFLOKI-USD-PERP.HYPERLIQUID,1771149540000,0.033976,0.033976,0.033969,0.033969,13250.0
HYPE-USD-PERP.HYPERLIQUID,1771149540000,31.127,31.132,31.127,31.131,14.68
SAND-USD-PERP.HYPERLIQUID,1771149540000,0.091532,0.091532,0.091532,0.091532,201.0
SKY-USD-PERP.HYPERLIQUID,1771149540000,0.06759,0.067661,0.06759,0.067661,2030.0
VVV-USD-PERP.HYPERLIQUID,1771149540000,3.9241,3.9446,3.9241,3.9361,8505.69
BTC-USD-PERP.HYPERLIQUID,1771149540000,70390.0,70394.0,70388.0,70389.0,3.71671
LIT-USD-PERP.HYPERLIQUID,1771149540000,1.712,1.712,1.7095,1.7107,1238.0
ONDO-USD-PERP.HYPERLIQUID,1771149540000,0.28777,0.28785,0.28777,0.28785,155.0
ZEC-USD-PERP.HYPERLIQUID,1771149540000,310.67,310.8,309.98,310.12,435.62
MERL-USD-PERP.HYPERLIQUID,1771149540000,0.063916,0.063996,0.063916,0.063986,18405.0
USTC-USD-PERP.HYPERLIQUID,1771149540000,0.005447,0.005447,0.005444,0.005444,6632.0
ZEC-USD-PERP.HYPERLIQUID,1771149540000,310.67,310.8,309.98,310.09,442.36
BTC-USD-PERP.HYPERLIQUID,1771149540000,70390.0,70394.0,70388.0,70388.0,3.96713
LINK-USD-PERP.HYPERLIQUID,1771149540000,9.1234,9.1234,9.12,9.1224,141.8
SOL-USD-PERP.HYPERLIQUID,1771149540000,89.949,89.949,89.932,89.942,157.91
ZEC-USD-PERP.HYPERLIQUID,1771149540000,310.67,310.8,309.98,310.12,444.19
BNB-USD-PERP.HYPERLIQUID,1771149540000,630.15,630.22,630.15,630.22,1.396
PAXG-USD-PERP.HYPERLIQUID,1771149540000,5039.0,5039.0,5038.9,5038.9,0.404
PEOPLE-USD-PERP.HYPERLIQUID,1771149540000,0.007309,0.007309,0.007298,0.007298,26509.0
TIA-USD-PERP.HYPERLIQUID,1771149540000,0.35504,0.35504,0.35502,0.35502,98.4
BTC-USD-PERP.HYPERLIQUID,1771149540000,70390.0,70394.0,70388.0,70389.0,3.96729
HYPE-USD-PERP.HYPERLIQUID,1771149540000,31.127,31.132,31.127,31.132,15.62
SOL-USD-PERP.HYPERLIQUID,1771149540000,89.949,89.949,89.932,89.943,158.03
kPEPE-USD-PERP.HYPERLIQUID,1771149540000,0.004801,0.004801,0.004795,0.004795,501534.0
SOL-USD-PERP.HYPERLIQUID,1771149540000,89.949,89.949,89.932,89.942,161.34
VVV-USD-PERP.HYPERLIQUID,1771149540000,3.9241,3.9446,3.9241,3.934,8718.3
kFLOKI-USD-PERP.HYPERLIQUID,1771149540000,0.033976,0.033976,0.033969,0.033969,17667.0
BTC-USD-PERP.HYPERLIQUID,1771149540000,70390.0,70394.0,70388.0,70389.0,3.96824
CFX-USD-PERP.HYPERLIQUID,1771149540000,0.056703,0.056703,0.056703,0.056703,285.0
SOL-USD-PERP.HYPERLIQUID,1771149540000,89.949,89.949,89.932,89.942,202.62
XRP-USD-PERP.HYPERLIQUID,1771149540000,1.5904,1.5906,1.5892,1.5894,34109.0
ZEC-USD-PERP.HYPERLIQUID,1771149540000,310.67,310.8,309.97,310.08,482.35
FIL-USD-PERP.HYPERLIQUID,1771149540000,1.0037,1.0037,1.0037,1.0037,16.0
PEOPLE-USD-PERP.HYPERLIQUID,1771149540000,0.007309,0.007309,0.007298,0.007298,26586.0
BTC-USD-PERP.HYPERLIQUID,1771149540000,70390.0,70394.0,70388.0,70388.0,4.21824
DOGE-USD-PERP.HYPERLIQUID,1771149540000,0.11456,0.11456,0.11448,0.11448,422.0
BTC-USD-PERP.HYPERLIQUID,1771149540000,70390.0,70394.0,70388.0,70389.0,4.23244
ONDO-USD-PERP.HYPERLIQUID,1771149540000,0.28777,0.28785,0.28777,0.28785,305.0
GOAT-USD-PERP.HYPERLIQUID,1771149540000,0.024913,0.024913,0.024913,0.024913,1279.0
MELANIA-USD-PERP.HYPERLIQUID,1771149540000,0.12428,0.12428,0.12428,0.12428,1242.7
MINA-USD-PERP.HYPERLIQUID,1771149540000,0.068184,0.068184,0.068184,0.068184,328.0
SOL-USD-PERP.HYPERLIQUID,1771149540000,89.949,89.949,89.932,89.943,212.4
ZEC-USD-PERP.HYPERLIQUID,1771149540000,310.67,310.8,309.97,310.18,487.99
ARB-USD-PERP.HYPERLIQUID,1771149540000,0.11907,0.11907,0.11907,0.11907,151.2
AXS-USD-PERP.HYPERLIQUID,1771149540000,1.4351,1.4351,1.4351,1.4351,37.4
IO-USD-PERP.HYPERLIQUID,1771149540000,0.11018,0.11037,0.11018,0.11037,310.9
XRP-USD-PERP.HYPERLIQUID,1771149540000,1.5904,1.5906,1.5892,1.5892,34179.0
ZEC-USD-PERP.HYPERLIQUID,1771149540000,310.67,310.8,309.97,310.18,489.6
LDO-USD-PERP.HYPERLIQUID,1771149540000,0.35591,0.35591,0.35579,0.3559,2241.6
SYRUP-USD-PERP.HYPERLIQUID,1771149540000,0.27575,0.27575,0.27575,0.27575,260.0
XRP-USD-PERP.HYPERLIQUID,1771149540000,1.5904,1.5906,1.5892,1.5892,35108.0
APEX-USD-PERP.HYPERLIQUID,1771149540000,0.36475,0.36575,0.36469,0.36575,842.0
BTC-USD-PERP.HYPERLIQUID,1771149540000,70390.0,70394.0,70388.0,70388.0,4.2332
LIT-USD-PERP.HYPERLIQUID,1771149540000,1.712,1.712,1.7095,1.7107,1257.0
VVV-USD-PERP.HYPERLIQUID,1771149540000,3.9241,3.9446,3.9241,3.9347,8739.44
ZEC-USD-PERP.HYPERLIQUID,1771149540000,310.67,310.8,309.97,310.18,491.21
BTC-USD-PERP.HYPERLIQUID,1771149540000,70390.0,70394.0,70388.0,70388.0,4.2342
SNX-USD-PERP.HYPERLIQUID,1771149540000,0.30665,0.30693,0.30599,0.30599,740.6
HYPE-USD-PERP.HYPERLIQUID,1771149540000,31.127,31.137,31.127,31.137,16.0
IMX-USD-PERP.HYPERLIQUID,1771149540000,0.17442,0.17442,0.17424,0.17424,453.3
SOL-USD-PERP.HYPERLIQUID,1771149540000,89.949,89.949,89.932,89.943,212.53
XRP-USD-PERP.HYPERLIQUID,1771149540000,1.5904,1.5906,1.5892,1.5892,35297.0
kFLOKI-USD-PERP.HYPERLIQUID,1771149540000,0.033976,0.033976,0.033969,0.033969,22084.0
ACE-USD-PERP.HYPERLIQUID,1771149540000,0.1797,0.1799,0.1797,0.1799,12008.72
DOGE-USD-PERP.HYPERLIQUID,1771149540000,0.11456,0.11456,0.11448,0.11448,19619.0
ICP-USD-PERP.HYPERLIQUID,1771149540000,2.5109,2.5122,2.5109,2.5122,22.4
ZEN-USD-PERP.HYPERLIQUID,1771149540000,6.5453,6.5453,6.5453,6.5453,3.73
BERA-USD-PERP.HYPERLIQUID,1771149600000,0.6664,0.6664,0.66621,0.66621,1156.2
HYPE-USD-PERP.HYPERLIQUID,1771149600000,31.137,31.137,31.137,31.137,0.37
MNT-USD-PERP.HYPERLIQUID,1771149600000,0.67262,0.67262,0.6726,0.6726,1332.4
ZEC-USD-PERP.HYPERLIQUID,1771149600000,310.03,310.03,310.03,310.03,0.06
FET-USD-PERP.HYPERLIQUID,1771149600000,0.17863,0.17863,0.17863,0.17863,104.0
ZEC-USD-PERP.HYPERLIQUID,1771149600000,310.03,310.15,310.03,310.15,2.42
AVAX-USD-PERP.HYPERLIQUID,1771149600000,9.5865,9.5865,9.5865,9.5865,24.21
AVNT-USD-PERP.HYPERLIQUID,1771149600000,0.20921,0.20921,0.20921,0.20921,86.0
BCH-USD-PERP.HYPERLIQUID,1771149600000,560.24,560.29,560.24,560.29,0.76
BTC-USD-PERP.HYPERLIQUID,1771149600000,70388.0,70389.0,70388.0,70388.0,1.51961
CC-USD-PERP.HYPERLIQUID,1771149600000,0.16054,0.16054,0.16054,0.16054,2193.0
ENA-USD-PERP.HYPERLIQUID,1771149600000,0.1274,0.1274,0.1274,0.1274,301.0
FARTCOIN-USD-PERP.HYPERLIQUID,1771149600000,0.21188,0.21188,0.21188,0.21188,2360.8
GALA-USD-PERP.HYPERLIQUID,1771149600000,0.0043,0.0043,0.0043,0.0043,4185.0
JUP-USD-PERP.HYPERLIQUID,1771149600000,0.16702,0.16702,0.16702,0.16702,1314.0
KAITO-USD-PERP.HYPERLIQUID,1771149600000,0.32642,0.32642,0.32642,0.32642,1532.0
LINK-USD-PERP.HYPERLIQUID,1771149600000,9.1212,9.1212,9.1212,9.1212,50.0
LTC-USD-PERP.HYPERLIQUID,1771149600000,56.168,56.169,56.168,56.169,66.62
MORPHO-USD-PERP.HYPERLIQUID,1771149600000,1.4218,1.4222,1.4218,1.4222,313.3
NEAR-USD-PERP.HYPERLIQUID,1771149600000,1.0784,1.0784,1.0784,1.0784,278.1
SAND-USD-PERP.HYPERLIQUID,1771149600000,0.091532,0.091532,0.091532,0.091532,169.0
SOL-USD-PERP.HYPERLIQUID,1771149600000,89.936,89.936,89.936,89.936,7.55
STX-USD-PERP.HYPERLIQUID,1771149600000,0.27508,0.27508,0.27508,0.27508,366.6
WLD-USD-PERP.HYPERLIQUID,1771149600000,0.42408,0.42408,0.42408,0.42408,3735.6
XRP-USD-PERP.HYPERLIQUID,1771149600000,1.5892,1.5892,1.5892,1.5892,6896.0
ZEC-USD-PERP.HYPERLIQUID,1771149600000,310.03,310.15,310.03,310.04,3.22
ETH-USD-PERP.HYPERLIQUID,1771149600000,2067.5,2067.5,2067.5,2067.5,0.0056
HYPE-USD-PERP.HYPERLIQUID,1771149600000,31.137,31.155,31.137,31.155,184.13
NXPC-USD-PERP.HYPERLIQUID,1771149600000,0.27977,0.27977,0.27977,0.27977,62.0
VVV-USD-PERP.HYPERLIQUID,1771149600000,3.9342,3.9342,3.9342,3.9342,63.88
ZEC-USD-PERP.HYPERLIQUID,1771149600000,310.03,310.15,310.03,310.03,3.7
HYPE-USD-PERP.HYPERLIQUID,1771149600000,31.137,31.156,31.137,31.156,184.47
MERL-USD-PERP.HYPERLIQUID,1771149600000,0.064055,0.064055,0.064055,0.064055,974.0
OM-USD-PERP.HYPERLIQUID,1771149600000,0.06168,0.06168,0.06168,0.06168,275.7
kLUNC-USD-PERP.HYPERLIQUID,1771149600000,0.036318,0.036318,0.036318,0.036318,4802.0
SAND-USD-PERP.HYPERLIQUID,1771149600000,0.091532,0.091588,0.091532,0.091588,4014.0
TST-USD-PERP.HYPERLIQUID,1771149600000,0.011717,0.011717,0.011717,0.011717,1608.0
ZEC-USD-PERP.HYPERLIQUID,1771149600000,310.03,310.15,310.03,310.03,9.05
0G-USD-PERP.HYPERLIQUID,1771149600000,0.69409,0.69409,0.69409,0.69409,33.0
BTC-USD-PERP.HYPERLIQUID,1771149600000,70388.0,70389.0,70388.0,70389.0,1.63489
HYPE-USD-PERP.HYPERLIQUID,1771149600000,31.137,31.156,31.137,31.147,184.81
ICP-USD-PERP.HYPERLIQUID,1771149600000,2.5119,2.5119,2.5119,2.5119,493.8
LINK-USD-PERP.HYPERLIQUID,1771149600000,9.1212,9.1212,9.1209,9.1209,146.4
SAND-USD-PERP.HYPERLIQUID,1771149600000,0.091532,0.091588,0.091532,0.091541,11704.0
TAO-USD-PERP.HYPERLIQUID,1771149600000,189.45,189.45,189.44,189.44,10.75
VVV-USD-PERP.HYPERLIQUID,1771149600000,3.9342,3.9365,3.9342,3.9365,133.71
kPEPE-USD-PERP.HYPERLIQUID,1771149600000,0.004796,0.004796,0.004796,0.004796,249715.0
FTT-USD-PERP.HYPERLIQUID,1771149600000,0.35675,0.35675,0.35675,0.35675,1.3
ICP-USD-PERP.HYPERLIQUID,1771149600000,2.5119,2.5119,2.5115,2.5115,774.1
LDO-USD-PERP.HYPERLIQUID,1771149600000,0.35579,0.35579,0.35579,0.35579,53.2
VVV-USD-PERP.HYPERLIQUID,1771149600000,3.9342,3.9373,3.9342,3.9373,328.24
WIF-USD-PERP.HYPERLIQUID,1771149600000,0.24464,0.24464,0.24463,0.24463,1921.0
kLUNC-USD-PERP.HYPERLIQUID,1771149600000,0.036318,0.036323,0.036318,0.036323,8746.0
BTC-USD-PERP.HYPERLIQUID,1771149600000,70388.0,70389.0,70388.0,70389.0,1.63578
LIT-USD-PERP.HYPERLIQUID,1771149600000,1.7107,1.7107,1.7107,1.7107,10.0
USTC-USD-PERP.HYPERLIQUID,1771149600000,0.005429,0.005429,0.005429,0.005429,9.0
ZEC-USD-PERP.HYPERLIQUID,1771149600000,310.03,310.3,310.01,310.3,224.88
AXS-USD-PERP.HYPERLIQUID,1771149600000,1.4342,1.4342,1.4342,1.4342,12.9
BERA-USD-PERP.HYPERLIQUID,1771149600000,0.6664,0.66692,0.66621,0.66692,5733.2
BNB-USD-PERP.HYPERLIQUID,1771149600000,630.28,630.28,630.28,630.28,0.732
BTC-USD-PERP.HYPERLIQUID,1771149600000,70388.0,70389.0,70388.0,70389.0,1.71092
DOT-USD-PERP.HYPERLIQUID,1771149600000,1.4137,1.4137,1.4137,1.4137,18.1
IO-USD-PERP.HYPERLIQUID,1771149600000,0.11037,0.11037,0.11037,0.11037,398.7
PENGU-USD-PERP.HYPERLIQUID,1771149600000,0.007607,0.007607,0.007607,0.007607,2758.0
SOL-USD-PERP.HYPERLIQUID,1771149600000,89.936,89.943,89.936,89.943,9.21
STX-USD-PERP.HYPERLIQUID,1771149600000,0.27508,0.27508,0.27498,0.27498,488.3
TRX-USD-PERP.HYPERLIQUID,1771149600000,0.281,0.281,0.281,0.281,727.0
VVV-USD-PERP.HYPERLIQUID,1771149600000,3.9342,3.9373,3.9342,3.9373,391.88
XRP-USD-PERP.HYPERLIQUID,1771149600000,1.5892,1.5893,1.5892,1.5893,6926.0
BABY-USD-PERP.HYPERLIQUID,1771149600000,0.014021,0.014021,0.014021,0.014021,32.0
BCH-USD-PERP.HYPERLIQUID,1771149600000,560.24,560.29,560.24,560.29,4.618
BTC-USD-PERP.HYPERLIQUID,1771149600000,70388.0,70389.0,70388.0,70388.0,1.71192
ETH-USD-PERP.HYPERLIQUID,1771149600000,2067.5,2067.5,2067.5,2067.5,0.014
SOL-USD-PERP.HYPERLIQUID,1771149600000,89.936,89.943,89.936,89.943,75.32
VVV-USD-PERP.HYPERLIQUID,1771149600000,3.9342,3.9394,3.9342,3.9394,448.36
ZEC-USD-PERP.HYPERLIQUID,1771149600000,310.03,310.3,310.01,310.15,225.21
ARB-USD-PERP.HYPERLIQUID,1771149600000,0.119,0.119,0.119,0.119,112.8
BTC-USD-PERP.HYPERLIQUID,1771149600000,70388.0,70389.0,70388.0,70389.0,1.71314
DOGE-USD-PERP.HYPERLIQUID,1771149600000,0.11443,0.11443,0.11443,0.11443,12126.0
HYPE-USD-PERP.HYPERLIQUID,1771149600000,31.137,31.156,31.137,31.143,186.36
SOL-USD-PERP.HYPERLIQUID,1771149600000,89.936,89.943,89.931,89.931,78.3
STX-USD-PERP.HYPERLIQUID,1771149600000,0.27508,0.27508,0.27498,0.27498,655.2
SUI-USD-PERP.HYPERLIQUID,1771149600000,1.0225,1.0225,1.0225,1.0225,25.1
TRX-USD-PERP.HYPERLIQUID,1771149600000,0.281,0.281,0.281,0.281,800.0
ZEC-USD-PERP.HYPERLIQUID,1771149600000,310.03,310.3,310.01,310.14,227.32
ZRO-USD-PERP.HYPERLIQUID,1771149600000,1.8737,1.8737,1.8737,1.8737,51.5
ASTER-USD-PERP.HYPERLIQUID,1771149600000,0.73615,0.73615,0.73615,0.73615,834.0
AVAX-USD-PERP.HYPERLIQUID,1771149600000,9.5865,9.5865,9.5842,9.5842,29.21
BNB-USD-PERP.HYPERLIQUID,1771149600000,630.28,630.28,630.25,630.25,1.48
BTC-USD-PERP.HYPERLIQUID,1771149600000,70388.0,70389.0,70385.0,70385.0,1.7351
DOGE-USD-PERP.HYPERLIQUID,1771149600000,0.11443,0.11443,0.11443,0.11443,17909.0
GOAT-USD-PERP.HYPERLIQUID,1771149600000,0.024922,0.024922,0.024922,0.024922,732.0
HYPE-USD-PERP.HYPERLIQUID,1771149600000,31.137,31.156,31.137,31.143,200.2
LIT-USD-PERP.HYPERLIQUID,1771149600000,1.7107,1.7108,1.7107,1.7108,86.0
PUMP-USD-PERP.HYPERLIQUID,1771149600000,0.002304,0.002304,0.002304,0.002304,8215.0
SOL-USD-PERP.HYPERLIQUID,1771149600000,89.936,89.943,89.929,89.929,88.47
SUI-USD-PERP.HYPERLIQUID,1771149600000,1.0225,1.0225,1.0225,1.0225,70.2
TRX-USD-PERP.HYPERLIQUID,1771149600000,0.281,0.281,0.281,0.281,883.0
VVV-USD-PERP.HYPERLIQUID,1771149600000,3.9342,3.9399,3.9342,3.9399,460.94
XMR-USD-PERP.HYPERLIQUID,1771149600000,349.47,349.47,349.47,349.47,0.076
ZEC-USD-PERP.HYPERLIQUID,1771149600000,310.03,310.3,310.01,310.14,227.45
kPEPE-USD-PERP.HYPERLIQUID,1771149600000,0.004796,0.004796,0.004795,0.004796,772052.0
kSHIB-USD-PERP.HYPERLIQUID,1771149600000,0.006851,0.006851,0.006851,0.006851,62134.0
BNB-USD-PERP.HYPERLIQUID,1771149600000,630.28,630.28,630.21,630.21,1.794
BTC-USD-PERP.HYPERLIQUID,1771149600000,70388.0,70389.0,70384.0,70384.0,1.73532
CRV-USD-PERP.HYPERLIQUID,1771149600000,0.25975,0.25975,0.25975,0.25975,715.7
DOT-USD-PERP.HYPERLIQUID,1771149600000,1.4137,1.4137,1.4129,1.4137,490.4
ETH-USD-PERP.HYPERLIQUID,1771149600000,2067.5,2067.5,2067.3,2067.3,0.181
KAITO-USD-PERP.HYPERLIQUID,1771149600000,0.32642,0.32642,0.32622,0.32622,1564.0
LINK-USD-PERP.HYPERLIQUID,1771149600000,9.1212,9.1212,9.1204,9.1204,225.3
MET-USD-PERP.HYPERLIQUID,1771149600000,0.23076,0.23076,0.23076,0.23076,820.0
PENDLE-USD-PERP.HYPERLIQUID,1771149600000,1.3,1.3,1.3,1.3,69.0
TRX-USD-PERP.HYPERLIQUID,1771149600000,0.281,0.281,0.28095,0.28095,13649.0
UNI-USD-PERP.HYPERLIQUID,1771149600000,3.5923,3.5923,3.5923,3.5923,195.9
VVV-USD-PERP.HYPERLIQUID,1771149600000,3.9342,3.9421,3.9342,3.9421,632.17
XRP-USD-PERP.HYPERLIQUID,1771149600000,1.5892,1.5893,1.5888,1.5888,9320.0
ZEC-USD-PERP.HYPERLIQUID,1771149600000,310.03,310.3,310.01,310.21,227.51
BNB-USD-PERP.HYPERLIQUID,1771149600000,630.28,630.28,630.17,630.17,3.18
BTC-USD-PERP.HYPERLIQUID,1771149600000,70388.0,70389.0,70380.0,70380.0,1.73667
COMP-USD-PERP.HYPERLIQUID,1771149600000,23.179,23.179,23.179,23.179,16.84
FET-USD-PERP.HYPERLIQUID,1771149600000,0.17863,0.17863,0.17852,0.17852,229.0
KAS-USD-PERP.HYPERLIQUID,1771149600000,0.033256,0.033256,0.033256,0.033256,349.0
PENDLE-USD-PERP.HYPERLIQUID,1771149600000,1.3,1.3,1.3,1.3,135.0
VVV-USD-PERP.HYPERLIQUID,1771149600000,3.9342,3.9421,3.9342,3.9413,803.4
XLM-USD-PERP.HYPERLIQUID,1771149600000,0.17754,0.17754,0.17754,0.17754,482.0
XRP-USD-PERP.HYPERLIQUID,1771149600000,1.5892,1.5893,1.5888,1.5889,9327.0
ZEC-USD-PERP.HYPERLIQUID,1771149600000,310.03,310.3,310.01,310.24,230.61
ADA-USD-PERP.HYPERLIQUID,1771149600000,0.29523,0.29523,0.29523,0.29523,4912.0
SOL-USD-PERP.HYPERLIQUID,1771149600000,89.936,89.943,89.928,89.928,99.95
TST-USD-PERP.HYPERLIQUID,1771149600000,0.011717,0.011717,0.011683,0.011683,4942.0
VVV-USD-PERP.HYPERLIQUID,1771149600000,3.9342,3.9421,3.9342,3.9421,1139.23
ETH-USD-PERP.HYPERLIQUID,1771149600000,2067.5,2067.5,2067.3,2067.3,0.442
ONDO-USD-PERP.HYPERLIQUID,1771149600000,0.2877,0.2877,0.2877,0.2877,84.0
VVV-USD-PERP.HYPERLIQUID,1771149600000,3.9342,3.944,3.9342,3.944,1599.59
XRP-USD-PERP.HYPERLIQUID,1771149600000,1.5892,1.5893,1.5888,1.5888,9366.0
ZEC-USD-PERP.HYPERLIQUID,1771149600000,310.03,310.3,310.01,310.28,231.04
kNEIRO-USD-PERP.HYPERLIQUID,1771149600000,0.08051,0.08051,0.08051,0.08051,406.5
kPEPE-USD-PERP.HYPERLIQUID,1771149600000,0.004796,0.004796,0.004794,0.004794,897275.0
BTC-USD-PERP.HYPERLIQUID,1771149600000,70388.0,70389.0,70380.0,70380.0,1.75924
DOGE-USD-PERP.HYPERLIQUID,1771149600000,0.11443,0.11443,0.11442,0.11442,18345.0
HYPE-USD-PERP.HYPERLIQUID,1771149600000,31.137,31.156,31.137,31.147,208.73
LDO-USD-PERP.HYPERLIQUID,1771149600000,0.35579,0.35579,0.35573,0.35573,102.1
MNT-USD-PERP.HYPERLIQUID,1771149600000,0.67262,0.67262,0.67211,0.67211,1958.7
VVV-USD-PERP.HYPERLIQUID,1771149600000,3.9342,3.944,3.9342,3.944,2145.26
WIF-USD-PERP.HYPERLIQUID,1771149600000,0.24464,0.24471,0.24463,0.24471,2991.0
ADA-USD-PERP.HYPERLIQUID,1771149600000,0.29523,0.29523,0.29518,0.29518,7386.0
BTC-USD-PERP.HYPERLIQUID,1771149600000,70388.0,70389.0,70380.0,70380.0,1.76514
DOGE-USD-PERP.HYPERLIQUID,1771149600000,0.11443,0.11443,0.11441,0.11441,36076.0
ETH-USD-PERP.HYPERLIQUID,1771149600000,2067.5,2067.5,2067.2,2067.2,1.2783
FARTCOIN-USD-PERP.HYPERLIQUID,1771149600000,0.21188,0.21188,0.21187,0.21187,2834.5
LINK-USD-PERP.HYPERLIQUID,1771149600000,9.1212,9.1212,9.12,9.12,247.2
LIT-USD-PERP.HYPERLIQUID,1771149600000,1.7107,1.7108,1.71,1.71,583.0
SUI-USD-PERP.HYPERLIQUID,1771149600000,1.0225,1.0225,1.0224,1.0224,574.7
VVV-USD-PERP.HYPERLIQUID,1771149600000,3.9342,3.944,3.9342,3.9376,2148.37
ZEC-USD-PERP.HYPERLIQUID,1771149600000,310.03,310.3,310.01,310.23,232.85
kPEPE-USD-PERP.HYPERLIQUID,1771149600000,0.004796,0.004796,0.004793,0.004793,1010681.0
ADA-USD-PERP.HYPERLIQUID,1771149600000,0.29523,0.29523,0.29518,0.29518,7560.0
ALT-USD-PERP.HYPERLIQUID,1771149600000,0.008914,0.008914,0.008914,0.008914,4136.0
DOGE-USD-PERP.HYPERLIQUID,1771149600000,0.11443,0.11443,0.1144,0.1144,36173.0
SUI-USD-PERP.HYPERLIQUID,1771149600000,1.0225,1.0225,1.0222,1.0222,605.9
UNI-USD-PERP.HYPERLIQUID,1771149600000,3.5923,3.5923,3.5918,3.5918,391.8
ZEC-USD-PERP.HYPERLIQUID,1771149600000,310.03,310.3,310.01,310.24,233.28
BOME-USD-PERP.HYPERLIQUID,1771149600000,0.000454,0.000454,0.000454,0.000454,26.0
BTC-USD-PERP.HYPERLIQUID,1771149600000,70388.0,70389.0,70379.0,70379.0,1.97969
HYPE-USD-PERP.HYPERLIQUID,1771149600000,31.137,31.156,31.137,31.144,209.1
IMX-USD-PERP.HYPERLIQUID,1771149600000,0.17426,0.17426,0.17426,0.17426,66.4
TRX-USD-PERP.HYPERLIQUID,1771149600000,0.281,0.281,0.28087,0.28087,14005.0
ZRO-USD-PERP.HYPERLIQUID,1771149600000,1.8737,1.8737,1.8737,1.8737,67.5
ALGO-USD-PERP.HYPERLIQUID,1771149600000,0.098768,0.098768,0.098768,0.098768,203.0
BTC-USD-PERP.HYPERLIQUID,1771149600000,70388.0,70389.0,70379.0,70379.0,1.97989
COMP-USD-PERP.HYPERLIQUID,1771149600000,23.179,23.179,23.074,23.074,17.29
DOGE-USD-PERP.HYPERLIQUID,1771149600000,0.11443,0.11443,0.11438,0.11438,36862.0
DOT-USD-PERP.HYPERLIQUID,1771149600000,1.4137,1.4137,1.4129,1.4137,584.7
ETH-USD-PERP.HYPERLIQUID,1771149600000,2067.5,2067.5,2067.1,2067.1,1.4022
FET-USD-PERP.HYPERLIQUID,1771149600000,0.17863,0.17863,0.17852,0.17852,312.0
HYPE-USD-PERP.HYPERLIQUID,1771149600000,31.137,31.156,31.137,31.146,225.15
LINEA-USD-PERP.HYPERLIQUID,1771149600000,0.003871,0.003871,0.003871,0.003871,20000.0
NEAR-USD-PERP.HYPERLIQUID,1771149600000,1.0784,1.0785,1.0784,1.0785,300.5
OP-USD-PERP.HYPERLIQUID,1771149600000,0.19497,0.19497,0.19497,0.19497,90.3
SAND-USD-PERP.HYPERLIQUID,1771149600000,0.091532,0.091588,0.091532,0.091583,11871.0
SOL-USD-PERP.HYPERLIQUID,1771149600000,89.936,89.943,89.928,89.929,100.15
TRUMP-USD-PERP.HYPERLIQUID,1771149600000,3.5209,3.5209,3.5209,3.5209,78.5
VVV-USD-PERP.HYPERLIQUID,1771149600000,3.9342,3.944,3.9342,3.9397,3070.6
ZEC-USD-PERP.HYPERLIQUID,1771149600000,310.03,310.3,310.01,310.29,245.24
BTC-USD-PERP.HYPERLIQUID,1771149600000,70388.0,70389.0,70376.0,70376.0,1.98103
XLM-USD-PERP.HYPERLIQUID,1771149600000,0.17754,0.17758,0.17754,0.17758,1331.0
ZEC-USD-PERP.HYPERLIQUID,1771149600000,310.03,310.32,310.01,310.32,251.46
BSV-USD-PERP.HYPERLIQUID,1771149600000,17.778,17.778,17.778,17.778,17.09
GOAT-USD-PERP.HYPERLIQUID,1771149600000,0.024922,0.024922,0.024922,0.024922,1469.0
ICP-USD-PERP.HYPERLIQUID,1771149600000,2.5119,2.5119,2.5106,2.5106,781.5
INJ-USD-PERP.HYPERLIQUID,1771149600000,3.2433,3.2433,3.2433,3.2433,5.5
TON-USD-PERP.HYPERLIQUID,1771149600000,1.4802,1.4802,1.4802,1.4802,11.7
VVV-USD-PERP.HYPERLIQUID,1771149600000,3.9342,3.9446,3.9342,3.9446,3204.23
W-USD-PERP.HYPERLIQUID,1771149600000,0.02103,0.02103,0.02103,0.02103,945.8
BTC-USD-PERP.HYPERLIQUID,1771149600000,70388.0,70389.0,70376.0,70376.0,1.98431
SOL-USD-PERP.HYPERLIQUID,1771149600000,89.936,89.943,89.928,89.928,101.43
SPX-USD-PERP.HYPERLIQUID,1771149600000,0.33161,0.33161,0.33161,0.33161,610.0
ASTER-USD-PERP.HYPERLIQUID,1771149600000,0.73615,0.73615,0.73597,0.73597,917.0
COMP-USD-PERP.HYPERLIQUID,1771149600000,23.179,23.179,23.074,23.096,17.74
POLYX-USD-PERP.HYPERLIQUID,1771149600000,0.046579,0.046579,0.046579,0.046579,350.0
SUI-USD-PERP.HYPERLIQUID,1771149600000,1.0225,1.0225,1.0222,1.0222,637.1
UNI-USD-PERP.HYPERLIQUID,1771149600000,3.5923,3.5923,3.5918,3.5918,438.0
VVV-USD-PERP.HYPERLIQUID,1771149600000,3.9342,3.9446,3.9342,3.9436,3339.61
W-USD-PERP.HYPERLIQUID,1771149600000,0.02103,0.02103,0.02101,0.02101,2308.3
0G-USD-PERP.HYPERLIQUID,1771149600000,0.69409,0.69409,0.69283,0.69283,63.0
2Z-USD-PERP.HYPERLIQUID,1771149600000,0.080474,0.080474,0.080474,0.080474,276.0
AXS-USD-PERP.HYPERLIQUID,1771149600000,1.4342,1.4348,1.4342,1.4348,24.5
BSV-USD-PERP.HYPERLIQUID,1771149600000,17.778,17.778,17.768,17.768,34.08
DOGE-USD-PERP.HYPERLIQUID,1771149600000,0.11443,0.11443,0.11436,0.11436,37481.0
GALA-USD-PERP.HYPERLIQUID,1771149600000,0.0043,0.0043,0.0043,0.0043,7701.0
HYPE-USD-PERP.HYPERLIQUID,1771149600000,31.137,31.156,31.137,31.144,227.18
STBL-USD-PERP.HYPERLIQUID,1771149600000,0.039632,0.039632,0.039632,0.039632,499.0
TRUMP-USD-PERP.HYPERLIQUID,1771149600000,3.5209,3.5219,3.5209,3.5219,82.0
VVV-USD-PERP.HYPERLIQUID,1771149600000,3.9342,3.9458,3.9342,3.9458,3356.99
ZEC-USD-PERP.HYPERLIQUID,1771149600000,310.03,310.34,310.01,310.34,253.95
AAVE-USD-PERP.HYPERLIQUID,1771149600000,129.19,129.19,129.19,129.19,9.3
MNT-USD-PERP.HYPERLIQUID,1771149600000,0.67262,0.67262,0.67211,0.6723,2590.0
TRX-USD-PERP.HYPERLIQUID,1771149600000,0.281,0.281,0.28087,0.28088,14121.0
VVV-USD-PERP.HYPERLIQUID,1771149600000,3.9342,3.9552,3.9342,3.9552,4125.33
WIF-USD-PERP.HYPERLIQUID,1771149600000,0.24464,0.24471,0.24463,0.24463,3073.0
XMR-USD-PERP.HYPERLIQUID,1771149600000,349.47,349.47,349.47,349.47,0.108
kPEPE-USD-PERP.HYPERLIQUID,1771149600000,0.004796,0.004796,0.004793,0.004794,1125134.0
AR-USD-PERP.HYPERLIQUID,1771149600000,2.0733,2.0733,2.0733,2.0733,7.27
AZTEC-USD-PERP.HYPERLIQUID,1771149600000,0.023597,0.023598,0.023597,0.023598,978.0
CRV-USD-PERP.HYPERLIQUID,1771149600000,0.25975,0.25975,0.25974,0.25974,755.0
DOGE-USD-PERP.HYPERLIQUID,1771149600000,0.11443,0.11443,0.11436,0.11436,55080.0
ZEC-USD-PERP.HYPERLIQUID,1771149600000,310.03,310.38,310.01,310.38,256.43
DOGE-USD-PERP.HYPERLIQUID,1771149600000,0.11443,0.11443,0.11436,0.11436,64682.0
ETH-USD-PERP.HYPERLIQUID,1771149600000,2067.5,2067.5,2066.7,2066.7,1.6676
MNT-USD-PERP.HYPERLIQUID,1771149600000,0.67262,0.67262,0.67211,0.67238,2903.2
NEAR-USD-PERP.HYPERLIQUID,1771149600000,1.0784,1.0785,1.0784,1.0785,323.3
ONDO-USD-PERP.HYPERLIQUID,1771149600000,0.2877,0.2877,0.28766,0.28766,132.0
PUMP-USD-PERP.HYPERLIQUID,1771149600000,0.002304,0.002304,0.002303,0.002303,22901.0
TRX-USD-PERP.HYPERLIQUID,1771149600000,0.281,0.281,0.28087,0.28088,14618.0
WIF-USD-PERP.HYPERLIQUID,1771149600000,0.24464,0.24471,0.24463,0.24464,3189.0
ZEC-USD-PERP.HYPERLIQUID,1771149600000,310.03,310.38,310.01,310.35,256.48
0G-USD-PERP.HYPERLIQUID,1771149600000,0.69409,0.69409,0.69283,0.69285,112.0
FARTCOIN-USD-PERP.HYPERLIQUID,1771149600000,0.21188,0.2119,0.21181,0.2119,2968.9
HYPE-USD-PERP.HYPERLIQUID,1771149600000,31.137,31.156,31.137,31.143,229.08
VVV-USD-PERP.HYPERLIQUID,1771149600000,3.9342,3.9552,3.9342,3.953,4297.48
ZEC-USD-PERP.HYPERLIQUID,1771149600000,310.03,310.38,310.01,310.3,269.12
BTC-USD-PERP.HYPERLIQUID,1771149600000,70388.0,70389.0,70376.0,70377.0,1.98469
FET-USD-PERP.HYPERLIQUID,1771149600000,0.17863,0.17863,0.17852,0.17852,586.0
USTC-USD-PERP.HYPERLIQUID,1771149600000,0.005429,0.005429,0.005425,0.005425,19.0
WLD-USD-PERP.HYPERLIQUID,1771149600000,0.42408,0.42408,0.42399,0.42399,3764.3
ZEC-USD-PERP.HYPERLIQUID,1771149600000,310.03,310.38,310.01,310.29,269.28
0G-USD-PERP.HYPERLIQUID,1771149600000,0.69409,0.69409,0.69283,0.69396,144.0
AZTEC-USD-PERP.HYPERLIQUID,1771149600000,0.023597,0.023652,0.023597,0.023652,2001.0
BERA-USD-PERP.HYPERLIQUID,1771149600000,0.6664,0.66692,0.66621,0.66647,5808.1
DOGE-USD-PERP.HYPERLIQUID,1771149600000,0.11443,0.11443,0.11436,0.11436,64683.0
LINEA-USD-PERP.HYPERLIQUID,1771149600000,0.003871,0.003871,0.003871,0.003871,20024.0
SAND-USD-PERP.HYPERLIQUID,1771149600000,0.091532,0.091588,0.091532,0.091583,12317.0
VVV-USD-PERP.HYPERLIQUID,1771149600000,3.9342,3.9552,3.9342,3.9444,4353.96
ZEC-USD-PERP.HYPERLIQUID,1771149600000,310.03,310.38,310.01,310.11,269.43
ALGO-USD-PERP.HYPERLIQUID,1771149600000,0.098768,0.098768,0.098768,0.098768,347.0
BTC-USD-PERP.HYPERLIQUID,1771149600000,70388.0,70389.0,70376.0,70376.0,2.23469
PAXG-USD-PERP.HYPERLIQUID,1771149600000,5038.5,5038.5,5038.5,5038.5,0.002
RESOLV-USD-PERP.HYPERLIQUID,1771149600000,0.062038,0.062038,0.062038,0.062038,318.0
XRP-USD-PERP.HYPERLIQUID,1771149600000,1.5892,1.5893,1.5881,1.5881,9373.0
BTC-USD-PERP.HYPERLIQUID,1771149600000,70388.0,70389.0,70376.0,70376.0,2.77507
DOT-USD-PERP.HYPERLIQUID,1771149600000,1.4137,1.4137,1.4129,1.4137,609.3
HYPE-USD-PERP.HYPERLIQUID,1771149600000,31.137,31.156,31.137,31.143,229.45
VVV-USD-PERP.HYPERLIQUID,1771149600000,3.9342,3.9552,3.9342,3.9452,4421.9
XRP-USD-PERP.HYPERLIQUID,1771149600000,1.5892,1.5893,1.5879,1.5879,9500.0
BTC-USD-PERP.HYPERLIQUID,1771149600000,70388.0,70389.0,70376.0,70376.0,2.77637
VVV-USD-PERP.HYPERLIQUID,1771149600000,3.9342,3.9552,3.9342,3.9444,4424.68
XRP-USD-PERP.HYPERLIQUID,1771149600000,1.5892,1.5893,1.5877,1.5877,10613.0
AVAX-USD-PERP.HYPERLIQUID,1771149600000,9.5865,9.5865,9.5842,9.5842,49.21
BTC-USD-PERP.HYPERLIQUID,1771149600000,70388.0,70389.0,70375.0,70375.0,3.02637
CAKE-USD-PERP.HYPERLIQUID,1771149600000,1.3472,1.3472,1.3472,1.3472,21.6
HYPE-USD-PERP.HYPERLIQUID,1771149600000,31.137,31.156,31.137,31.141,229.82
MON-USD-PERP.HYPERLIQUID,1771149600000,0.023538,0.023538,0.023538,0.023538,8864.0
VVV-USD-PERP.HYPERLIQUID,1771149600000,3.9342,3.9552,3.9342,3.9434,4490.39
XMR-USD-PERP.HYPERLIQUID,1771149600000,349.47,349.93,349.47,349.93,1.114
XRP-USD-PERP.HYPERLIQUID,1771149600000,1.5892,1.5893,1.5875,1.5875,11217.0
ARB-USD-PERP.HYPERLIQUID,1771149600000,0.119,0.119,0.11886,0.11886,267.6
AZTEC-USD-PERP.HYPERLIQUID,1771149600000,0.023597,0.023692,0.023597,0.023692,68498.0
ETH-USD-PERP.HYPERLIQUID,1771149600000,2067.5,2067.5,2066.7,2066.8,2.6676
NEAR-USD-PERP.HYPERLIQUID,1771149600000,1.0784,1.0785,1.0784,1.0785,360.9
SOL-USD-PERP.HYPERLIQUID,1771149600000,89.936,89.943,89.907,89.907,101.77
STX-USD-PERP.HYPERLIQUID,1771149600000,0.27508,0.27508,0.27488,0.27488,895.7
SUSHI-USD-PERP.HYPERLIQUID,1771149600000,0.21622,0.21622,0.21622,0.21622,1198.5
WIF-USD-PERP.HYPERLIQUID,1771149600000,0.24464,0.24471,0.24463,0.24463,4626.0
XRP-USD-PERP.HYPERLIQUID,1771149600000,1.5892,1.5893,1.5871,1.5873,59489.0
kBONK-USD-PERP.HYPERLIQUID,1771149600000,0.00696,0.00696,0.00696,0.00696,3130.0
CAKE-USD-PERP.HYPERLIQUID,1771149600000,1.3472,1.3472,1.3472,1.3472,78.6
FARTCOIN-USD-PERP.HYPERLIQUID,1771149600000,0.21188,0.2119,0.21181,0.21181,3078.9
FET-USD-PERP.HYPERLIQUID,1771149600000,0.17863,0.17863,0.17851,0.17851,686.0
HYPE-USD-PERP.HYPERLIQUID,1771149600000,31.137,31.156,31.137,31.14,230.85
WLFI-USD-PERP.HYPERLIQUID,1771149600000,0.10694,0.10694,0.10694,0.10694,172.0
ZEC-USD-PERP.HYPERLIQUID,1771149600000,310.03,310.38,310.0,310.0,271.43
ZK-USD-PERP.HYPERLIQUID,1771149600000,0.022524,0.022524,0.022524,0.022524,797.0
AVAX-USD-PERP.HYPERLIQUID,1771149600000,9.5865,9.5865,9.5807,9.5807,99.86
BTC-USD-PERP.HYPERLIQUID,1771149600000,70388.0,70389.0,70374.0,70374.0,3.14317
DOGE-USD-PERP.HYPERLIQUID,1771149600000,0.11443,0.11443,0.11433,0.11433,65850.0
DOT-USD-PERP.HYPERLIQUID,1771149600000,1.4137,1.4137,1.4129,1.4136,657.8
LTC-USD-PERP.HYPERLIQUID,1771149600000,56.168,56.169,56.141,56.141,78.76
MEME-USD-PERP.HYPERLIQUID,1771149600000,0.000755,0.000755,0.000755,0.000755,47109.0
NEAR-USD-PERP.HYPERLIQUID,1771149600000,1.0784,1.0785,1.0784,1.0785,410.2
SOL-USD-PERP.HYPERLIQUID,1771149600000,89.936,89.943,89.888,89.888,102.84
STX-USD-PERP.HYPERLIQUID,1771149600000,0.27508,0.27508,0.27487,0.27487,1396.8
DOGE-USD-PERP.HYPERLIQUID,1771149600000,0.11443,0.11443,0.11431,0.11431,65853.0
ETH-USD-PERP.HYPERLIQUID,1771149600000,2067.5,2067.5,2066.6,2066.6,2.6732
HYPE-USD-PERP.HYPERLIQUID,1771149600000,31.137,31.156,31.137,31.14,231.22
AXS-USD-PERP.HYPERLIQUID,1771149600000,1.4342,1.4348,1.4339,1.4339,37.9
BTC-USD-PERP.HYPERLIQUID,1771149600000,70388.0,70389.0,70374.0,70374.0,3.39417
FET-USD-PERP.HYPERLIQUID,1771149600000,0.17863,0.17863,0.1785,0.1785,776.0
HYPER-USD-PERP.HYPERLIQUID,1771149600000,0.10548,0.10548,0.10548,0.10548,144.0
RENDER-USD-PERP.HYPERLIQUID,1771149600000,1.481,1.481,1.481,1.481,38.4
TRX-USD-PERP.HYPERLIQUID,1771149600000,0.281,0.281,0.28087,0.28088,14854.0
VVV-USD-PERP.HYPERLIQUID,1771149600000,3.9342,3.9552,3.9342,3.9414,4499.23
ZEC-USD-PERP.HYPERLIQUID,1771149600000,310.03,310.38,309.88,309.94,280.25
AR-USD-PERP.HYPERLIQUID,1771149600000,2.0733,2.0733,2.0715,2.0715,132.76
BTC-USD-PERP.HYPERLIQUID,1771149600000,70388.0,70389.0,70374.0,70375.0,3.39433
LIT-USD-PERP.HYPERLIQUID,1771149600000,1.7107,1.7108,1.71,1.7107,589.0
ONDO-USD-PERP.HYPERLIQUID,1771149600000,0.2877,0.2877,0.28751,0.28751,174.0
POLYX-USD-PERP.HYPERLIQUID,1771149600000,0.046579,0.046579,0.046541,0.046541,678.0
ZEC-USD-PERP.HYPERLIQUID,1771149600000,310.03,310.38,309.88,309.9,280.31
kLUNC-USD-PERP.HYPERLIQUID,1771149600000,0.036318,0.036471,0.036318,0.036471,9364.0
ALT-USD-PERP.HYPERLIQUID,1771149600000,0.008914,0.008914,0.008914,0.008914,6049.0
AR-USD-PERP.HYPERLIQUID,1771149600000,2.0733,2.0733,2.0715,2.0715,229.85
ARB-USD-PERP.HYPERLIQUID,1771149600000,0.119,0.119,0.11886,0.11886,384.2
BERA-USD-PERP.HYPERLIQUID,1771149600000,0.6664,0.66708,0.66621,0.66708,5851.1
BTC-USD-PERP.HYPERLIQUID,1771149600000,70388.0,70389.0,70374.0,70375.0,3.52221
FET-USD-PERP.HYPERLIQUID,1771149600000,0.17863,0.17863,0.1785,0.1785,857.0
SUI-USD-PERP.HYPERLIQUID,1771149600000,1.0225,1.0225,1.0219,1.0219,651.8
TRX-USD-PERP.HYPERLIQUID,1771149600000,0.281,0.281,0.28087,0.28088,15123.0
XRP-USD-PERP.HYPERLIQUID,1771149600000,1.5892,1.5893,1.5869,1.5869,60160.0
AR-USD-PERP.HYPERLIQUID,1771149600000,2.0733,2.0733,2.0715,2.0715,252.65
AVAX-USD-PERP.HYPERLIQUID,1771149600000,9.5865,9.5865,9.5779,9.5779,101.77
BTC-USD-PERP.HYPERLIQUID,1771149600000,70388.0,70389.0,70374.0,70375.0,3.52263
DOGE-USD-PERP.HYPERLIQUID,1771149600000,0.11443,0.11443,0.11431,0.11431,82126.0
ETH-USD-PERP.HYPERLIQUID,1771149600000,2067.5,2067.5,2066.5,2066.5,2.9151
LINK-USD-PERP.HYPERLIQUID,1771149600000,9.1212,9.1212,9.1182,9.1182,253.5
MORPHO-USD-PERP.HYPERLIQUID,1771149600000,1.4218,1.424,1.4218,1.424,1157.7
RESOLV-USD-PERP.HYPERLIQUID,1771149600000,0.062038,0.062067,0.062038,0.062067,833.0
WLD-USD-PERP.HYPERLIQUID,1771149600000,0.42408,0.42408,0.42373,0.42373,3814.3
XRP-USD-PERP.HYPERLIQUID,1771149600000,1.5892,1.5893,1.5869,1.5869,63308.0
ZEC-USD-PERP.HYPERLIQUID,1771149600000,310.03,310.38,309.88,309.9,280.51
kPEPE-USD-PERP.HYPERLIQUID,1771149600000,0.004796,0.004796,0.004792,0.004792,1129221.0
BIO-USD-PERP.HYPERLIQUID,1771149600000,0.025522,0.025522,0.025522,0.025522,636.0
BLAST-USD-PERP.HYPERLIQUID,1771149600000,0.000642,0.000642,0.000642,0.000642,31100.0
BTC-USD-PERP.HYPERLIQUID,1771149600000,70388.0,70389.0,70367.0,70367.0,3.77263
LDO-USD-PERP.HYPERLIQUID,1771149600000,0.35579,0.35579,0.35573,0.35573,153.0
BTC-USD-PERP.HYPERLIQUID,1771149600000,70388.0,70389.0,70367.0,70368.0,3.77279
FET-USD-PERP.HYPERLIQUID,1771149600000,0.17863,0.17863,0.1785,0.1785,1038.0
HYPE-USD-PERP.HYPERLIQUID,1771149600000,31.137,31.156,31.137,31.14,232.15
SOL-USD-PERP.HYPERLIQUID,1771149600000,89.936,89.943,89.888,89.888,102.96
STX-USD-PERP.HYPERLIQUID,1771149600000,0.27508,0.27508,0.27487,0.27487,1589.7
SUI-USD-PERP.HYPERLIQUID,1771149600000,1.0225,1.0225,1.0216,1.0216,4704.2
XLM-USD-PERP.HYPERLIQUID,1771149600000,0.17754,0.17758,0.1775,0.1775,1433.0
kPEPE-USD-PERP.HYPERLIQUID,1771149600000,0.004796,0.004796,0.004791,0.004791,1198057.0
ETC-USD-PERP.HYPERLIQUID,1771149600000,9.0406,9.0406,9.0406,9.0406,7.23
ETH-USD-PERP.HYPERLIQUID,1771149600000,2067.5,2067.5,2066.5,2066.5,3.0037
LTC-USD-PERP.HYPERLIQUID,1771149600000,56.168,56.169,56.136,56.136,113.35
STX-USD-PERP.HYPERLIQUID,1771149600000,0.27508,0.27508,0.27487,0.27487,2237.0
TON-USD-PERP.HYPERLIQUID,1771149600000,1.4802,1.4805,1.4802,1.4805,26.6
VVV-USD-PERP.HYPERLIQUID,1771149600000,3.9342,3.9552,3.9342,3.9382,4505.53
ZEC-USD-PERP.HYPERLIQUID,1771149600000,310.03,310.38,309.83,309.83,282.12
ADA-USD-PERP.HYPERLIQUID,1771149600000,0.29523,0.29523,0.2949,0.2949,7606.0
ETH-USD-PERP.HYPERLIQUID,1771149600000,2067.5,2067.5,2066.5,2066.5,3.0276
NEAR-USD-PERP.HYPERLIQUID,1771149600000,1.0784,1.0785,1.0784,1.0785,451.1
ONDO-USD-PERP.HYPERLIQUID,1771149600000,0.2877,0.2877,0.28751,0.28751,240.0
PUMP-USD-PERP.HYPERLIQUID,1771149600000,0.002304,0.002304,0.002302,0.002302,117703.0
TRX-USD-PERP.HYPERLIQUID,1771149600000,0.281,0.281,0.28087,0.28088,15706.0
BTC-USD-PERP.HYPERLIQUID,1771149600000,70388.0,70389.0,70367.0,70368.0,3.77374
PENGU-USD-PERP.HYPERLIQUID,1771149600000,0.007607,0.007607,0.007604,0.007604,6869.0
STX-USD-PERP.HYPERLIQUID,1771149600000,0.27508,0.27508,0.27487,0.27487,2358.2
XRP-USD-PERP.HYPERLIQUID,1771149600000,1.5892,1.5893,1.5868,1.5868,66458.0
CAKE-USD-PERP.HYPERLIQUID,1771149600000,1.3472,1.3472,1.347,1.347,102.9
DOT-USD-PERP.HYPERLIQUID,1771149600000,1.4137,1.4137,1.4128,1.4128,659.6
ETH-USD-PERP.HYPERLIQUID,1771149600000,2067.5,2067.5,2066.5,2066.5,3.0294
MON-USD-PERP.HYPERLIQUID,1771149600000,0.023538,0.023538,0.023527,0.023527,14115.0
MOODENG-USD-PERP.HYPERLIQUID,1771149600000,0.060371,0.060371,0.060371,0.060371,329.0
TRX-USD-PERP.HYPERLIQUID,1771149600000,0.281,0.281,0.28087,0.28088,15877.0
WLFI-USD-PERP.HYPERLIQUID,1771149600000,0.10694,0.10694,0.10692,0.10692,327.0
XRP-USD-PERP.HYPERLIQUID,1771149600000,1.5892,1.5893,1.5868,1.5871,66549.0
BLAST-USD-PERP.HYPERLIQUID,1771149600000,0.000642,0.000642,0.000641,0.000641,672580.0
BNB-USD-PERP.HYPERLIQUID,1771149600000,630.28,630.28,629.88,629.88,3.492
BTC-USD-PERP.HYPERLIQUID,1771149600000,70388.0,70389.0,70367.0,70367.0,4.02671
DOGE-USD-PERP.HYPERLIQUID,1771149600000,0.11443,0.11443,0.11429,0.11429,82259.0
ONDO-USD-PERP.HYPERLIQUID,1771149600000,0.2877,0.2877,0.28751,0.28751,292.0
kBONK-USD-PERP.HYPERLIQUID,1771149600000,0.00696,0.00696,0.006959,0.006959,8905.0
0G-USD-PERP.HYPERLIQUID,1771149600000,0.69409,0.69409,0.69258,0.69258,204.0
BTC-USD-PERP.HYPERLIQUID,1771149600000,70388.0,70389.0,70367.0,70367.0,4.03671
PYTH-USD-PERP.HYPERLIQUID,1771149600000,0.056894,0.056894,0.056894,0.056894,283.0
ZEC-USD-PERP.HYPERLIQUID,1771149600000,310.03,310.38,309.74,310.28,676.73
MANTA-USD-PERP.HYPERLIQUID,1771149600000,0.0782,0.0782,0.0782,0.0782,198.6
NEAR-USD-PERP.HYPERLIQUID,1771149600000,1.0784,1.0785,1.0784,1.0785,461.5
SOL-USD-PERP.HYPERLIQUID,1771149600000,89.936,89.943,89.887,89.887,103.21
TRX-USD-PERP.HYPERLIQUID,1771149600000,0.281,0.281,0.28087,0.28088,16027.0
VVV-USD-PERP.HYPERLIQUID,1771149600000,3.9342,3.9552,3.9342,3.9423,4826.25
XRP-USD-PERP.HYPERLIQUID,1771149600000,1.5892,1.5893,1.5868,1.5879,66639.0
ZEC-USD-PERP.HYPERLIQUID,1771149600000,310.03,310.38,309.73,309.73,686.41
BTC-USD-PERP.HYPERLIQUID,1771149600000,70388.0,70389.0,70367.0,70367.0,4.03951
PENGU-USD-PERP.HYPERLIQUID,1771149600000,0.007607,0.007607,0.007604,0.007604,9518.0
ZEC-USD-PERP.HYPERLIQUID,1771149600000,310.03,310.38,309.73,310.21,687.2
BTC-USD-PERP.HYPERLIQUID,1771149600000,70388.0,70389.0,70367.0,70367.0,4.04026
LIT-USD-PERP.HYPERLIQUID,1771149600000,1.7107,1.7108,1.7099,1.7099,607.0
PENGU-USD-PERP.HYPERLIQUID,1771149600000,0.007607,0.007607,0.007604,0.007604,18268.0
SOL-USD-PERP.HYPERLIQUID,1771149600000,89.936,89.943,89.887,89.887,103.48
XRP-USD-PERP.HYPERLIQUID,1771149600000,1.5892,1.5893,1.5868,1.5878,66764.0
ZEC-USD-PERP.HYPERLIQUID,1771149600000,310.03,310.38,309.73,310.32,687.4
BTC-USD-PERP.HYPERLIQUID,1771149600000,70388.0,70389.0,70367.0,70367.0,4.04057
LTC-USD-PERP.HYPERLIQUID,1771149600000,56.168,56.169,56.136,56.136,143.89
MOVE-USD-PERP.HYPERLIQUID,1771149600000,0.025322,0.025322,0.025322,0.025322,18.0
PAXG-USD-PERP.HYPERLIQUID,1771149600000,5038.5,5038.5,5038.4,5038.4,0.007
TAO-USD-PERP.HYPERLIQUID,1771149600000,189.45,189.45,188.85,188.85,10.905
VVV-USD-PERP.HYPERLIQUID,1771149600000,3.9342,3.9552,3.9342,3.9437,4882.73
ZEC-USD-PERP.HYPERLIQUID,1771149600000,310.03,310.38,309.73,310.3,688.01
AIXBT-USD-PERP.HYPERLIQUID,1771149600000,0.022089,0.022089,0.022089,0.022089,690.0
BTC-USD-PERP.HYPERLIQUID,1771149600000,70388.0,70389.0,70367.0,70367.0,4.29057
MEME-USD-PERP.HYPERLIQUID,1771149600000,0.000755,0.000756,0.000755,0.000756,67797.0
SOL-USD-PERP.HYPERLIQUID,1771149600000,89.936,89.943,89.885,89.885,103.61
ZEC-USD-PERP.HYPERLIQUID,1771149600000,310.03,310.38,309.73,310.28,689.62
ALT-USD-PERP.HYPERLIQUID,1771149600000,0.008914,0.008925,0.008914,0.008925,9063.0
BNB-USD-PERP.HYPERLIQUID,1771149600000,630.28,630.28,629.88,629.88,3.562
BTC-USD-PERP.HYPERLIQUID,1771149600000,70388.0,70389.0,70367.0,70368.0,4.35681
DOT-USD-PERP.HYPERLIQUID,1771149600000,1.4137,1.4138,1.4128,1.4138,680.1
ETH-USD-PERP.HYPERLIQUID,1771149600000,2067.5,2067.5,2066.5,2066.5,3.1396
FET-USD-PERP.HYPERLIQUID,1771149600000,0.17863,0.17863,0.1785,0.1785,1516.0
MON-USD-PERP.HYPERLIQUID,1771149600000,0.023538,0.023538,0.023527,0.023527,14772.0
SOL-USD-PERP.HYPERLIQUID,1771149600000,89.936,89.943,89.885,89.885,104.05
ZEC-USD-PERP.HYPERLIQUID,1771149600000,310.03,310.38,309.73,310.13,689.68
ACE-USD-PERP.HYPERLIQUID,1771149600000,0.1795,0.1795,0.1795,0.1795,626.62
BERA-USD-PERP.HYPERLIQUID,1771149600000,0.6664,0.66708,0.66621,0.66628,7007.3
BIGTIME-USD-PERP.HYPERLIQUID,1771149600000,0.016091,0.016091,0.016091,0.016091,1184.0
DOT-USD-PERP.HYPERLIQUID,1771149600000,1.4137,1.4138,1.4128,1.4138,697.2
ENA-USD-PERP.HYPERLIQUID,1771149600000,0.1274,0.1274,0.12721,0.12721,601.0
HYPE-USD-PERP.HYPERLIQUID,1771149600000,31.137,31.156,31.137,31.14,232.52
LINEA-USD-PERP.HYPERLIQUID,1771149600000,0.003871,0.003872,0.003871,0.003872,40024.0
MNT-USD-PERP.HYPERLIQUID,1771149600000,0.67262,0.67262,0.67148,0.67148,4235.7
POPCAT-USD-PERP.HYPERLIQUID,1771149600000,0.056843,0.056843,0.056843,0.056843,440.0
SOL-USD-PERP.HYPERLIQUID,1771149600000,89.936,89.943,89.885,89.885,107.08
XRP-USD-PERP.HYPERLIQUID,1771149600000,1.5892,1.5893,1.5868,1.5874,66913.0
ETH-USD-PERP.HYPERLIQUID,1771149600000,2067.5,2067.5,2066.5,2066.5,3.1419
FET-USD-PERP.HYPERLIQUID,1771149600000,0.17863,0.17863,0.1785,0.1785,1632.0
VVV-USD-PERP.HYPERLIQUID,1771149600000,3.9342,3.9552,3.9342,3.9365,4887.51
ZEC-USD-PERP.HYPERLIQUID,1771149600000,310.03,310.38,309.73,310.18,693.11
BTC-USD-PERP.HYPERLIQUID,1771149600000,70388.0,70389.0,70367.0,70367.0,4.61783
NEAR-USD-PERP.HYPERLIQUID,1771149600000,1.0784,1.0785,1.0784,1.0784,505.2
XRP-USD-PERP.HYPERLIQUID,1771149600000,1.5892,1.5893,1.5868,1.5875,67301.0
ZEC-USD-PERP.HYPERLIQUID,1771149600000,310.03,310.38,309.73,310.18,694.11
ACE-USD-PERP.HYPERLIQUID,1771149600000,0.1795,0.1795,0.1795,0.1795,1247.84
AR-USD-PERP.HYPERLIQUID,1771149600000,2.0733,2.0733,2.0715,2.073,261.11
ARB-USD-PERP.HYPERLIQUID,1771149600000,0.119,0.119,0.11886,0.11886,487.0
AXS-USD-PERP.HYPERLIQUID,1771149600000,1.4342,1.4348,1.4339,1.4348,51.8
BNB-USD-PERP.HYPERLIQUID,1771149600000,630.28,630.28,629.88,629.98,3.924
BTC-USD-PERP.HYPERLIQUID,1771149600000,70388.0,70389.0,70367.0,70368.0,4.63483
FIL-USD-PERP.HYPERLIQUID,1771149600000,1.0033,1.0033,1.0033,1.0033,21.4
ZEC-USD-PERP.HYPERLIQUID,1771149600000,310.03,310.38,309.73,310.17,694.5
BTC-USD-PERP.HYPERLIQUID,1771149600000,70388.0,70389.0,70367.0,70367.0,7.5242
TRX-USD-PERP.HYPERLIQUID,1771149600000,0.281,0.281,0.28087,0.28088,16368.0
AVAX-USD-PERP.HYPERLIQUID,1771149600000,9.5865,9.5865,9.5769,9.5769,116.77
BTC-USD-PERP.HYPERLIQUID,1771149600000,70388.0,70389.0,70367.0,70367.0,7.52439
ETH-USD-PERP.HYPERLIQUID,1771149600000,2067.5,2067.5,2066.5,2066.6,3.1475
HYPE-USD-PERP.HYPERLIQUID,1771149600000,31.137,31.156,31.137,31.14,232.89
ZEC-USD-PERP.HYPERLIQUID,1771149600000,310.03,310.38,309.73,310.16,695.05
ETH-USD-PERP.HYPERLIQUID,1771149600000,2067.5,2067.5,2066.5,2066.6,3.1529
MINA-USD-PERP.HYPERLIQUID,1771149600000,0.068239,0.068239,0.068239,0.068239,229.0
ONDO-USD-PERP.HYPERLIQUID,1771149600000,0.2877,0.2877,0.28751,0.28751,685.0
PUMP-USD-PERP.HYPERLIQUID,1771149600000,0.002304,0.002304,0.002298,0.002298,122160.0
VVV-USD-PERP.HYPERLIQUID,1771149600000,3.9342,3.9552,3.9342,3.9373,4953.91
ZEC-USD-PERP.HYPERLIQUID,1771149600000,310.03,310.38,309.73,310.16,698.64
ETH-USD-PERP.HYPERLIQUID,1771149600000,2067.5,2067.5,2066.5,2066.6,3.158
OP-USD-PERP.HYPERLIQUID,1771149600000,0.19497,0.19497,0.19487,0.19487,244.3
TON-USD-PERP.HYPERLIQUID,1771149600000,1.4802,1.4805,1.4798,1.4798,47.3
ZEC-USD-PERP.HYPERLIQUID,1771149600000,310.03,310.38,309.73,310.16,702.39
ARB-USD-PERP.HYPERLIQUID,1771149600000,0.119,0.119,0.11886,0.11886,631.1
NEO-USD-PERP.HYPERLIQUID,1771149600000,2.9146,2.9146,2.9146,2.9146,5.42
TRUMP-USD-PERP.HYPERLIQUID,1771149600000,3.5209,3.5219,3.5189,3.5189,90.1
ZEC-USD-PERP.HYPERLIQUID,1771149600000,310.03,310.38,309.73,310.16,702.43
kPEPE-USD-PERP.HYPERLIQUID,1771149600000,0.004796,0.004796,0.004791,0.004791,1203068.0
0G-USD-PERP.HYPERLIQUID,1771149600000,0.69409,0.69409,0.69258,0.69313,309.0
ARB-USD-PERP.HYPERLIQUID,1771149600000,0.119,0.119,0.11886,0.11886,834.3
BTC-USD-PERP.HYPERLIQUID,1771149600000,70388.0,70389.0,70367.0,70368.0,7.5254
LIT-USD-PERP.HYPERLIQUID,1771149600000,1.7107,1.7108,1.7099,1.7099,618.0
PYTH-USD-PERP.HYPERLIQUID,1771149600000,0.056894,0.056894,0.056878,0.056878,590.0
XRP-USD-PERP.HYPERLIQUID,1771149600000,1.5892,1.5893,1.5868,1.5872,68324.0
BABY-USD-PERP.HYPERLIQUID,1771149600000,0.014021,0.014021,0.014,0.014,64.0
ZEC-USD-PERP.HYPERLIQUID,1771149600000,310.03,310.38,309.73,310.29,702.51
SNX-USD-PERP.HYPERLIQUID,1771149600000,0.30614,0.30629,0.30614,0.30629,1530.4
TRUMP-USD-PERP.HYPERLIQUID,1771149600000,3.5209,3.5219,3.5189,3.5189,97.1
VVV-USD-PERP.HYPERLIQUID,1771149600000,3.9342,3.9552,3.9342,3.9412,4993.93
ZEC-USD-PERP.HYPERLIQUID,1771149600000,310.03,310.38,309.73,310.28,702.63
ETH-USD-PERP.HYPERLIQUID,1771149600000,2067.5,2067.5,2066.5,2066.6,3.1665
POL-USD-PERP.HYPERLIQUID,1771149600000,0.1098,0.1098,0.1098,0.1098,800.0
SOL-USD-PERP.HYPERLIQUID,1771149600000,89.936,89.943,89.884,89.884,109.3
ZEC-USD-PERP.HYPERLIQUID,1771149600000,310.03,310.38,309.73,310.28,702.67
BTC-USD-PERP.HYPERLIQUID,1771149600000,70388.0,70389.0,70367.0,70367.0,7.58548
DOT-USD-PERP.HYPERLIQUID,1771149600000,1.4137,1.4138,1.4128,1.4136,726.1
TRX-USD-PERP.HYPERLIQUID,1771149600000,0.281,0.281,0.28087,0.28087,16918.0
BTC-USD-PERP.HYPERLIQUID,1771149600000,70388.0,70389.0,70367.0,70368.0,7.89812
ENA-USD-PERP.HYPERLIQUID,1771149600000,0.1274,0.1274,0.12721,0.12721,2152.0
ONDO-USD-PERP.HYPERLIQUID,1771149600000,0.2877,0.2877,0.28751,0.28751,724.0
OP-USD-PERP.HYPERLIQUID,1771149600000,0.19497,0.19497,0.19487,0.19487,301.7
TRX-USD-PERP.HYPERLIQUID,1771149600000,0.281,0.281,0.28087,0.28087,17433.0
XRP-USD-PERP.HYPERLIQUID,1771149600000,1.5892,1.5893,1.5868,1.5873,68339.0
ZEC-USD-PERP.HYPERLIQUID,1771149600000,310.03,310.38,309.73,310.26,702.73
kPEPE-USD-PERP.HYPERLIQUID,1771149600000,0.004796,0.004796,0.004791,0.004792,1422400.0
HBAR-USD-PERP.HYPERLIQUID,1771149600000,0.10337,0.10337,0.10337,0.10337,181.0
ONDO-USD-PERP.HYPERLIQUID,1771149600000,0.2877,0.2877,0.28751,0.28751,783.0
PUMP-USD-PERP.HYPERLIQUID,1771149600000,0.002304,0.002304,0.002298,0.002299,126617.0
VIRTUAL-USD-PERP.HYPERLIQUID,1771149600000,0.6769,0.6769,0.6769,0.6769,29.7
XRP-USD-PERP.HYPERLIQUID,1771149600000,1.5892,1.5893,1.5868,1.5871,68787.0
BIGTIME-USD-PERP.HYPERLIQUID,1771149600000,0.016091,0.016091,0.016091,0.016091,2396.0
FET-USD-PERP.HYPERLIQUID,1771149600000,0.17863,0.17863,0.17849,0.17849,1726.0
TRX-USD-PERP.HYPERLIQUID,1771149600000,0.281,0.281,0.28087,0.28087,17705.0
ZEC-USD-PERP.HYPERLIQUID,1771149600000,310.03,310.38,309.73,310.19,702.95
BNB-USD-PERP.HYPERLIQUID,1771149600000,630.28,630.28,629.88,629.92,3.947
POPCAT-USD-PERP.HYPERLIQUID,1771149600000,0.056843,0.056843,0.056817,0.056817,1146.0
0G-USD-PERP.HYPERLIQUID,1771149600000,0.69409,0.69409,0.69243,0.69243,414.0
AIXBT-USD-PERP.HYPERLIQUID,1771149600000,0.022089,0.022113,0.022089,0.022113,1545.0
BTC-USD-PERP.HYPERLIQUID,1771149600000,70388.0,70389.0,70367.0,70367.0,8.15497
ONDO-USD-PERP.HYPERLIQUID,1771149600000,0.2877,0.2877,0.28746,0.28746,842.0
ZETA-USD-PERP.HYPERLIQUID,1771149600000,0.05772,0.05772,0.05772,0.05772,301.5
SOL-USD-PERP.HYPERLIQUID,1771149600000,89.936,89.943,89.876,89.876,120.42
TRX-USD-PERP.HYPERLIQUID,1771149600000,0.281,0.281,0.28087,0.28087,17867.0
XRP-USD-PERP.HYPERLIQUID,1771149600000,1.5892,1.5893,1.5868,1.5871,69951.0
LIT-USD-PERP.HYPERLIQUID,1771149600000,1.7107,1.7108,1.709,1.709,1143.0
PYTH-USD-PERP.HYPERLIQUID,1771149600000,0.056894,0.056894,0.056878,0.056878,940.0
TAO-USD-PERP.HYPERLIQUID,1771149600000,189.45,189.45,188.85,188.86,11.034
ALGO-USD-PERP.HYPERLIQUID,1771149600000,0.098768,0.098768,0.098768,0.098768,636.0
BRETT-USD-PERP.HYPERLIQUID,1771149600000,0.008372,0.008372,0.008372,0.008372,2089.0
STRK-USD-PERP.HYPERLIQUID,1771149600000,0.05087,0.05087,0.05087,0.05087,305.3
TRX-USD-PERP.HYPERLIQUID,1771149600000,0.281,0.281,0.28087,0.28088,17935.0
ZEC-USD-PERP.HYPERLIQUID,1771149600000,310.03,310.38,309.73,310.22,705.27
0G-USD-PERP.HYPERLIQUID,1771149600000,0.69409,0.69409,0.69243,0.69243,522.0
BTC-USD-PERP.HYPERLIQUID,1771149600000,70388.0,70389.0,70367.0,70368.0,8.1749
HYPE-USD-PERP.HYPERLIQUID,1771149600000,31.137,31.156,31.131,31.132,233.64
LTC-USD-PERP.HYPERLIQUID,1771149600000,56.168,56.169,56.135,56.135,144.12
SAND-USD-PERP.HYPERLIQUID,1771149600000,0.091532,0.091588,0.091523,0.091523,15783.0
SOL-USD-PERP.HYPERLIQUID,1771149600000,89.936,89.943,89.874,89.874,120.92
APT-USD-PERP.HYPERLIQUID,1771149600000,0.9706,0.9706,0.9706,0.9706,440.68
DOGE-USD-PERP.HYPERLIQUID,1771149600000,0.11443,0.11443,0.11428,0.11428,84105.0
FET-USD-PERP.HYPERLIQUID,1771149600000,0.17863,0.17863,0.17849,0.17849,1869.0
STBL-USD-PERP.HYPERLIQUID,1771149600000,0.039632,0.039632,0.03961,0.03961,510.0
AZTEC-USD-PERP.HYPERLIQUID,1771149600000,0.023597,0.023692,0.023597,0.023649,70780.0
BTC-USD-PERP.HYPERLIQUID,1771149600000,70388.0,70389.0,70367.0,70368.0,8.17567
DYM-USD-PERP.HYPERLIQUID,1771149600000,0.0464,0.0464,0.0464,0.0464,381.9
JTO-USD-PERP.HYPERLIQUID,1771149600000,0.28038,0.28038,0.28038,0.28038,69.0
LINK-USD-PERP.HYPERLIQUID,1771149600000,9.1212,9.1212,9.118,9.118,391.4
XRP-USD-PERP.HYPERLIQUID,1771149600000,1.5892,1.5893,1.5864,1.5864,70464.0
BTC-USD-PERP.HYPERLIQUID,1771149600000,70388.0,70389.0,70367.0,70367.0,8.18268
DOGE-USD-PERP.HYPERLIQUID,1771149600000,0.11443,0.11443,0.11428,0.11428,86271.0
SOL-USD-PERP.HYPERLIQUID,1771149600000,89.936,89.943,89.873,89.873,121.12
TRX-USD-PERP.HYPERLIQUID,1771149600000,0.281,0.281,0.28087,0.28087,18112.0
VVV-USD-PERP.HYPERLIQUID,1771149600000,3.9342,3.9552,3.9342,3.9427,4999.01
ONDO-USD-PERP.HYPERLIQUID,1771149600000,0.2877,0.2877,0.28746,0.28746,898.0
ALGO-USD-PERP.HYPERLIQUID,1771149600000,0.098768,0.098768,0.098734,0.098734,893.0
ARB-USD-PERP.HYPERLIQUID,1771149600000,0.119,0.119,0.1188,0.1188,1004.5
BTC-USD-PERP.HYPERLIQUID,1771149600000,70388.0,70389.0,70358.0,70358.0,8.43383
ETH-USD-PERP.HYPERLIQUID,1771149600000,2067.5,2067.5,2066.2,2066.2,3.8923
GAS-USD-PERP.HYPERLIQUID,1771149600000,1.7039,1.7039,1.7039,1.7039,9.7
LINK-USD-PERP.HYPERLIQUID,1771149600000,9.1212,9.1212,9.1162,9.1162,527.7
PYTH-USD-PERP.HYPERLIQUID,1771149600000,0.056894,0.056894,0.056878,0.056878,1141.0
TAO-USD-PERP.HYPERLIQUID,1771149600000,189.45,189.45,188.85,188.98,11.2
WIF-USD-PERP.HYPERLIQUID,1771149600000,0.24464,0.24471,0.24463,0.24463,6205.0
WLFI-USD-PERP.HYPERLIQUID,1771149600000,0.10694,0.10694,0.10692,0.10692,6512.0
XRP-USD-PERP.HYPERLIQUID,1771149600000,1.5892,1.5893,1.5859,1.5859,71021.0
ZEC-USD-PERP.HYPERLIQUID,1771149600000,310.03,310.38,309.73,310.14,705.51
AR-USD-PERP.HYPERLIQUID,1771149600000,2.0733,2.0733,2.0715,2.073,270.2
DOGE-USD-PERP.HYPERLIQUID,1771149600000,0.11443,0.11443,0.11428,0.11428,87282.0
ETHFI-USD-PERP.HYPERLIQUID,1771149600000,0.49619,0.49619,0.49619,0.49619,30.5
SPX-USD-PERP.HYPERLIQUID,1771149600000,0.33161,0.33161,0.33155,0.33155,994.3
TRX-USD-PERP.HYPERLIQUID,1771149600000,0.281,0.281,0.28087,0.28088,18408.0
XRP-USD-PERP.HYPERLIQUID,1771149600000,1.5892,1.5893,1.5859,1.5859,71769.0
BTC-USD-PERP.HYPERLIQUID,1771149600000,70388.0,70389.0,70358.0,70358.0,8.43711
HBAR-USD-PERP.HYPERLIQUID,1771149600000,0.10337,0.10337,0.1033,0.1033,314.0
HYPE-USD-PERP.HYPERLIQUID,1771149600000,31.137,31.156,31.131,31.132,258.56
TRX-USD-PERP.HYPERLIQUID,1771149600000,0.281,0.281,0.28087,0.28088,18986.0
XRP-USD-PERP.HYPERLIQUID,1771149600000,1.5892,1.5893,1.5859,1.5859,72091.0
FET-USD-PERP.HYPERLIQUID,1771149600000,0.17863,0.17863,0.17845,0.17845,2012.0
JUP-USD-PERP.HYPERLIQUID,1771149600000,0.16702,0.16702,0.16676,0.16676,1614.0
XRP-USD-PERP.HYPERLIQUID,1771149600000,1.5892,1.5893,1.5859,1.5859,74784.0
ZEC-USD-PERP.HYPERLIQUID,1771149600000,310.03,310.38,309.73,310.16,708.7
ALGO-USD-PERP.HYPERLIQUID,1771149600000,0.098768,0.098768,0.098734,0.098767,1001.0
FET-USD-PERP.HYPERLIQUID,1771149600000,0.17863,0.17863,0.17845,0.17845,2104.0
HYPE-USD-PERP.HYPERLIQUID,1771149600000,31.137,31.156,31.13,31.13,281.59
OP-USD-PERP.HYPERLIQUID,1771149600000,0.19497,0.19497,0.19481,0.19481,609.8
PUMP-USD-PERP.HYPERLIQUID,1771149600000,0.002304,0.002304,0.002297,0.002297,141304.0
SOL-USD-PERP.HYPERLIQUID,1771149600000,89.936,89.943,89.864,89.874,276.37
VVV-USD-PERP.HYPERLIQUID,1771149600000,3.9342,3.9552,3.9342,3.9434,5099.01
APT-USD-PERP.HYPERLIQUID,1771149600000,0.9706,0.9706,0.9705,0.9705,904.41
BTC-USD-PERP.HYPERLIQUID,1771149600000,70388.0,70389.0,70358.0,70359.0,8.44114
ME-USD-PERP.HYPERLIQUID,1771149600000,0.14903,0.14903,0.14903,0.14903,115.2
SPX-USD-PERP.HYPERLIQUID,1771149600000,0.33161,0.33161,0.33155,0.33155,1374.0
ZEC-USD-PERP.HYPERLIQUID,1771149600000,310.03,310.38,309.73,310.16,708.75
CAKE-USD-PERP.HYPERLIQUID,1771149600000,1.3472,1.3472,1.3459,1.3459,128.8
ETC-USD-PERP.HYPERLIQUID,1771149600000,9.0406,9.0406,9.0346,9.0346,16.64
KAITO-USD-PERP.HYPERLIQUID,1771149600000,0.32642,0.32642,0.32616,0.32616,1870.0
KAS-USD-PERP.HYPERLIQUID,1771149600000,0.033256,0.033256,0.033243,0.033243,3052.0
NEO-USD-PERP.HYPERLIQUID,1771149600000,2.9146,2.9146,2.9141,2.9141,39.69
VIRTUAL-USD-PERP.HYPERLIQUID,1771149600000,0.6769,0.6769,0.67683,0.67683,52.6
ACE-USD-PERP.HYPERLIQUID,1771149600000,0.1795,0.1796,0.1795,0.1796,1328.79
BTC-USD-PERP.HYPERLIQUID,1771149600000,70388.0,70389.0,70358.0,70358.0,8.44248
MERL-USD-PERP.HYPERLIQUID,1771149600000,0.064055,0.064055,0.064051,0.064051,4098.0
NEAR-USD-PERP.HYPERLIQUID,1771149600000,1.0784,1.0785,1.0783,1.0783,541.8
SAND-USD-PERP.HYPERLIQUID,1771149600000,0.091532,0.091588,0.0915,0.0915,19064.0
TAO-USD-PERP.HYPERLIQUID,1771149600000,189.45,189.45,188.85,189.02,11.353
USUAL-USD-PERP.HYPERLIQUID,1771149600000,0.01576,0.01576,0.01576,0.01576,1217.5
VVV-USD-PERP.HYPERLIQUID,1771149600000,3.9342,3.9552,3.9342,3.9477,5169.98
XRP-USD-PERP.HYPERLIQUID,1771149600000,1.5892,1.5893,1.5859,1.5859,75239.0
LTC-USD-PERP.HYPERLIQUID,1771149600000,56.168,56.169,56.12,56.12,144.47
ZEC-USD-PERP.HYPERLIQUID,1771149600000,310.03,310.38,309.73,310.16,712.45
BCH-USD-PERP.HYPERLIQUID,1771149600000,560.24,560.29,559.97,559.97,4.646
DOGE-USD-PERP.HYPERLIQUID,1771149600000,0.11443,0.11443,0.11425,0.11425,90957.0
EIGEN-USD-PERP.HYPERLIQUID,1771149600000,0.2152,0.2152,0.2152,0.2152,81.67
FARTCOIN-USD-PERP.HYPERLIQUID,1771149600000,0.21188,0.2119,0.2117,0.2117,3161.5
ONDO-USD-PERP.HYPERLIQUID,1771149600000,0.2877,0.2877,0.28741,0.28741,986.0
REZ-USD-PERP.HYPERLIQUID,1771149600000,0.003093,0.003093,0.003093,0.003093,6137.0
SOL-USD-PERP.HYPERLIQUID,1771149600000,89.936,89.943,89.859,89.859,276.52
SUI-USD-PERP.HYPERLIQUID,1771149600000,1.0225,1.0225,1.0215,1.0215,4732.0
TRUMP-USD-PERP.HYPERLIQUID,1771149600000,3.5209,3.5219,3.5171,3.5171,115.0
ZEC-USD-PERP.HYPERLIQUID,1771149600000,310.03,310.38,309.73,310.21,717.06
AXS-USD-PERP.HYPERLIQUID,1771149600000,1.4342,1.4348,1.4337,1.4337,65.2
BTC-USD-PERP.HYPERLIQUID,1771149600000,70388.0,70389.0,70358.0,70358.0,8.44959
ZEC-USD-PERP.HYPERLIQUID,1771149600000,310.03,310.38,309.73,310.29,717.11
BTC-USD-PERP.HYPERLIQUID,1771149600000,70388.0,70389.0,70358.0,70358.0,8.45977
HYPE-USD-PERP.HYPERLIQUID,1771149600000,31.137,31.156,31.13,31.131,340.78
ICP-USD-PERP.HYPERLIQUID,1771149600000,2.5119,2.5119,2.5094,2.5094,788.7
IMX-USD-PERP.HYPERLIQUID,1771149600000,0.17426,0.17426,0.17418,0.17418,150.4
LDO-USD-PERP.HYPERLIQUID,1771149600000,0.35579,0.35579,0.35562,0.35562,1207.9
LTC-USD-PERP.HYPERLIQUID,1771149600000,56.168,56.169,56.119,56.119,144.82
PAXG-USD-PERP.HYPERLIQUID,1771149600000,5038.5,5038.5,5038.4,5038.5,0.009
WLFI-USD-PERP.HYPERLIQUID,1771149600000,0.10694,0.10694,0.10691,0.10691,6690.0
XRP-USD-PERP.HYPERLIQUID,1771149600000,1.5892,1.5893,1.5859,1.5859,75246.0
ARB-USD-PERP.HYPERLIQUID,1771149600000,0.119,0.119,0.11876,0.11876,1243.7
BSV-USD-PERP.HYPERLIQUID,1771149600000,17.778,17.778,17.735,17.735,51.07
DOT-USD-PERP.HYPERLIQUID,1771149600000,1.4137,1.4138,1.4128,1.4135,770.9
DYM-USD-PERP.HYPERLIQUID,1771149600000,0.0464,0.0464,0.04638,0.04638,713.3
JTO-USD-PERP.HYPERLIQUID,1771149600000,0.28038,0.28053,0.28038,0.28053,134.0
VVV-USD-PERP.HYPERLIQUID,1771149600000,3.9342,3.9552,3.9342,3.9512,5172.98
BRETT-USD-PERP.HYPERLIQUID,1771149600000,0.008372,0.008372,0.008363,0.008363,6842.0
ETH-USD-PERP.HYPERLIQUID,1771149600000,2067.5,2067.5,2066.0,2066.0,7.393
HYPE-USD-PERP.HYPERLIQUID,1771149600000,31.137,31.156,31.13,31.131,380.17
SOL-USD-PERP.HYPERLIQUID,1771149600000,89.936,89.943,89.859,89.86,278.58
WLD-USD-PERP.HYPERLIQUID,1771149600000,0.42408,0.42408,0.42356,0.42356,3861.6
CFX-USD-PERP.HYPERLIQUID,1771149600000,0.056609,0.056609,0.056609,0.056609,302.0
ETH-USD-PERP.HYPERLIQUID,1771149600000,2067.5,2067.5,2066.0,2066.1,7.4411
LTC-USD-PERP.HYPERLIQUID,1771149600000,56.168,56.169,56.109,56.109,147.13
MNT-USD-PERP.HYPERLIQUID,1771149600000,0.67262,0.67262,0.67148,0.67202,4270.9
XPL-USD-PERP.HYPERLIQUID,1771149600000,0.10114,0.10114,0.10114,0.10114,181.0
ZEC-USD-PERP.HYPERLIQUID,1771149600000,310.03,310.38,309.73,310.16,718.88
ADA-USD-PERP.HYPERLIQUID,1771149600000,0.29523,0.29523,0.2949,0.2949,10018.0
ATOM-USD-PERP.HYPERLIQUID,1771149600000,2.1728,2.1728,2.1728,2.1728,8.83
BSV-USD-PERP.HYPERLIQUID,1771149600000,17.778,17.778,17.735,17.735,67.96
HYPE-USD-PERP.HYPERLIQUID,1771149600000,31.137,31.156,31.13,31.135,380.54
MINA-USD-PERP.HYPERLIQUID,1771149600000,0.068239,0.068239,0.068219,0.068219,1732.0
XMR-USD-PERP.HYPERLIQUID,1771149600000,349.47,349.93,349.47,349.75,2.12
XRP-USD-PERP.HYPERLIQUID,1771149600000,1.5892,1.5893,1.5858,1.5858,82275.0
0G-USD-PERP.HYPERLIQUID,1771149600000,0.69409,0.69409,0.69216,0.69216,711.0
VINE-USD-PERP.HYPERLIQUID,1771149600000,0.020305,0.020305,0.020305,0.020305,906.0
XRP-USD-PERP.HYPERLIQUID,1771149600000,1.5892,1.5893,1.5858,1.586,91390.0
ZEC-USD-PERP.HYPERLIQUID,1771149600000,310.03,310.38,309.73,310.16,733.52
DOOD-USD-PERP.HYPERLIQUID,1771149600000,0.003897,0.003897,0.003897,0.003897,9395.0
FARTCOIN-USD-PERP.HYPERLIQUID,1771149600000,0.21188,0.2119,0.21169,0.21169,3271.5
HYPE-USD-PERP.HYPERLIQUID,1771149600000,31.137,31.156,31.13,31.135,381.57
XRP-USD-PERP.HYPERLIQUID,1771149600000,1.5892,1.5893,1.5858,1.5863,104002.0
ZEC-USD-PERP.HYPERLIQUID,1771149600000,310.03,310.38,309.73,310.16,750.24
NEAR-USD-PERP.HYPERLIQUID,1771149600000,1.0784,1.0785,1.0777,1.0777,591.0
BTC-USD-PERP.HYPERLIQUID,1771149600000,70388.0,70389.0,70358.0,70359.0,8.47642
ETH-USD-PERP.HYPERLIQUID,1771149600000,2067.5,2067.5,2066.0,2066.1,7.4467
FARTCOIN-USD-PERP.HYPERLIQUID,1771149600000,0.21188,0.2119,0.2116,0.2116,3442.4
HYPE-USD-PERP.HYPERLIQUID,1771149600000,31.137,31.156,31.13,31.135,381.94
ARB-USD-PERP.HYPERLIQUID,1771149600000,0.119,0.119,0.11876,0.11876,1392.3
BTC-USD-PERP.HYPERLIQUID,1771149600000,70388.0,70389.0,70358.0,70358.0,8.47859
DOT-USD-PERP.HYPERLIQUID,1771149600000,1.4137,1.4138,1.4128,1.4135,816.6
AR-USD-PERP.HYPERLIQUID,1771149600000,2.0733,2.0733,2.0714,2.0714,278.81
BTC-USD-PERP.HYPERLIQUID,1771149600000,70388.0,70389.0,70358.0,70358.0,8.47875
DOGE-USD-PERP.HYPERLIQUID,1771149600000,0.11443,0.11443,0.11425,0.11425,91249.0
LIT-USD-PERP.HYPERLIQUID,1771149600000,1.7107,1.7108,1.709,1.7091,1150.0
NEAR-USD-PERP.HYPERLIQUID,1771149600000,1.0784,1.0785,1.0777,1.0777,600.6
ZEC-USD-PERP.HYPERLIQUID,1771149600000,310.03,310.38,309.73,310.19,755.49
ALGO-USD-PERP.HYPERLIQUID,1771149600000,0.098768,0.098768,0.098677,0.098677,2415.0
FET-USD-PERP.HYPERLIQUID,1771149600000,0.17863,0.17863,0.17839,0.17839,2263.0
HYPE-USD-PERP.HYPERLIQUID,1771149600000,31.137,31.156,31.13,31.135,386.13
PEOPLE-USD-PERP.HYPERLIQUID,1771149600000,0.007308,0.007308,0.007308,0.007308,77.0
WLFI-USD-PERP.HYPERLIQUID,1771149600000,0.10694,0.10694,0.10688,0.10688,6847.0
XRP-USD-PERP.HYPERLIQUID,1771149600000,1.5892,1.5893,1.5856,1.5856,105258.0
ZEC-USD-PERP.HYPERLIQUID,1771149600000,310.03,310.38,309.73,310.18,760.67
BTC-USD-PERP.HYPERLIQUID,1771149600000,70388.0,70389.0,70357.0,70358.0,8.47918
JTO-USD-PERP.HYPERLIQUID,1771149600000,0.28038,0.28053,0.28023,0.28023,317.0
LINK-USD-PERP.HYPERLIQUID,1771149600000,9.1212,9.1212,9.1131,9.1131,535.4
SOL-USD-PERP.HYPERLIQUID,1771149600000,89.936,89.943,89.859,89.873,332.14
USUAL-USD-PERP.HYPERLIQUID,1771149600000,0.01576,0.01576,0.01576,0.01576,2361.1
ZEC-USD-PERP.HYPERLIQUID,1771149600000,310.03,310.38,309.73,310.16,760.89
AAVE-USD-PERP.HYPERLIQUID,1771149600000,129.19,129.19,129.19,129.19,9.41
BTC-USD-PERP.HYPERLIQUID,1771149600000,70388.0,70389.0,70357.0,70357.0,8.50434
DOT-USD-PERP.HYPERLIQUID,1771149600000,1.4137,1.4138,1.4128,1.4133,832.7
INJ-USD-PERP.HYPERLIQUID,1771149600000,3.2433,3.2433,3.2402,3.2402,171.8
RENDER-USD-PERP.HYPERLIQUID,1771149600000,1.481,1.481,1.479,1.479,58.7
VVV-USD-PERP.HYPERLIQUID,1771149600000,3.9342,3.9552,3.9342,3.9512,5294.97
HYPE-USD-PERP.HYPERLIQUID,1771149600000,31.137,31.156,31.13,31.135,387.06
SOL-USD-PERP.HYPERLIQUID,1771149600000,89.936,89.943,89.859,89.872,332.26
XMR-USD-PERP.HYPERLIQUID,1771149600000,349.47,349.93,349.47,349.48,2.263
XRP-USD-PERP.HYPERLIQUID,1771149600000,1.5892,1.5893,1.5856,1.5856,105455.0
ZEC-USD-PERP.HYPERLIQUID,1771149600000,310.03,310.38,309.73,310.16,775.47
kPEPE-USD-PERP.HYPERLIQUID,1771149600000,0.004796,0.004796,0.004787,0.004787,1424983.0
ARB-USD-PERP.HYPERLIQUID,1771149600000,0.119,0.119,0.11876,0.11876,2331.7
NEAR-USD-PERP.HYPERLIQUID,1771149600000,1.0784,1.0785,1.0777,1.0777,709.0
PENGU-USD-PERP.HYPERLIQUID,1771149600000,0.007607,0.007607,0.007599,0.007599,19637.0
VINE-USD-PERP.HYPERLIQUID,1771149600000,0.020305,0.020305,0.020305,0.020305,1761.0
AVAX-USD-PERP.HYPERLIQUID,1771149600000,9.5865,9.5865,9.575,9.575,156.96
BTC-USD-PERP.HYPERLIQUID,1771149600000,70388.0,70389.0,70357.0,70358.0,8.50528
DOT-USD-PERP.HYPERLIQUID,1771149600000,1.4137,1.4138,1.4128,1.4133,962.9
POLYX-USD-PERP.HYPERLIQUID,1771149600000,0.046579,0.046579,0.046533,0.046533,960.0
VVV-USD-PERP.HYPERLIQUID,1771149600000,3.9342,3.9552,3.9342,3.948,5301.61
XRP-USD-PERP.HYPERLIQUID,1771149600000,1.5892,1.5893,1.5856,1.5857,105480.0
SYRUP-USD-PERP.HYPERLIQUID,1771149600000,0.27544,0.27544,0.27544,0.27544,91.0
XPL-USD-PERP.HYPERLIQUID,1771149600000,0.10114,0.10114,0.10114,0.10114,378.0
ZEC-USD-PERP.HYPERLIQUID,1771149600000,310.03,310.38,309.73,310.16,788.31
LAYER-USD-PERP.HYPERLIQUID,1771149600000,0.092938,0.092938,0.092938,0.092938,214.0
NIL-USD-PERP.HYPERLIQUID,1771149600000,0.054771,0.054771,0.054771,0.054771,282.0
PENGU-USD-PERP.HYPERLIQUID,1771149600000,0.007607,0.007607,0.007599,0.007599,37214.0
SOL-USD-PERP.HYPERLIQUID,1771149600000,89.936,89.943,89.859,89.878,332.7
SUI-USD-PERP.HYPERLIQUID,1771149600000,1.0225,1.0225,1.0214,1.0214,4780.9
VVV-USD-PERP.HYPERLIQUID,1771149600000,3.9342,3.9611,3.9342,3.9611,9750.63
kFLOKI-USD-PERP.HYPERLIQUID,1771149600000,0.033931,0.033931,0.033931,0.033931,550.0
BTC-USD-PERP.HYPERLIQUID,1771149600000,70388.0,70389.0,70357.0,70357.0,8.50545
DOGE-USD-PERP.HYPERLIQUID,1771149600000,0.11443,0.11443,0.11425,0.11427,91383.0
DOT-USD-PERP.HYPERLIQUID,1771149600000,1.4137,1.4138,1.4128,1.4133,970.6
NEAR-USD-PERP.HYPERLIQUID,1771149600000,1.0784,1.0785,1.077,1.077,723.7
NIL-USD-PERP.HYPERLIQUID,1771149600000,0.054771,0.054771,0.054771,0.054771,583.0
SUI-USD-PERP.HYPERLIQUID,1771149600000,1.0225,1.0225,1.0214,1.0214,4927.6
TRX-USD-PERP.HYPERLIQUID,1771149600000,0.281,0.281,0.28087,0.28087,19070.0
AVAX-USD-PERP.HYPERLIQUID,1771149600000,9.5865,9.5865,9.5733,9.5733,187.03
MORPHO-USD-PERP.HYPERLIQUID,1771149600000,1.4218,1.424,1.4218,1.4235,1165.4
SPX-USD-PERP.HYPERLIQUID,1771149600000,0.33161,0.33161,0.33147,0.33147,9113.7
0G-USD-PERP.HYPERLIQUID,1771149600000,0.69409,0.69409,0.68994,0.69002,1185.0
ADA-USD-PERP.HYPERLIQUID,1771149600000,0.29523,0.29523,0.2949,0.29491,11376.0
BNB-USD-PERP.HYPERLIQUID,1771149600000,630.28,630.28,629.77,629.77,4.046
BOME-USD-PERP.HYPERLIQUID,1771149600000,0.000454,0.000454,0.000452,0.000452,52.0
DOT-USD-PERP.HYPERLIQUID,1771149600000,1.4137,1.4138,1.4128,1.413,1029.8
NXPC-USD-PERP.HYPERLIQUID,1771149600000,0.27977,0.27977,0.27968,0.27968,127.0
ONDO-USD-PERP.HYPERLIQUID,1771149600000,0.2877,0.2877,0.28729,0.28729,1086.0
BTC-USD-PERP.HYPERLIQUID,1771149600000,70388.0,70389.0,70357.0,70358.0,8.50584
DOT-USD-PERP.HYPERLIQUID,1771149600000,1.4137,1.4138,1.4128,1.413,1119.3
NEAR-USD-PERP.HYPERLIQUID,1771149600000,1.0784,1.0785,1.077,1.0775,807.7
AR-USD-PERP.HYPERLIQUID,1771149600000,2.0733,2.0733,2.0713,2.0713,543.33
BLUR-USD-PERP.HYPERLIQUID,1771149600000,0.022185,0.022185,0.02218,0.02218,39054.0
BTC-USD-PERP.HYPERLIQUID,1771149600000,70388.0,70389.0,70357.0,70357.0,8.5076
HBAR-USD-PERP.HYPERLIQUID,1771149600000,0.10337,0.10337,0.10325,0.10325,504.0
LINK-USD-PERP.HYPERLIQUID,1771149600000,9.1212,9.1212,9.1131,9.1134,538.3
LIT-USD-PERP.HYPERLIQUID,1771149600000,1.7107,1.7108,1.709,1.7098,1169.0
TRX-USD-PERP.HYPERLIQUID,1771149600000,0.281,0.281,0.28087,0.28087,19243.0
VVV-USD-PERP.HYPERLIQUID,1771149600000,3.9342,3.9611,3.9342,3.9546,10006.44
ZEC-USD-PERP.HYPERLIQUID,1771149600000,310.03,310.38,309.73,310.21,791.31
ZORA-USD-PERP.HYPERLIQUID,1771149600000,0.021829,0.021829,0.021829,0.021829,782.0
MELANIA-USD-PERP.HYPERLIQUID,1771149600000,0.12427,0.12427,0.12427,0.12427,5.4
SOL-USD-PERP.HYPERLIQUID,1771149600000,89.936,89.943,89.859,89.886,332.87
VVV-USD-PERP.HYPERLIQUID,1771149600000,3.9342,3.9611,3.9342,3.952,10145.94
APEX-USD-PERP.HYPERLIQUID,1771149600000,0.36414,0.36414,0.36408,0.36412,2884.0
BIO-USD-PERP.HYPERLIQUID,1771149600000,0.025522,0.025523,0.025522,0.025523,6534.0
HYPE-USD-PERP.HYPERLIQUID,1771149600000,31.137,31.156,31.13,31.135,431.85
NEAR-USD-PERP.HYPERLIQUID,1771149600000,1.0784,1.0785,1.077,1.0773,1196.7
SEI-USD-PERP.HYPERLIQUID,1771149600000,0.077722,0.077722,0.077722,0.077722,190.0
SOL-USD-PERP.HYPERLIQUID,1771149600000,89.936,89.943,89.859,89.911,363.9
SPX-USD-PERP.HYPERLIQUID,1771149600000,0.33161,0.3317,0.33147,0.3317,9172.5
SUI-USD-PERP.HYPERLIQUID,1771149600000,1.0225,1.0225,1.0214,1.0216,5234.0
TAO-USD-PERP.HYPERLIQUID,1771149600000,189.45,189.45,188.85,189.05,15.319
kSHIB-USD-PERP.HYPERLIQUID,1771149600000,0.006851,0.006851,0.006851,0.006851,98968.0
AVAX-USD-PERP.HYPERLIQUID,1771149600000,9.5865,9.5865,9.5733,9.575,192.03
BLAST-USD-PERP.HYPERLIQUID,1771149600000,0.000642,0.000642,0.00064,0.00064,1589440.0
BTC-USD-PERP.HYPERLIQUID,1771149600000,70388.0,70389.0,70357.0,70358.0,8.5086
MNT-USD-PERP.HYPERLIQUID,1771149600000,0.67262,0.67262,0.67148,0.6718,4308.0
PUMP-USD-PERP.HYPERLIQUID,1771149600000,0.002304,0.002304,0.002297,0.002297,474662.0
TAO-USD-PERP.HYPERLIQUID,1771149600000,189.45,189.45,188.85,189.06,15.969
TRX-USD-PERP.HYPERLIQUID,1771149600000,0.281,0.281,0.28087,0.28088,19300.0
WLFI-USD-PERP.HYPERLIQUID,1771149600000,0.10694,0.10709,0.10688,0.10709,106986.0
BERA-USD-PERP.HYPERLIQUID,1771149660000,0.6657,0.6657,0.66548,0.66548,1156.2
BTC-USD-PERP.HYPERLIQUID,1771149660000,70359.0,70359.0,70359.0,70359.0,0.00016
CAKE-USD-PERP.HYPERLIQUID,1771149660000,1.3459,1.3459,1.3459,1.3459,16.1
ENA-USD-PERP.HYPERLIQUID,1771149660000,0.1272,0.1272,0.1272,0.1272,223.0
ENS-USD-PERP.HYPERLIQUID,1771149660000,6.9093,6.9093,6.9093,6.9093,2.87
HEMI-USD-PERP.HYPERLIQUID,1771149600000,0.010449,0.010449,0.010449,0.010449,1464.0
HYPE-USD-PERP.HYPERLIQUID,1771149660000,31.139,31.139,31.139,31.139,0.37
MNT-USD-PERP.HYPERLIQUID,1771149660000,0.67157,0.67157,0.67151,0.67151,1332.4
OP-USD-PERP.HYPERLIQUID,1771149660000,0.19477,0.19477,0.19477,0.19477,117.4
TAO-USD-PERP.HYPERLIQUID,1771149600000,189.45,189.45,188.85,189.08,16.026
VVV-USD-PERP.HYPERLIQUID,1771149660000,3.9515,3.9515,3.9515,3.9515,29.33
XRP-USD-PERP.HYPERLIQUID,1771149660000,1.5859,1.5859,1.5859,1.5859,126.0
ZEC-USD-PERP.HYPERLIQUID,1771149660000,310.19,310.19,310.19,310.19,0.07
kSHIB-USD-PERP.HYPERLIQUID,1771149600000,0.006851,0.006851,0.006851,0.006851,246846.0
0G-USD-PERP.HYPERLIQUID,1771149660000,0.69011,0.69017,0.69011,0.69017,507.0
CAKE-USD-PERP.HYPERLIQUID,1771149660000,1.3459,1.3459,1.3459,1.3459,170.6
GALA-USD-PERP.HYPERLIQUID,1771149660000,0.004298,0.004298,0.004298,0.004298,3569.0
GOAT-USD-PERP.HYPERLIQUID,1771149660000,0.024952,0.024952,0.024952,0.024952,1493.0
TRX-USD-PERP.HYPERLIQUID,1771149660000,0.28089,0.28089,0.28089,0.28089,71.0
BTC-USD-PERP.HYPERLIQUID,1771149660000,70359.0,70360.0,70359.0,70360.0,0.09836
ETH-USD-PERP.HYPERLIQUID,1771149660000,2066.2,2066.2,2066.2,2066.2,0.0058
INJ-USD-PERP.HYPERLIQUID,1771149660000,3.2407,3.2407,3.2407,3.2407,12.8
ONDO-USD-PERP.HYPERLIQUID,1771149660000,0.28729,0.28739,0.28729,0.28739,4779.0
VVV-USD-PERP.HYPERLIQUID,1771149660000,3.9515,3.9547,3.9515,3.9547,40.76
ZEC-USD-PERP.HYPERLIQUID,1771149660000,310.19,310.25,310.19,310.25,0.18
kPEPE-USD-PERP.HYPERLIQUID,1771149660000,0.004792,0.004792,0.004792,0.004792,7580.0
MOVE-USD-PERP.HYPERLIQUID,1771149660000,0.025307,0.025307,0.025307,0.025307,18.0
BTC-USD-PERP.HYPERLIQUID,1771149660000,70359.0,70361.0,70359.0,70361.0,0.12678
DOT-USD-PERP.HYPERLIQUID,1771149660000,1.4131,1.4131,1.4131,1.4131,34.7
HYPE-USD-PERP.HYPERLIQUID,1771149660000,31.139,31.139,31.134,31.134,0.74
POLYX-USD-PERP.HYPERLIQUID,1771149660000,0.046533,0.046533,0.046533,0.046533,418.0
VVV-USD-PERP.HYPERLIQUID,1771149660000,3.9515,3.9547,3.9515,3.9531,221.46
BTC-USD-PERP.HYPERLIQUID,1771149660000,70359.0,70361.0,70359.0,70360.0,0.12698
HYPE-USD-PERP.HYPERLIQUID,1771149660000,31.139,31.139,31.133,31.133,40.24
OP-USD-PERP.HYPERLIQUID,1771149660000,0.19477,0.1948,0.19477,0.1948,315.3
PENDLE-USD-PERP.HYPERLIQUID,1771149660000,1.2988,1.2988,1.2988,1.2988,12.0
TRX-USD-PERP.HYPERLIQUID,1771149660000,0.28089,0.28089,0.28089,0.28089,462.0
WLFI-USD-PERP.HYPERLIQUID,1771149660000,0.10703,0.10703,0.10703,0.10703,3001.0
kPEPE-USD-PERP.HYPERLIQUID,1771149660000,0.004792,0.004792,0.004792,0.004792,423207.0
BTC-USD-PERP.HYPERLIQUID,1771149660000,70359.0,70361.0,70359.0,70360.0,0.12967
HYPE-USD-PERP.HYPERLIQUID,1771149660000,31.139,31.139,31.132,31.132,76.46
TRX-USD-PERP.HYPERLIQUID,1771149660000,0.28089,0.28089,0.28089,0.28089,760.0
APE-USD-PERP.HYPERLIQUID,1771149660000,0.13566,0.13566,0.13566,0.13566,119.1
APEX-USD-PERP.HYPERLIQUID,1771149660000,0.36427,0.36427,0.36427,0.36427,527.0
BTC-USD-PERP.HYPERLIQUID,1771149660000,70359.0,70361.0,70359.0,70360.0,0.13539
ME-USD-PERP.HYPERLIQUID,1771149660000,0.14896,0.14896,0.14896,0.14896,3.1
OP-USD-PERP.HYPERLIQUID,1771149660000,0.19477,0.1948,0.19477,0.19478,374.2
SOL-USD-PERP.HYPERLIQUID,1771149660000,89.92,89.92,89.92,89.92,0.63
VVV-USD-PERP.HYPERLIQUID,1771149660000,3.9515,3.9547,3.9515,3.9547,564.5
kPEPE-USD-PERP.HYPERLIQUID,1771149660000,0.004792,0.004792,0.004791,0.004791,535105.0
BTC-USD-PERP.HYPERLIQUID,1771149660000,70359.0,70361.0,70359.0,70361.0,0.13618
LINK-USD-PERP.HYPERLIQUID,1771149660000,9.1128,9.1128,9.1128,9.1128,16.7
LIT-USD-PERP.HYPERLIQUID,1771149660000,1.7108,1.7108,1.7108,1.7108,11.0
ONDO-USD-PERP.HYPERLIQUID,1771149660000,0.28729,0.28739,0.28729,0.28735,5525.0
TRX-USD-PERP.HYPERLIQUID,1771149660000,0.28089,0.28089,0.28089,0.28089,1498.0
VVV-USD-PERP.HYPERLIQUID,1771149660000,3.9515,3.9547,3.9515,3.9531,567.5
ZEC-USD-PERP.HYPERLIQUID,1771149660000,310.19,310.25,310.16,310.16,0.41
PENGU-USD-PERP.HYPERLIQUID,1771149660000,0.0076,0.0076,0.0076,0.0076,1594.0
ADA-USD-PERP.HYPERLIQUID,1771149660000,0.29523,0.29523,0.29523,0.29523,34.0
BNB-USD-PERP.HYPERLIQUID,1771149660000,629.91,629.91,629.91,629.91,0.48
BRETT-USD-PERP.HYPERLIQUID,1771149660000,0.008379,0.008379,0.008379,0.008379,1887.0
BTC-USD-PERP.HYPERLIQUID,1771149660000,70359.0,70361.0,70359.0,70361.0,0.15071
CAKE-USD-PERP.HYPERLIQUID,1771149660000,1.3459,1.3459,1.3459,1.3459,233.9
TRUMP-USD-PERP.HYPERLIQUID,1771149660000,3.5168,3.5168,3.5168,3.5168,78.6
VVV-USD-PERP.HYPERLIQUID,1771149660000,3.9515,3.956,3.9515,3.956,844.1
BTC-USD-PERP.HYPERLIQUID,1771149660000,70359.0,70361.0,70359.0,70360.0,0.17913
ETH-USD-PERP.HYPERLIQUID,1771149660000,2066.2,2066.3,2066.2,2066.3,0.0143
MORPHO-USD-PERP.HYPERLIQUID,1771149660000,1.422,1.422,1.422,1.422,21.3
SYRUP-USD-PERP.HYPERLIQUID,1771149660000,0.27543,0.27543,0.27543,0.27543,70.0
VVV-USD-PERP.HYPERLIQUID,1771149660000,3.9515,3.956,3.9497,3.9497,944.1
ALGO-USD-PERP.HYPERLIQUID,1771149660000,0.098677,0.098677,0.098677,0.098677,362.0
AVAX-USD-PERP.HYPERLIQUID,1771149660000,9.5753,9.5753,9.5753,9.5753,501.84
BTC-USD-PERP.HYPERLIQUID,1771149660000,70359.0,70366.0,70359.0,70366.0,0.33545
VVV-USD-PERP.HYPERLIQUID,1771149660000,3.9515,3.956,3.9474,3.9474,1037.32
XRP-USD-PERP.HYPERLIQUID,1771149660000,1.5859,1.5861,1.5857,1.5857,12732.0
ZEC-USD-PERP.HYPERLIQUID,1771149660000,310.19,310.25,310.15,310.15,3.28
AZTEC-USD-PERP.HYPERLIQUID,1771149660000,0.023551,0.023551,0.023551,0.023551,509.0
BTC-USD-PERP.HYPERLIQUID,1771149660000,70359.0,70368.0,70359.0,70368.0,0.50435
DYDX-USD-PERP.HYPERLIQUID,1771149660000,0.11185,0.11186,0.11185,0.11186,173.1
GRASS-USD-PERP.HYPERLIQUID,1771149660000,0.22215,0.22215,0.22215,0.22215,92.0
PUMP-USD-PERP.HYPERLIQUID,1771149660000,0.002298,0.002298,0.002298,0.002298,25146.0
XRP-USD-PERP.HYPERLIQUID,1771149660000,1.5859,1.5861,1.5857,1.5858,12739.0
ZEC-USD-PERP.HYPERLIQUID,1771149660000,310.19,310.25,310.15,310.16,3.33
BTC-USD-PERP.HYPERLIQUID,1771149660000,70359.0,70368.0,70359.0,70368.0,0.50536
DOGE-USD-PERP.HYPERLIQUID,1771149660000,0.11425,0.11425,0.11425,0.11425,131.0
DOGE-USD-PERP.HYPERLIQUID,1771149660000,0.11425,0.11426,0.11425,0.11426,622.0
OM-USD-PERP.HYPERLIQUID,1771149660000,0.06165,0.06165,0.06165,0.06165,275.8
ZEC-USD-PERP.HYPERLIQUID,1771149660000,310.19,310.25,310.15,310.15,6.13
AVAX-USD-PERP.HYPERLIQUID,1771149660000,9.5753,9.5773,9.5753,9.5773,511.85
ETH-USD-PERP.HYPERLIQUID,1771149660000,2066.2,2066.3,2066.2,2066.2,0.4918
FET-USD-PERP.HYPERLIQUID,1771149660000,0.17844,0.17844,0.17844,0.17844,308.0
PNUT-USD-PERP.HYPERLIQUID,1771149660000,0.05281,0.05281,0.05281,0.05281,2349.3
POLYX-USD-PERP.HYPERLIQUID,1771149660000,0.046533,0.046533,0.046533,0.046533,900.0
RESOLV-USD-PERP.HYPERLIQUID,1771149660000,0.062151,0.062151,0.062151,0.062151,476.0
TRX-USD-PERP.HYPERLIQUID,1771149660000,0.28089,0.28089,0.28089,0.28089,1556.0
VVV-USD-PERP.HYPERLIQUID,1771149660000,3.9515,3.956,3.9457,3.9457,1040.32
XRP-USD-PERP.HYPERLIQUID,1771149660000,1.5859,1.5862,1.5857,1.5862,14739.0
kPEPE-USD-PERP.HYPERLIQUID,1771149660000,0.004792,0.004793,0.004791,0.004793,552459.0
APE-USD-PERP.HYPERLIQUID,1771149660000,0.13566,0.13566,0.13566,0.13566,261.3
LINK-USD-PERP.HYPERLIQUID,1771149660000,9.1128,9.1157,9.1128,9.1157,19.5
AAVE-USD-PERP.HYPERLIQUID,1771149660000,129.24,129.24,129.24,129.24,10.0
BTC-USD-PERP.HYPERLIQUID,1771149660000,70359.0,70368.0,70359.0,70367.0,0.77888
CAKE-USD-PERP.HYPERLIQUID,1771149660000,1.3459,1.3471,1.3459,1.3471,250.8
DOGE-USD-PERP.HYPERLIQUID,1771149660000,0.11425,0.11427,0.11425,0.11427,2265.0
FET-USD-PERP.HYPERLIQUID,1771149660000,0.17844,0.17844,0.17841,0.17841,403.0
VVV-USD-PERP.HYPERLIQUID,1771149660000,3.9515,3.956,3.9457,3.946,1053.27
XRP-USD-PERP.HYPERLIQUID,1771149660000,1.5859,1.5863,1.5857,1.5863,15207.0
ZEC-USD-PERP.HYPERLIQUID,1771149660000,310.19,310.25,309.94,309.94,13.73
PENDLE-USD-PERP.HYPERLIQUID,1771149660000,1.2988,1.2988,1.2979,1.2979,35.0
TRX-USD-PERP.HYPERLIQUID,1771149660000,0.28089,0.28089,0.28089,0.28089,1817.0
BCH-USD-PERP.HYPERLIQUID,1771149660000,560.1,560.1,560.1,560.1,0.038
BTC-USD-PERP.HYPERLIQUID,1771149660000,70359.0,70368.0,70359.0,70368.0,0.8073
ETH-USD-PERP.HYPERLIQUID,1771149660000,2066.2,2066.3,2066.2,2066.2,0.4977
ICP-USD-PERP.HYPERLIQUID,1771149660000,2.509,2.509,2.509,2.509,500.0
LIT-USD-PERP.HYPERLIQUID,1771149660000,1.7108,1.7114,1.7108,1.7109,435.0
SKR-USD-PERP.HYPERLIQUID,1771149660000,0.022709,0.022709,0.022709,0.022709,674.0
ACE-USD-PERP.HYPERLIQUID,1771149660000,0.18,0.18,0.18,0.18,621.22
APEX-USD-PERP.HYPERLIQUID,1771149660000,0.36427,0.36427,0.3638,0.3638,1178.0
CC-USD-PERP.HYPERLIQUID,1771149660000,0.16057,0.16057,0.16057,0.16057,104.0
RENDER-USD-PERP.HYPERLIQUID,1771149660000,1.48,1.48,1.48,1.48,79.1
SAGA-USD-PERP.HYPERLIQUID,1771149660000,0.03352,0.03352,0.03352,0.03352,474.6
VVV-USD-PERP.HYPERLIQUID,1771149660000,3.9515,3.956,3.9457,3.9493,1585.4
BTC-USD-PERP.HYPERLIQUID,1771149660000,70359.0,70368.0,70359.0,70368.0,0.8075
HYPE-USD-PERP.HYPERLIQUID,1771149660000,31.139,31.139,31.132,31.133,76.83
ICP-USD-PERP.HYPERLIQUID,1771149660000,2.509,2.5091,2.509,2.5091,1000.0
JTO-USD-PERP.HYPERLIQUID,1771149660000,0.28054,0.28054,0.28054,0.28054,104.0
MET-USD-PERP.HYPERLIQUID,1771149660000,0.23063,0.23063,0.23063,0.23063,70.0
MNT-USD-PERP.HYPERLIQUID,1771149660000,0.67157,0.67183,0.67151,0.67183,1946.6
NEAR-USD-PERP.HYPERLIQUID,1771149660000,1.0785,1.0785,1.0785,1.0785,34.0
TRB-USD-PERP.HYPERLIQUID,1771149660000,16.453,16.453,16.453,16.453,1.03
VVV-USD-PERP.HYPERLIQUID,1771149660000,3.9515,3.956,3.9378,3.9378,1591.7
AAVE-USD-PERP.HYPERLIQUID,1771149660000,129.24,129.24,129.24,129.24,20.0
BLAST-USD-PERP.HYPERLIQUID,1771149660000,0.000639,0.000639,0.000639,0.000639,941915.0
NEAR-USD-PERP.HYPERLIQUID,1771149660000,1.0785,1.0785,1.0785,1.0785,83.1
TRX-USD-PERP.HYPERLIQUID,1771149660000,0.28089,0.28089,0.28089,0.28089,3116.0
AAVE-USD-PERP.HYPERLIQUID,1771149660000,129.24,129.25,129.24,129.25,20.13
AVAX-USD-PERP.HYPERLIQUID,1771149660000,9.5753,9.5784,9.5753,9.5784,543.04
ETH-USD-PERP.HYPERLIQUID,1771149660000,2066.2,2066.3,2066.2,2066.3,1.3277
SOL-USD-PERP.HYPERLIQUID,1771149660000,89.92,89.931,89.92,89.931,0.83
ACE-USD-PERP.HYPERLIQUID,1771149660000,0.18,0.18,0.18,0.18,1233.95
BERA-USD-PERP.HYPERLIQUID,1771149660000,0.6657,0.6657,0.66531,0.66531,1198.2
BTC-USD-PERP.HYPERLIQUID,1771149660000,70359.0,70369.0,70359.0,70369.0,0.83592
ETH-USD-PERP.HYPERLIQUID,1771149660000,2066.2,2066.3,2066.2,2066.3,1.3389
TRX-USD-PERP.HYPERLIQUID,1771149660000,0.28089,0.28089,0.28089,0.28089,3228.0
XRP-USD-PERP.HYPERLIQUID,1771149660000,1.5859,1.5863,1.5856,1.5856,15214.0
ZK-USD-PERP.HYPERLIQUID,1771149660000,0.022523,0.022523,0.022523,0.022523,833.0
AIXBT-USD-PERP.HYPERLIQUID,1771149660000,0.022116,0.022116,0.022116,0.022116,9049.0
BTC-USD-PERP.HYPERLIQUID,1771149660000,70359.0,70369.0,70359.0,70369.0,0.83707
ONDO-USD-PERP.HYPERLIQUID,1771149660000,0.28729,0.28741,0.28729,0.28741,5609.0
STX-USD-PERP.HYPERLIQUID,1771149660000,0.27493,0.27493,0.27493,0.27493,506.3
TRX-USD-PERP.HYPERLIQUID,1771149660000,0.28089,0.28089,0.28089,0.28089,3482.0
ASTER-USD-PERP.HYPERLIQUID,1771149660000,0.73519,0.73519,0.73431,0.73431,3593.0
CAKE-USD-PERP.HYPERLIQUID,1771149660000,1.3459,1.3471,1.3459,1.3471,287.9
HBAR-USD-PERP.HYPERLIQUID,1771149660000,0.10333,0.10333,0.10333,0.10333,314.0
SYRUP-USD-PERP.HYPERLIQUID,1771149660000,0.27543,0.27543,0.27542,0.27542,204.0
AAVE-USD-PERP.HYPERLIQUID,1771149660000,129.24,129.25,129.24,129.25,30.13
BTC-USD-PERP.HYPERLIQUID,1771149660000,70359.0,70369.0,70359.0,70369.0,0.84035
MAVIA-USD-PERP.HYPERLIQUID,1771149660000,0.0399,0.0399,0.0399,0.0399,454.9
ZEC-USD-PERP.HYPERLIQUID,1771149660000,310.19,310.25,309.94,310.04,18.67
ASTER-USD-PERP.HYPERLIQUID,1771149660000,0.73519,0.73519,0.73422,0.73422,3608.0
AVAX-USD-PERP.HYPERLIQUID,1771149660000,9.5753,9.5784,9.5753,9.5778,550.24
BLAST-USD-PERP.HYPERLIQUID,1771149660000,0.000639,0.000639,0.000638,0.000638,2414910.0
BTC-USD-PERP.HYPERLIQUID,1771149660000,70359.0,70373.0,70359.0,70373.0,0.90179
ETH-USD-PERP.HYPERLIQUID,1771149660000,2066.2,2066.9,2066.2,2066.9,1.3883
HYPE-USD-PERP.HYPERLIQUID,1771149660000,31.139,31.139,31.132,31.132,77.28
OP-USD-PERP.HYPERLIQUID,1771149660000,0.19477,0.19485,0.19477,0.19485,486.1
VVV-USD-PERP.HYPERLIQUID,1771149660000,3.9515,3.956,3.9378,3.9448,1596.78
ZEC-USD-PERP.HYPERLIQUID,1771149660000,310.19,310.25,309.94,310.04,21.67
CRV-USD-PERP.HYPERLIQUID,1771149660000,0.25952,0.25952,0.25952,0.25952,72.6
LINK-USD-PERP.HYPERLIQUID,1771149660000,9.1128,9.1214,9.1128,9.1214,29.4
MELANIA-USD-PERP.HYPERLIQUID,1771149660000,0.12415,0.12415,0.12415,0.12415,5.4
POL-USD-PERP.HYPERLIQUID,1771149660000,0.10973,0.10973,0.10973,0.10973,300.0
BLAST-USD-PERP.HYPERLIQUID,1771149660000,0.000639,0.000639,0.000638,0.000638,2528360.0
BTC-USD-PERP.HYPERLIQUID,1771149660000,70359.0,70373.0,70359.0,70373.0,1.00128
FET-USD-PERP.HYPERLIQUID,1771149660000,0.17844,0.17847,0.17841,0.17847,668.0
FOGO-USD-PERP.HYPERLIQUID,1771149660000,0.02297,0.02297,0.02297,0.02297,1304.0
HYPE-USD-PERP.HYPERLIQUID,1771149660000,31.139,31.14,31.132,31.14,79.31
PUMP-USD-PERP.HYPERLIQUID,1771149660000,0.002298,0.002299,0.002298,0.002299,44934.0
HYPE-USD-PERP.HYPERLIQUID,1771149660000,31.139,31.14,31.132,31.134,339.92
OP-USD-PERP.HYPERLIQUID,1771149660000,0.19477,0.19485,0.19477,0.19484,549.8
SEI-USD-PERP.HYPERLIQUID,1771149660000,0.07767,0.07767,0.07767,0.07767,128.0
ZEC-USD-PERP.HYPERLIQUID,1771149660000,310.19,310.25,309.81,309.81,33.09
AAVE-USD-PERP.HYPERLIQUID,1771149660000,129.24,129.26,129.24,129.25,40.13
ARB-USD-PERP.HYPERLIQUID,1771149660000,0.11886,0.11886,0.11886,0.11886,180.6
ASTER-USD-PERP.HYPERLIQUID,1771149660000,0.73519,0.73519,0.73391,0.73391,4086.0
BTC-USD-PERP.HYPERLIQUID,1771149660000,70359.0,70373.0,70359.0,70373.0,1.01688
CAKE-USD-PERP.HYPERLIQUID,1771149660000,1.3459,1.3471,1.3459,1.3471,300.4
DOGE-USD-PERP.HYPERLIQUID,1771149660000,0.11425,0.11427,0.11425,0.11425,4369.0
IMX-USD-PERP.HYPERLIQUID,1771149660000,0.17421,0.17421,0.17408,0.17408,3644.3
POPCAT-USD-PERP.HYPERLIQUID,1771149660000,0.056862,0.056862,0.056862,0.056862,462.0
ZEC-USD-PERP.HYPERLIQUID,1771149660000,310.19,310.25,309.66,309.66,48.85
kPEPE-USD-PERP.HYPERLIQUID,1771149660000,0.004792,0.004793,0.004791,0.004792,566557.0
ASTER-USD-PERP.HYPERLIQUID,1771149660000,0.73519,0.73519,0.73391,0.73391,4465.0
CAKE-USD-PERP.HYPERLIQUID,1771149660000,1.3459,1.3471,1.3459,1.3471,322.3
DYDX-USD-PERP.HYPERLIQUID,1771149660000,0.11185,0.11186,0.11177,0.11177,437.1
POLYX-USD-PERP.HYPERLIQUID,1771149660000,0.046533,0.046541,0.046533,0.046541,1460.0
AVNT-USD-PERP.HYPERLIQUID,1771149660000,0.20874,0.20874,0.20874,0.20874,73.0
BLAST-USD-PERP.HYPERLIQUID,1771149660000,0.000639,0.000639,0.000638,0.000638,2673330.0
BTC-USD-PERP.HYPERLIQUID,1771149660000,70359.0,70373.0,70359.0,70373.0,1.08407
CAKE-USD-PERP.HYPERLIQUID,1771149660000,1.3459,1.3471,1.3459,1.3471,340.6
FARTCOIN-USD-PERP.HYPERLIQUID,1771149660000,0.21182,0.21182,0.21182,0.21182,82.6
IMX-USD-PERP.HYPERLIQUID,1771149660000,0.17421,0.17424,0.17408,0.17424,4285.2
ONDO-USD-PERP.HYPERLIQUID,1771149660000,0.28729,0.28741,0.28729,0.28738,5652.0
RESOLV-USD-PERP.HYPERLIQUID,1771149660000,0.062151,0.062151,0.06212,0.06212,1085.0
VVV-USD-PERP.HYPERLIQUID,1771149660000,3.9515,3.956,3.9378,3.945,1764.58
ARB-USD-PERP.HYPERLIQUID,1771149660000,0.11886,0.11886,0.11886,0.11886,325.5
FET-USD-PERP.HYPERLIQUID,1771149660000,0.17844,0.17847,0.17841,0.17847,807.0
LTC-USD-PERP.HYPERLIQUID,1771149660000,56.101,56.101,56.1,56.1,0.96
PENGU-USD-PERP.HYPERLIQUID,1771149660000,0.0076,0.007604,0.0076,0.007604,6526.0
ZEC-USD-PERP.HYPERLIQUID,1771149660000,310.19,310.25,309.66,309.79,529.58
ZK-USD-PERP.HYPERLIQUID,1771149660000,0.022523,0.022523,0.022515,0.022515,2719.0
BTC-USD-PERP.HYPERLIQUID,1771149660000,70359.0,70373.0,70359.0,70372.0,1.36827
HBAR-USD-PERP.HYPERLIQUID,1771149660000,0.10333,0.10333,0.10326,0.10326,48702.0
LINEA-USD-PERP.HYPERLIQUID,1771149660000,0.003868,0.003869,0.003868,0.003868,436076.0
MNT-USD-PERP.HYPERLIQUID,1771149660000,0.67157,0.67183,0.67151,0.67183,2048.0
ONDO-USD-PERP.HYPERLIQUID,1771149660000,0.28729,0.28741,0.28729,0.28738,5726.0
ARK-USD-PERP.HYPERLIQUID,1771149660000,0.20103,0.20103,0.20103,0.20103,213.0
BNB-USD-PERP.HYPERLIQUID,1771149660000,629.91,630.08,629.91,630.08,0.501
DYDX-USD-PERP.HYPERLIQUID,1771149660000,0.11185,0.11186,0.11177,0.11177,701.1
PAXG-USD-PERP.HYPERLIQUID,1771149660000,5038.5,5038.5,5038.5,5038.5,0.003
TRX-USD-PERP.HYPERLIQUID,1771149660000,0.28089,0.28089,0.28089,0.28089,5259.0
UNI-USD-PERP.HYPERLIQUID,1771149660000,3.5905,3.5905,3.5905,3.5905,8.5
XRP-USD-PERP.HYPERLIQUID,1771149660000,1.5859,1.5863,1.5856,1.5856,15221.0
ZEC-USD-PERP.HYPERLIQUID,1771149660000,310.19,310.25,309.66,310.0,529.62
AAVE-USD-PERP.HYPERLIQUID,1771149660000,129.24,129.26,129.24,129.24,50.13
ARB-USD-PERP.HYPERLIQUID,1771149660000,0.11886,0.11887,0.11886,0.11887,589.9
ASTER-USD-PERP.HYPERLIQUID,1771149660000,0.73519,0.73519,0.73387,0.73387,5253.0
BANANA-USD-PERP.HYPERLIQUID,1771149660000,4.8113,4.8113,4.8113,4.8113,6.0
CELO-USD-PERP.HYPERLIQUID,1771149660000,0.089298,0.089298,0.089298,0.089298,356.0
XRP-USD-PERP.HYPERLIQUID,1771149660000,1.5859,1.5863,1.5856,1.5861,15820.0
ZEC-USD-PERP.HYPERLIQUID,1771149660000,310.19,310.25,309.66,310.0,531.03
ADA-USD-PERP.HYPERLIQUID,1771149660000,0.29523,0.29541,0.29523,0.29541,101.0
BTC-USD-PERP.HYPERLIQUID,1771149660000,70359.0,70373.0,70359.0,70372.0,1.39669
HYPE-USD-PERP.HYPERLIQUID,1771149660000,31.139,31.14,31.132,31.136,340.29
ME-USD-PERP.HYPERLIQUID,1771149660000,0.14896,0.14906,0.14896,0.14906,6.2
SOL-USD-PERP.HYPERLIQUID,1771149660000,89.92,89.931,89.92,89.93,8.48
ALT-USD-PERP.HYPERLIQUID,1771149660000,0.008914,0.008914,0.008914,0.008914,1880.0
ASTER-USD-PERP.HYPERLIQUID,1771149660000,0.73519,0.73519,0.7338,0.7338,5630.0
BTC-USD-PERP.HYPERLIQUID,1771149660000,70359.0,70373.0,70359.0,70373.0,1.39701
LINEA-USD-PERP.HYPERLIQUID,1771149660000,0.003868,0.003872,0.003868,0.003872,443690.0
RESOLV-USD-PERP.HYPERLIQUID,1771149660000,0.062151,0.062151,0.062119,0.062119,1694.0
ZEC-USD-PERP.HYPERLIQUID,1771149660000,310.19,310.25,309.66,310.0,531.46
ASTER-USD-PERP.HYPERLIQUID,1771149660000,0.73519,0.73519,0.7338,0.7338,5666.0
DYM-USD-PERP.HYPERLIQUID,1771149660000,0.0464,0.0464,0.0464,0.0464,772.5
HYPE-USD-PERP.HYPERLIQUID,1771149660000,31.139,31.14,31.132,31.136,340.66
IP-USD-PERP.HYPERLIQUID,1771149660000,1.1746,1.1746,1.1746,1.1746,10.1
TRUMP-USD-PERP.HYPERLIQUID,1771149660000,3.5168,3.5187,3.5168,3.5187,106.3
XLM-USD-PERP.HYPERLIQUID,1771149660000,0.17743,0.17743,0.17743,0.17743,100.0
XMR-USD-PERP.HYPERLIQUID,1771149660000,349.55,349.55,349.55,349.55,1.006
AAVE-USD-PERP.HYPERLIQUID,1771149660000,129.24,129.26,129.24,129.25,60.13
ARB-USD-PERP.HYPERLIQUID,1771149660000,0.11886,0.11887,0.11886,0.11887,940.6
OP-USD-PERP.HYPERLIQUID,1771149660000,0.19477,0.19485,0.19477,0.19484,718.8
SOL-USD-PERP.HYPERLIQUID,1771149660000,89.92,89.931,89.92,89.931,8.82
VVV-USD-PERP.HYPERLIQUID,1771149660000,3.9515,3.956,3.9378,3.9436,1932.38
ZEC-USD-PERP.HYPERLIQUID,1771149660000,310.19,310.25,309.66,310.01,534.52
BTC-USD-PERP.HYPERLIQUID,1771149660000,70359.0,70379.0,70359.0,70379.0,1.44393
CAKE-USD-PERP.HYPERLIQUID,1771149660000,1.3459,1.3471,1.3459,1.3471,372.7
CRV-USD-PERP.HYPERLIQUID,1771149660000,0.25952,0.25952,0.25942,0.25942,132.1
DYDX-USD-PERP.HYPERLIQUID,1771149660000,0.11185,0.11186,0.11177,0.11177,865.1
FARTCOIN-USD-PERP.HYPERLIQUID,1771149660000,0.21182,0.21182,0.21181,0.21181,137.6
HYPE-USD-PERP.HYPERLIQUID,1771149660000,31.139,31.14,31.132,31.138,341.68
JUP-USD-PERP.HYPERLIQUID,1771149660000,0.16683,0.16683,0.16683,0.16683,858.0
MAVIA-USD-PERP.HYPERLIQUID,1771149660000,0.0399,0.0399,0.0399,0.0399,1427.7
NEO-USD-PERP.HYPERLIQUID,1771149660000,2.9148,2.9148,2.9148,2.9148,4.55
TRX-USD-PERP.HYPERLIQUID,1771149660000,0.28089,0.28089,0.28089,0.28089,5373.0
TURBO-USD-PERP.HYPERLIQUID,1771149660000,0.001173,0.001173,0.001173,0.001173,26422.0
XRP-USD-PERP.HYPERLIQUID,1771149660000,1.5859,1.5863,1.5856,1.586,16243.0
ZEC-USD-PERP.HYPERLIQUID,1771149660000,310.19,310.25,309.66,310.08,534.66
ALGO-USD-PERP.HYPERLIQUID,1771149660000,0.098677,0.098735,0.098677,0.098735,3810.0
MINA-USD-PERP.HYPERLIQUID,1771149660000,0.06823,0.06823,0.06823,0.06823,16.0
NEAR-USD-PERP.HYPERLIQUID,1771149660000,1.0785,1.0785,1.0785,1.0785,174.4
WLD-USD-PERP.HYPERLIQUID,1771149660000,0.42376,0.42377,0.42376,0.42377,64.7
ZEC-USD-PERP.HYPERLIQUID,1771149660000,310.19,310.25,309.66,310.08,538.21
DOT-USD-PERP.HYPERLIQUID,1771149660000,1.4131,1.4131,1.4131,1.4131,147.7
ETH-USD-PERP.HYPERLIQUID,1771149660000,2066.2,2067.0,2066.2,2067.0,1.3939
HYPE-USD-PERP.HYPERLIQUID,1771149660000,31.139,31.14,31.132,31.14,342.05
ICP-USD-PERP.HYPERLIQUID,1771149660000,2.509,2.5112,2.509,2.5112,1012.0
ZEC-USD-PERP.HYPERLIQUID,1771149660000,310.19,310.25,309.66,310.07,538.6
AAVE-USD-PERP.HYPERLIQUID,1771149660000,129.24,129.26,129.24,129.25,70.13
LTC-USD-PERP.HYPERLIQUID,1771149660000,56.101,56.106,56.1,56.106,1.2
TIA-USD-PERP.HYPERLIQUID,1771149660000,0.35459,0.35459,0.35459,0.35459,49.0
XRP-USD-PERP.HYPERLIQUID,1771149660000,1.5859,1.5863,1.5856,1.5856,16253.0
ZEC-USD-PERP.HYPERLIQUID,1771149660000,310.19,310.25,309.66,310.07,539.03
kPEPE-USD-PERP.HYPERLIQUID,1771149660000,0.004792,0.004793,0.004789,0.004789,676735.0
BTC-USD-PERP.HYPERLIQUID,1771149660000,70359.0,70379.0,70359.0,70379.0,1.44515
FET-USD-PERP.HYPERLIQUID,1771149660000,0.17844,0.17847,0.17841,0.17847,990.0
LAYER-USD-PERP.HYPERLIQUID,1771149660000,0.092908,0.092908,0.092908,0.092908,314.0
LDO-USD-PERP.HYPERLIQUID,1771149660000,0.35588,0.35588,0.35588,0.35588,85.3
LIT-USD-PERP.HYPERLIQUID,1771149660000,1.7108,1.7128,1.7108,1.7128,441.0
VVV-USD-PERP.HYPERLIQUID,1771149660000,3.9515,3.956,3.9378,3.9438,2010.4
ZEC-USD-PERP.HYPERLIQUID,1771149660000,310.19,310.25,309.66,310.06,539.27
ETH-USD-PERP.HYPERLIQUID,1771149660000,2066.2,2067.0,2066.2,2067.0,1.4043
PENGU-USD-PERP.HYPERLIQUID,1771149660000,0.0076,0.007604,0.0076,0.007602,8076.0
TRX-USD-PERP.HYPERLIQUID,1771149660000,0.28089,0.28089,0.28089,0.28089,5625.0
ZEC-USD-PERP.HYPERLIQUID,1771149660000,310.19,310.25,309.66,310.06,543.64
kPEPE-USD-PERP.HYPERLIQUID,1771149660000,0.004792,0.004793,0.004786,0.004786,863740.0
XRP-USD-PERP.HYPERLIQUID,1771149660000,1.5859,1.5863,1.5856,1.5856,16301.0
BTC-USD-PERP.HYPERLIQUID,1771149660000,70359.0,70379.0,70359.0,70379.0,1.44557
LINK-USD-PERP.HYPERLIQUID,1771149660000,9.1128,9.1223,9.1128,9.1223,36.8
MOODENG-USD-PERP.HYPERLIQUID,1771149660000,0.060361,0.060361,0.060361,0.060361,2246.0
MORPHO-USD-PERP.HYPERLIQUID,1771149660000,1.422,1.422,1.4209,1.4209,35.0
TRB-USD-PERP.HYPERLIQUID,1771149660000,16.453,16.469,16.453,16.469,5.66
ZEC-USD-PERP.HYPERLIQUID,1771149660000,310.19,310.25,309.66,310.12,560.19
BTC-USD-PERP.HYPERLIQUID,1771149660000,70359.0,70379.0,70359.0,70379.0,1.44641
KAITO-USD-PERP.HYPERLIQUID,1771149660000,0.32618,0.32618,0.32618,0.32618,41.0
VVV-USD-PERP.HYPERLIQUID,1771149660000,3.9515,3.956,3.9378,3.9467,2076.41
WLD-USD-PERP.HYPERLIQUID,1771149660000,0.42376,0.42385,0.42376,0.42385,166.6
ZEC-USD-PERP.HYPERLIQUID,1771149660000,310.19,310.25,309.66,310.13,586.64
AAVE-USD-PERP.HYPERLIQUID,1771149660000,129.24,129.27,129.24,129.25,80.13
BTC-USD-PERP.HYPERLIQUID,1771149660000,70359.0,70379.0,70359.0,70379.0,1.44657
ETH-USD-PERP.HYPERLIQUID,1771149660000,2066.2,2067.0,2066.2,2066.9,2.4758
HYPE-USD-PERP.HYPERLIQUID,1771149660000,31.139,31.14,31.132,31.14,342.99
SOL-USD-PERP.HYPERLIQUID,1771149660000,89.92,89.931,89.92,89.931,8.95
TRX-USD-PERP.HYPERLIQUID,1771149660000,0.28089,0.28089,0.28089,0.28089,6196.0
YGG-USD-PERP.HYPERLIQUID,1771149660000,0.042426,0.042426,0.042426,0.042426,638.0
kPEPE-USD-PERP.HYPERLIQUID,1771149660000,0.004792,0.004793,0.004786,0.004787,866323.0
ETH-USD-PERP.HYPERLIQUID,1771149660000,2066.2,2067.0,2066.2,2066.9,3.6153
OP-USD-PERP.HYPERLIQUID,1771149660000,0.19477,0.19485,0.19477,0.19484,800.0
S-USD-PERP.HYPERLIQUID,1771149660000,0.049899,0.049899,0.049899,0.049899,2112.0
TRB-USD-PERP.HYPERLIQUID,1771149660000,16.453,16.47,16.453,16.47,12.6
VIRTUAL-USD-PERP.HYPERLIQUID,1771149660000,0.6768,0.6768,0.6768,0.6768,443.6
VVV-USD-PERP.HYPERLIQUID,1771149660000,3.9515,3.956,3.9378,3.9473,2118.4
AVNT-USD-PERP.HYPERLIQUID,1771149660000,0.20874,0.20874,0.20874,0.20874,156.0
BTC-USD-PERP.HYPERLIQUID,1771149660000,70359.0,70379.0,70359.0,70379.0,1.44752
FET-USD-PERP.HYPERLIQUID,1771149660000,0.17844,0.17847,0.17841,0.17847,1198.0
FET-USD-PERP.HYPERLIQUID,1771149660000,0.17844,0.17847,0.17841,0.17841,1556.0
IP-USD-PERP.HYPERLIQUID,1771149660000,1.1746,1.1746,1.1742,1.1742,26.3
MAV-USD-PERP.HYPERLIQUID,1771149660000,0.017081,0.017081,0.017081,0.017081,1753.0
WLD-USD-PERP.HYPERLIQUID,1771149660000,0.42376,0.42385,0.42376,0.42385,564.9
kBONK-USD-PERP.HYPERLIQUID,1771149660000,0.006964,0.006964,0.006964,0.006964,2463.0
BTC-USD-PERP.HYPERLIQUID,1771149660000,70359.0,70379.0,70359.0,70378.0,1.44869
DOGE-USD-PERP.HYPERLIQUID,1771149660000,0.11425,0.11431,0.11425,0.11431,4502.0
PENGU-USD-PERP.HYPERLIQUID,1771149660000,0.0076,0.007605,0.0076,0.007605,11295.0
UNI-USD-PERP.HYPERLIQUID,1771149660000,3.5905,3.5915,3.5905,3.5915,17.4
ZEC-USD-PERP.HYPERLIQUID,1771149660000,310.19,310.25,309.66,310.2,589.87
ARB-USD-PERP.HYPERLIQUID,1771149660000,0.11886,0.11887,0.11886,0.11887,1052.0
AXS-USD-PERP.HYPERLIQUID,1771149660000,1.4358,1.4361,1.4358,1.4361,1489.0
LDO-USD-PERP.HYPERLIQUID,1771149660000,0.35588,0.35588,0.35575,0.35575,181.7
LINK-USD-PERP.HYPERLIQUID,1771149660000,9.1128,9.1223,9.1128,9.1222,38.1
NEAR-USD-PERP.HYPERLIQUID,1771149660000,1.0785,1.0786,1.0785,1.0786,193.4
OP-USD-PERP.HYPERLIQUID,1771149660000,0.19477,0.19485,0.19477,0.19484,880.5
RENDER-USD-PERP.HYPERLIQUID,1771149660000,1.48,1.48,1.48,1.48,86.9
SPX-USD-PERP.HYPERLIQUID,1771149660000,0.33218,0.33218,0.33218,0.33218,379.7
XLM-USD-PERP.HYPERLIQUID,1771149660000,0.17743,0.17752,0.17743,0.17752,195.0
ZEC-USD-PERP.HYPERLIQUID,1771149660000,310.19,310.25,309.66,310.14,589.98
AVAX-USD-PERP.HYPERLIQUID,1771149660000,9.5753,9.5789,9.5753,9.5789,564.16
CAKE-USD-PERP.HYPERLIQUID,1771149660000,1.3459,1.3471,1.3459,1.3471,425.2
SKY-USD-PERP.HYPERLIQUID,1771149660000,0.067659,0.067659,0.067659,0.067659,426.0
VVV-USD-PERP.HYPERLIQUID,1771149660000,3.9515,3.956,3.9378,3.9528,2233.15
MAVIA-USD-PERP.HYPERLIQUID,1771149660000,0.0399,0.0399,0.0399,0.0399,1885.9
ONDO-USD-PERP.HYPERLIQUID,1771149660000,0.28729,0.28741,0.28729,0.28738,5840.0
TAO-USD-PERP.HYPERLIQUID,1771149660000,189.15,189.15,189.15,189.15,0.125
VVV-USD-PERP.HYPERLIQUID,1771149660000,3.9515,3.956,3.9378,3.9505,2235.81
WLFI-USD-PERP.HYPERLIQUID,1771149660000,0.10703,0.10706,0.10703,0.10706,3254.0
VVV-USD-PERP.HYPERLIQUID,1771149660000,3.9515,3.956,3.9378,3.9499,2283.65
AVAX-USD-PERP.HYPERLIQUID,1771149660000,9.5753,9.5789,9.5753,9.5789,573.78
BTC-USD-PERP.HYPERLIQUID,1771149660000,70359.0,70379.0,70359.0,70378.0,1.44944
DOT-USD-PERP.HYPERLIQUID,1771149660000,1.4131,1.4132,1.4131,1.4132,197.7
HYPE-USD-PERP.HYPERLIQUID,1771149660000,31.139,31.14,31.132,31.139,343.02
LIT-USD-PERP.HYPERLIQUID,1771149660000,1.7108,1.713,1.7108,1.713,459.0
SOL-USD-PERP.HYPERLIQUID,1771149660000,89.92,89.931,89.92,89.93,9.36
SPX-USD-PERP.HYPERLIQUID,1771149660000,0.33218,0.33221,0.33218,0.33221,753.4
SUI-USD-PERP.HYPERLIQUID,1771149660000,1.0223,1.0223,1.0223,1.0223,0.1
AAVE-USD-PERP.HYPERLIQUID,1771149660000,129.24,129.29,129.24,129.28,90.13
BABY-USD-PERP.HYPERLIQUID,1771149660000,0.013998,0.013998,0.013998,0.013998,2879.0
IMX-USD-PERP.HYPERLIQUID,1771149660000,0.17421,0.17426,0.17408,0.17426,4352.9
VVV-USD-PERP.HYPERLIQUID,1771149660000,3.9515,3.956,3.9378,3.9506,2348.65
WIF-USD-PERP.HYPERLIQUID,1771149660000,0.2446,0.2446,0.2446,0.2446,91.0
XPL-USD-PERP.HYPERLIQUID,1771149660000,0.10127,0.10127,0.10127,0.10127,345.0
AVAX-USD-PERP.HYPERLIQUID,1771149660000,9.5753,9.5789,9.5753,9.5789,629.46
HYPE-USD-PERP.HYPERLIQUID,1771149660000,31.139,31.14,31.132,31.139,343.48
ONDO-USD-PERP.HYPERLIQUID,1771149660000,0.28729,0.28742,0.28729,0.28742,5906.0
OP-USD-PERP.HYPERLIQUID,1771149660000,0.19477,0.19485,0.19477,0.19484,939.7
SOL-USD-PERP.HYPERLIQUID,1771149660000,89.92,89.931,89.92,89.931,9.48
ALGO-USD-PERP.HYPERLIQUID,1771149660000,0.098677,0.098768,0.098677,0.098768,4385.0
AVAX-USD-PERP.HYPERLIQUID,1771149660000,9.5753,9.5838,9.5753,9.5838,674.73
IMX-USD-PERP.HYPERLIQUID,1771149660000,0.17421,0.17426,0.17408,0.17417,4524.9
SOL-USD-PERP.HYPERLIQUID,1771149660000,89.92,89.935,89.92,89.935,9.71
TRX-USD-PERP.HYPERLIQUID,1771149660000,0.28089,0.28089,0.28089,0.28089,6649.0
ZEC-USD-PERP.HYPERLIQUID,1771149660000,310.19,310.25,309.66,310.18,594.1
ZK-USD-PERP.HYPERLIQUID,1771149660000,0.022523,0.022525,0.022515,0.022525,4179.0
kPEPE-USD-PERP.HYPERLIQUID,1771149660000,0.004792,0.004793,0.004786,0.004789,870569.0
BERA-USD-PERP.HYPERLIQUID,1771149660000,0.6657,0.6657,0.66499,0.66517,3104.5
HYPE-USD-PERP.HYPERLIQUID,1771149660000,31.139,31.143,31.132,31.143,343.85
IO-USD-PERP.HYPERLIQUID,1771149660000,0.11021,0.11021,0.11021,0.11021,177.7
MNT-USD-PERP.HYPERLIQUID,1771149660000,0.67157,0.67183,0.67142,0.67142,3380.5
STRK-USD-PERP.HYPERLIQUID,1771149660000,0.05082,0.05082,0.05082,0.05082,996.0
VVV-USD-PERP.HYPERLIQUID,1771149660000,3.9515,3.956,3.9378,3.9506,2436.04
XRP-USD-PERP.HYPERLIQUID,1771149660000,1.5859,1.5866,1.5856,1.5866,16489.0
ARB-USD-PERP.HYPERLIQUID,1771149660000,0.11886,0.11889,0.11886,0.11889,1772.1
TRX-USD-PERP.HYPERLIQUID,1771149660000,0.28089,0.28089,0.28089,0.28089,6742.0
ZEC-USD-PERP.HYPERLIQUID,1771149660000,310.19,310.25,309.66,310.18,594.15
BTC-USD-PERP.HYPERLIQUID,1771149660000,70359.0,70379.0,70359.0,70378.0,1.46605
CFX-USD-PERP.HYPERLIQUID,1771149660000,0.056635,0.056635,0.056635,0.056635,338.0
ENA-USD-PERP.HYPERLIQUID,1771149660000,0.1272,0.12722,0.1272,0.12722,599.0
IMX-USD-PERP.HYPERLIQUID,1771149660000,0.17421,0.17429,0.17408,0.17429,4747.3
SOL-USD-PERP.HYPERLIQUID,1771149660000,89.92,89.948,89.92,89.948,9.85
STBL-USD-PERP.HYPERLIQUID,1771149660000,0.039627,0.039627,0.039627,0.039627,11.0
VVV-USD-PERP.HYPERLIQUID,1771149660000,3.9515,3.956,3.9378,3.9506,2746.83
ZEC-USD-PERP.HYPERLIQUID,1771149660000,310.19,310.25,309.66,310.18,612.1
ATOM-USD-PERP.HYPERLIQUID,1771149660000,2.1708,2.1708,2.1708,2.1708,20.0
BTC-USD-PERP.HYPERLIQUID,1771149660000,70359.0,70379.0,70359.0,70378.0,1.46787
LIT-USD-PERP.HYPERLIQUID,1771149660000,1.7108,1.7133,1.7108,1.7133,477.0
MERL-USD-PERP.HYPERLIQUID,1771149660000,0.064084,0.064084,0.064084,0.064084,345.0
TRX-USD-PERP.HYPERLIQUID,1771149660000,0.28089,0.28089,0.28089,0.28089,7081.0
ETH-USD-PERP.HYPERLIQUID,1771149660000,2066.2,2067.4,2066.2,2067.4,3.6209
FIL-USD-PERP.HYPERLIQUID,1771149660000,1.0033,1.0033,1.0033,1.0033,451.8
HYPE-USD-PERP.HYPERLIQUID,1771149660000,31.139,31.143,31.132,31.143,344.22
ZEC-USD-PERP.HYPERLIQUID,1771149660000,310.19,310.25,309.66,310.18,612.15
GAS-USD-PERP.HYPERLIQUID,1771149660000,1.704,1.704,1.704,1.704,9.9
OP-USD-PERP.HYPERLIQUID,1771149660000,0.19477,0.19485,0.19477,0.19484,1024.1
POL-USD-PERP.HYPERLIQUID,1771149660000,0.10973,0.10973,0.10961,0.10961,70300.0
SKR-USD-PERP.HYPERLIQUID,1771149660000,0.022709,0.022709,0.022683,0.022683,9486.0
BTC-USD-PERP.HYPERLIQUID,1771149660000,70359.0,70379.0,70359.0,70378.0,1.46804
LTC-USD-PERP.HYPERLIQUID,1771149660000,56.101,56.139,56.1,56.139,1.76
OP-USD-PERP.HYPERLIQUID,1771149660000,0.19477,0.19485,0.19477,0.19484,1090.3
SOL-USD-PERP.HYPERLIQUID,1771149660000,89.92,89.954,89.92,89.954,10.49
VIRTUAL-USD-PERP.HYPERLIQUID,1771149660000,0.6768,0.67711,0.6768,0.67711,460.9
ZEC-USD-PERP.HYPERLIQUID,1771149660000,310.19,310.25,309.66,310.18,612.2
BTC-USD-PERP.HYPERLIQUID,1771149660000,70359.0,70387.0,70359.0,70387.0,1.99547
LIT-USD-PERP.HYPERLIQUID,1771149660000,1.7108,1.7147,1.7108,1.7147,487.0
OM-USD-PERP.HYPERLIQUID,1771149660000,0.06165,0.0618,0.06165,0.0618,27019.2
RESOLV-USD-PERP.HYPERLIQUID,1771149660000,0.062151,0.062151,0.062119,0.062151,2260.0
SAND-USD-PERP.HYPERLIQUID,1771149660000,0.09148,0.09148,0.09148,0.09148,201.0
ZEC-USD-PERP.HYPERLIQUID,1771149660000,310.19,310.25,309.66,310.01,615.12
kNEIRO-USD-PERP.HYPERLIQUID,1771149660000,0.08057,0.08057,0.08057,0.08057,203.4
BTC-USD-PERP.HYPERLIQUID,1771149660000,70359.0,70387.0,70359.0,70386.0,1.99849
INIT-USD-PERP.HYPERLIQUID,1771149660000,0.070945,0.070945,0.070945,0.070945,6.0
MNT-USD-PERP.HYPERLIQUID,1771149660000,0.67157,0.67194,0.67142,0.67194,3397.4
ONDO-USD-PERP.HYPERLIQUID,1771149660000,0.28729,0.28742,0.28729,0.28741,5991.0
PYTH-USD-PERP.HYPERLIQUID,1771149660000,0.056849,0.056849,0.056849,0.056849,4399.0
TON-USD-PERP.HYPERLIQUID,1771149660000,1.4808,1.4808,1.4808,1.4808,7.8
TRUMP-USD-PERP.HYPERLIQUID,1771149660000,3.5168,3.5201,3.5168,3.5201,117.2
ZORA-USD-PERP.HYPERLIQUID,1771149660000,0.021839,0.021839,0.021839,0.021839,1367.0
BIO-USD-PERP.HYPERLIQUID,1771149660000,0.02553,0.02553,0.02553,0.02553,3922.0
ETH-USD-PERP.HYPERLIQUID,1771149660000,2066.2,2067.5,2066.2,2067.5,6.7915
APT-USD-PERP.HYPERLIQUID,1771149660000,0.9709,0.9709,0.9709,0.9709,16.24
BTC-USD-PERP.HYPERLIQUID,1771149660000,70359.0,70387.0,70359.0,70386.0,2.08374
VVV-USD-PERP.HYPERLIQUID,1771149660000,3.9515,3.956,3.9378,3.9471,2831.5
DOT-USD-PERP.HYPERLIQUID,1771149660000,1.4131,1.4137,1.4131,1.4137,222.3
PUMP-USD-PERP.HYPERLIQUID,1771149660000,0.002298,0.002299,0.002298,0.002299,49585.0
XRP-USD-PERP.HYPERLIQUID,1771149660000,1.5859,1.5866,1.5856,1.5864,16497.0
BERA-USD-PERP.HYPERLIQUID,1771149660000,0.6657,0.6657,0.66499,0.66505,3368.8
FET-USD-PERP.HYPERLIQUID,1771149660000,0.17844,0.17847,0.17841,0.17847,1722.0
MINA-USD-PERP.HYPERLIQUID,1771149660000,0.06823,0.068235,0.06823,0.068235,32.0
TRX-USD-PERP.HYPERLIQUID,1771149660000,0.28089,0.28089,0.28089,0.28089,7387.0
ZRO-USD-PERP.HYPERLIQUID,1771149660000,1.8757,1.8757,1.8757,1.8757,8.1
ARB-USD-PERP.HYPERLIQUID,1771149660000,0.11886,0.11889,0.11886,0.11889,1881.0
FET-USD-PERP.HYPERLIQUID,1771149660000,0.17844,0.17847,0.17841,0.17847,2027.0
POPCAT-USD-PERP.HYPERLIQUID,1771149660000,0.056862,0.056876,0.056862,0.056876,643.0
kLUNC-USD-PERP.HYPERLIQUID,1771149660000,0.03642,0.03642,0.03642,0.03642,494.0
FET-USD-PERP.HYPERLIQUID,1771149660000,0.17844,0.17847,0.17841,0.17847,2201.0
MERL-USD-PERP.HYPERLIQUID,1771149660000,0.064084,0.064084,0.064049,0.06406,11347.0
VVV-USD-PERP.HYPERLIQUID,1771149660000,3.9515,3.956,3.9378,3.9472,2988.65
APT-USD-PERP.HYPERLIQUID,1771149660000,0.9709,0.9709,0.9709,0.9709,26.55
AVAX-USD-PERP.HYPERLIQUID,1771149660000,9.5753,9.5841,9.5753,9.5841,700.67
BERA-USD-PERP.HYPERLIQUID,1771149660000,0.6657,0.6657,0.66499,0.66529,4119.0
CAKE-USD-PERP.HYPERLIQUID,1771149660000,1.3459,1.3481,1.3459,1.3481,461.1
FET-USD-PERP.HYPERLIQUID,1771149660000,0.17844,0.17848,0.17841,0.17848,2785.0
BTC-USD-PERP.HYPERLIQUID,1771149660000,70359.0,70387.0,70359.0,70386.0,2.11215
GAS-USD-PERP.HYPERLIQUID,1771149660000,1.704,1.704,1.703,1.703,20.6
HYPE-USD-PERP.HYPERLIQUID,1771149660000,31.139,31.143,31.132,31.137,387.51
TAO-USD-PERP.HYPERLIQUID,1771149660000,189.15,189.27,189.15,189.27,0.182
ONDO-USD-PERP.HYPERLIQUID,1771149660000,0.28729,0.28742,0.28729,0.28738,6048.0
PAXG-USD-PERP.HYPERLIQUID,1771149660000,5038.5,5038.5,5038.5,5038.5,0.201
PYTH-USD-PERP.HYPERLIQUID,1771149660000,0.056849,0.056849,0.056846,0.056846,5721.0
VVV-USD-PERP.HYPERLIQUID,1771149660000,3.9515,3.9584,3.9378,3.9584,3941.84
ZEC-USD-PERP.HYPERLIQUID,1771149660000,310.19,310.25,309.66,310.01,615.34
ETH-USD-PERP.HYPERLIQUID,1771149660000,2066.2,2067.5,2066.2,2067.4,6.7974
LIT-USD-PERP.HYPERLIQUID,1771149660000,1.7108,1.7147,1.7108,1.7129,1055.0
kFLOKI-USD-PERP.HYPERLIQUID,1771149660000,0.033959,0.033959,0.033959,0.033959,496.0
BTC-USD-PERP.HYPERLIQUID,1771149660000,70359.0,70387.0,70359.0,70386.0,2.15215
HYPE-USD-PERP.HYPERLIQUID,1771149660000,31.139,31.143,31.132,31.135,387.56
INIT-USD-PERP.HYPERLIQUID,1771149660000,0.070945,0.070945,0.070937,0.070937,4206.0
ONDO-USD-PERP.HYPERLIQUID,1771149660000,0.28729,0.28742,0.28729,0.28738,6095.0
WLD-USD-PERP.HYPERLIQUID,1771149660000,0.42376,0.42385,0.42376,0.42385,592.4
ZEC-USD-PERP.HYPERLIQUID,1771149660000,310.19,310.25,309.66,310.01,615.56
BTC-USD-PERP.HYPERLIQUID,1771149660000,70359.0,70387.0,70359.0,70386.0,2.30429
ETH-USD-PERP.HYPERLIQUID,1771149660000,2066.2,2067.5,2066.2,2067.5,7.7974
INIT-USD-PERP.HYPERLIQUID,1771149660000,0.070945,0.070945,0.070937,0.070945,13688.0
MINA-USD-PERP.HYPERLIQUID,1771149660000,0.06823,0.068235,0.06823,0.06823,807.0
ONDO-USD-PERP.HYPERLIQUID,1771149660000,0.28729,0.28742,0.28729,0.28738,6824.0
SUSHI-USD-PERP.HYPERLIQUID,1771149660000,0.21633,0.21633,0.21633,0.21633,133.1
HYPE-USD-PERP.HYPERLIQUID,1771149660000,31.139,31.143,31.132,31.133,387.93
LINK-USD-PERP.HYPERLIQUID,1771149660000,9.1128,9.1235,9.1128,9.1235,40.1
VVV-USD-PERP.HYPERLIQUID,1771149660000,3.9515,3.9584,3.9378,3.9502,3946.37
INIT-USD-PERP.HYPERLIQUID,1771149660000,0.070945,0.070945,0.070937,0.070937,18508.0
ZEC-USD-PERP.HYPERLIQUID,1771149660000,310.19,310.25,309.66,310.02,615.6
kPEPE-USD-PERP.HYPERLIQUID,1771149660000,0.004792,0.004793,0.004786,0.004788,883254.0
MANTA-USD-PERP.HYPERLIQUID,1771149660000,0.07824,0.07824,0.07824,0.07824,212.8
SOL-USD-PERP.HYPERLIQUID,1771149660000,89.92,89.956,89.92,89.956,10.69
VVV-USD-PERP.HYPERLIQUID,1771149660000,3.9515,3.9584,3.9378,3.9537,3980.73
BTC-USD-PERP.HYPERLIQUID,1771149660000,70359.0,70387.0,70359.0,70386.0,2.30798
CAKE-USD-PERP.HYPERLIQUID,1771149660000,1.3459,1.3481,1.3459,1.3481,495.8
DOGE-USD-PERP.HYPERLIQUID,1771149660000,0.11425,0.11439,0.11425,0.11439,5684.0
DOT-USD-PERP.HYPERLIQUID,1771149660000,1.4131,1.4137,1.4131,1.4137,253.9
HYPE-USD-PERP.HYPERLIQUID,1771149660000,31.139,31.143,31.132,31.132,388.59
RENDER-USD-PERP.HYPERLIQUID,1771149660000,1.48,1.4802,1.48,1.4802,95.5
TRX-USD-PERP.HYPERLIQUID,1771149660000,0.28089,0.28089,0.28089,0.28089,7428.0
XRP-USD-PERP.HYPERLIQUID,1771149660000,1.5859,1.5866,1.5856,1.5856,18655.0
BTC-USD-PERP.HYPERLIQUID,1771149660000,70359.0,70387.0,70359.0,70387.0,2.33754
TAO-USD-PERP.HYPERLIQUID,1771149660000,189.15,189.27,189.15,189.22,0.341
AVAX-USD-PERP.HYPERLIQUID,1771149660000,9.5753,9.5841,9.5753,9.5838,735.03
PENGU-USD-PERP.HYPERLIQUID,1771149660000,0.0076,0.007605,0.0076,0.007605,16920.0
ARB-USD-PERP.HYPERLIQUID,1771149660000,0.11886,0.11889,0.11886,0.11889,2346.8
AVAX-USD-PERP.HYPERLIQUID,1771149660000,9.5753,9.5841,9.5753,9.5838,769.39
BTC-USD-PERP.HYPERLIQUID,1771149660000,70359.0,70387.0,70359.0,70386.0,2.34082
DOGE-USD-PERP.HYPERLIQUID,1771149660000,0.11425,0.11439,0.11425,0.11439,10305.0
ETH-USD-PERP.HYPERLIQUID,1771149660000,2066.2,2067.5,2066.2,2067.5,7.8073
FET-USD-PERP.HYPERLIQUID,1771149660000,0.17844,0.17848,0.17841,0.17848,2855.0
VVV-USD-PERP.HYPERLIQUID,1771149660000,3.9515,3.9584,3.9378,3.9527,4056.32
XRP-USD-PERP.HYPERLIQUID,1771149660000,1.5859,1.5866,1.5854,1.5854,18680.0
ZEC-USD-PERP.HYPERLIQUID,1771149660000,310.19,310.25,309.66,309.96,615.77
BTC-USD-PERP.HYPERLIQUID,1771149660000,70359.0,70387.0,70359.0,70387.0,2.34099
VVV-USD-PERP.HYPERLIQUID,1771149660000,3.9515,3.9584,3.9378,3.9576,4156.32
kSHIB-USD-PERP.HYPERLIQUID,1771149660000,0.006857,0.006857,0.006857,0.006857,6110.0
HYPE-USD-PERP.HYPERLIQUID,1771149660000,31.139,31.143,31.132,31.132,390.62
NIL-USD-PERP.HYPERLIQUID,1771149660000,0.054802,0.054802,0.054802,0.054802,1683.0
PUMP-USD-PERP.HYPERLIQUID,1771149660000,0.002298,0.002299,0.002296,0.002296,74355.0
PYTH-USD-PERP.HYPERLIQUID,1771149660000,0.056849,0.056849,0.05684,0.05684,7967.0
VVV-USD-PERP.HYPERLIQUID,1771149660000,3.9515,3.9584,3.9378,3.953,4159.09
WLD-USD-PERP.HYPERLIQUID,1771149660000,0.42376,0.42386,0.42376,0.42385,1609.3
kBONK-USD-PERP.HYPERLIQUID,1771149660000,0.006964,0.006965,0.006964,0.006965,7205.0
kSHIB-USD-PERP.HYPERLIQUID,1771149660000,0.006857,0.006857,0.006857,0.006857,144451.0
BTC-USD-PERP.HYPERLIQUID,1771149660000,70359.0,70387.0,70359.0,70382.0,2.3694
ETH-USD-PERP.HYPERLIQUID,1771149660000,2066.2,2067.5,2066.2,2067.4,7.8187
OP-USD-PERP.HYPERLIQUID,1771149660000,0.19477,0.19485,0.19477,0.1948,1155.8
SOL-USD-PERP.HYPERLIQUID,1771149660000,89.92,89.956,89.92,89.936,11.03
VVV-USD-PERP.HYPERLIQUID,1771149660000,3.9515,3.9584,3.9378,3.9526,4278.26
ZEC-USD-PERP.HYPERLIQUID,1771149660000,310.19,310.37,309.66,309.88,1042.0
kPEPE-USD-PERP.HYPERLIQUID,1771149660000,0.004792,0.004793,0.004786,0.004786,1095119.0
kSHIB-USD-PERP.HYPERLIQUID,1771149660000,0.006857,0.006857,0.006856,0.006856,283048.0
ARB-USD-PERP.HYPERLIQUID,1771149660000,0.11886,0.11889,0.11886,0.11887,2632.7
BTC-USD-PERP.HYPERLIQUID,1771149660000,70359.0,70387.0,70359.0,70382.0,2.37775
HYPE-USD-PERP.HYPERLIQUID,1771149660000,31.139,31.143,31.125,31.125,450.92
LINK-USD-PERP.HYPERLIQUID,1771149660000,9.1128,9.1235,9.1128,9.1214,41.6
MNT-USD-PERP.HYPERLIQUID,1771149660000,0.67157,0.6723,0.67142,0.6723,3428.5
OP-USD-PERP.HYPERLIQUID,1771149660000,0.19477,0.19485,0.19477,0.19483,1683.7
RESOLV-USD-PERP.HYPERLIQUID,1771149660000,0.062151,0.062151,0.062119,0.062145,2826.0
kPEPE-USD-PERP.HYPERLIQUID,1771149660000,0.004792,0.004793,0.004786,0.004786,1142195.0
ANIME-USD-PERP.HYPERLIQUID,1771149660000,0.005828,0.005828,0.005828,0.005828,20.0
BCH-USD-PERP.HYPERLIQUID,1771149660000,560.1,560.35,560.1,560.35,0.11
BTC-USD-PERP.HYPERLIQUID,1771149660000,70359.0,70387.0,70359.0,70383.0,2.38095
DOGE-USD-PERP.HYPERLIQUID,1771149660000,0.11425,0.11439,0.11425,0.11438,11610.0
LINK-USD-PERP.HYPERLIQUID,1771149660000,9.1128,9.1235,9.1128,9.1222,44.0
NIL-USD-PERP.HYPERLIQUID,1771149660000,0.054802,0.054802,0.054788,0.054788,3365.0
RUNE-USD-PERP.HYPERLIQUID,1771149660000,0.41732,0.41732,0.41732,0.41732,41.2
XRP-USD-PERP.HYPERLIQUID,1771149660000,1.5859,1.5866,1.5854,1.5856,18712.0
ZEC-USD-PERP.HYPERLIQUID,1771149660000,310.19,310.37,309.66,310.24,1044.85
ARB-USD-PERP.HYPERLIQUID,1771149660000,0.11886,0.11889,0.11886,0.11887,2823.8
CAKE-USD-PERP.HYPERLIQUID,1771149660000,1.3459,1.3481,1.3459,1.3476,517.3
DOT-USD-PERP.HYPERLIQUID,1771149660000,1.4131,1.4137,1.4131,1.4136,280.6
FARTCOIN-USD-PERP.HYPERLIQUID,1771149660000,0.21182,0.21189,0.21181,0.21189,220.2
PAXG-USD-PERP.HYPERLIQUID,1771149660000,5038.5,5038.5,5038.5,5038.5,0.203
ZEC-USD-PERP.HYPERLIQUID,1771149660000,310.19,310.37,309.66,310.36,1045.44
ZETA-USD-PERP.HYPERLIQUID,1771149660000,0.05775,0.05775,0.05775,0.05775,343.8
CRV-USD-PERP.HYPERLIQUID,1771149660000,0.25952,0.25952,0.25942,0.25944,293.9
PYTH-USD-PERP.HYPERLIQUID,1771149660000,0.056849,0.056849,0.05684,0.056844,11215.0
ZEC-USD-PERP.HYPERLIQUID,1771149660000,310.19,310.37,309.66,310.35,1046.08
BTC-USD-PERP.HYPERLIQUID,1771149660000,70359.0,70387.0,70359.0,70383.0,2.38124
NEAR-USD-PERP.HYPERLIQUID,1771149660000,1.0785,1.0786,1.0783,1.0783,215.8
XRP-USD-PERP.HYPERLIQUID,1771149660000,1.5859,1.5866,1.5854,1.5859,18719.0
ZEC-USD-PERP.HYPERLIQUID,1771149660000,310.19,310.37,309.66,310.36,1053.95
CAKE-USD-PERP.HYPERLIQUID,1771149660000,1.3459,1.3481,1.3459,1.3476,526.0
ETH-USD-PERP.HYPERLIQUID,1771149660000,2066.2,2067.5,2066.2,2067.3,7.8245
VVV-USD-PERP.HYPERLIQUID,1771149660000,3.9515,3.9584,3.9378,3.95,4371.71
ZEC-USD-PERP.HYPERLIQUID,1771149660000,310.19,310.39,309.66,310.39,1054.3
BTC-USD-PERP.HYPERLIQUID,1771149660000,70359.0,70387.0,70359.0,70383.0,2.38268
COMP-USD-PERP.HYPERLIQUID,1771149660000,23.097,23.097,23.058,23.058,32.07
DOT-USD-PERP.HYPERLIQUID,1771149660000,1.4131,1.4137,1.4131,1.4133,660.5
MOODENG-USD-PERP.HYPERLIQUID,1771149660000,0.060361,0.060361,0.060351,0.060351,10679.0
STABLE-USD-PERP.HYPERLIQUID,1771149660000,0.024221,0.024221,0.024221,0.024221,11446.0
VINE-USD-PERP.HYPERLIQUID,1771149660000,0.020357,0.020357,0.020357,0.020357,796.0
VVV-USD-PERP.HYPERLIQUID,1771149660000,3.9515,3.9584,3.9378,3.95,4536.64
ZRO-USD-PERP.HYPERLIQUID,1771149660000,1.8757,1.8768,1.8757,1.8768,14.1
kBONK-USD-PERP.HYPERLIQUID,1771149660000,0.006964,0.006968,0.006964,0.006968,8785.0
BABY-USD-PERP.HYPERLIQUID,1771149660000,0.013998,0.014012,0.013998,0.014012,4118.0
HYPE-USD-PERP.HYPERLIQUID,1771149660000,31.139,31.143,31.125,31.126,457.3
STABLE-USD-PERP.HYPERLIQUID,1771149660000,0.024221,0.024221,0.024221,0.024221,28509.0
TRX-USD-PERP.HYPERLIQUID,1771149660000,0.28089,0.28089,0.28089,0.28089,7747.0
XRP-USD-PERP.HYPERLIQUID,1771149660000,1.5859,1.587,1.5854,1.587,19489.0
ZEC-USD-PERP.HYPERLIQUID,1771149660000,310.19,310.39,309.66,310.39,1079.24
ALGO-USD-PERP.HYPERLIQUID,1771149660000,0.098677,0.098768,0.098677,0.098768,7344.0
APEX-USD-PERP.HYPERLIQUID,1771149660000,0.36427,0.36427,0.3638,0.36402,1306.0
BTC-USD-PERP.HYPERLIQUID,1771149660000,70359.0,70394.0,70359.0,70394.0,2.38732
CRV-USD-PERP.HYPERLIQUID,1771149660000,0.25952,0.25952,0.25942,0.25952,378.6
ENA-USD-PERP.HYPERLIQUID,1771149660000,0.1272,0.12722,0.1272,0.12722,15412.0
ETH-USD-PERP.HYPERLIQUID,1771149660000,2066.2,2067.5,2066.2,2067.5,11.3951
PUMP-USD-PERP.HYPERLIQUID,1771149660000,0.002298,0.002299,0.002296,0.002296,83065.0
SOL-USD-PERP.HYPERLIQUID,1771149660000,89.92,89.963,89.92,89.963,52.25
SUI-USD-PERP.HYPERLIQUID,1771149660000,1.0223,1.0227,1.0223,1.0227,7.3
VVV-USD-PERP.HYPERLIQUID,1771149660000,3.9515,3.9584,3.9378,3.9501,4616.2
XRP-USD-PERP.HYPERLIQUID,1771149660000,1.5859,1.5874,1.5854,1.5874,31409.0
ZEC-USD-PERP.HYPERLIQUID,1771149660000,310.19,310.49,309.66,310.49,1079.3
kNEIRO-USD-PERP.HYPERLIQUID,1771149660000,0.08057,0.08061,0.08057,0.08061,413.3
ADA-USD-PERP.HYPERLIQUID,1771149660000,0.29523,0.29554,0.29523,0.29554,105.0
BTC-USD-PERP.HYPERLIQUID,1771149660000,70359.0,70405.0,70359.0,70405.0,2.41573
HYPE-USD-PERP.HYPERLIQUID,1771149660000,31.139,31.143,31.125,31.139,457.67
XMR-USD-PERP.HYPERLIQUID,1771149660000,349.55,349.55,349.4,349.4,2.013
ZEC-USD-PERP.HYPERLIQUID,1771149660000,310.19,310.49,309.66,310.47,1079.44
ASTER-USD-PERP.HYPERLIQUID,1771149660000,0.73519,0.73519,0.7338,0.73389,5749.0
CC-USD-PERP.HYPERLIQUID,1771149660000,0.16057,0.16057,0.16053,0.16053,210.0
FARTCOIN-USD-PERP.HYPERLIQUID,1771149660000,0.21182,0.21211,0.21181,0.21211,275.1
HYPE-USD-PERP.HYPERLIQUID,1771149660000,31.139,31.143,31.125,31.137,458.7
LINK-USD-PERP.HYPERLIQUID,1771149660000,9.1128,9.1244,9.1128,9.1244,84.8
ZEC-USD-PERP.HYPERLIQUID,1771149660000,310.19,310.49,309.66,310.44,1079.95
ARB-USD-PERP.HYPERLIQUID,1771149660000,0.11886,0.11892,0.11886,0.11892,2977.6
ZEC-USD-PERP.HYPERLIQUID,1771149660000,310.19,310.49,309.66,310.43,1080.16
ETH-USD-PERP.HYPERLIQUID,1771149660000,2066.2,2067.7,2066.2,2067.7,11.4007
HYPE-USD-PERP.HYPERLIQUID,1771149660000,31.139,31.143,31.125,31.135,459.07
BTC-USD-PERP.HYPERLIQUID,1771149660000,70359.0,70405.0,70359.0,70398.0,2.44414
TRX-USD-PERP.HYPERLIQUID,1771149660000,0.28089,0.28089,0.28089,0.28089,8099.0
VVV-USD-PERP.HYPERLIQUID,1771149660000,3.9515,3.9584,3.9378,3.9501,4823.22
ZEC-USD-PERP.HYPERLIQUID,1771149660000,310.19,310.49,309.66,310.38,1080.26
BTC-USD-PERP.HYPERLIQUID,1771149660000,70359.0,70405.0,70359.0,70399.0,2.4443
LIT-USD-PERP.HYPERLIQUID,1771149660000,1.7108,1.7147,1.7108,1.7129,1062.0
SOL-USD-PERP.HYPERLIQUID,1771149660000,89.92,89.973,89.92,89.973,59.13
VVV-USD-PERP.HYPERLIQUID,1771149660000,3.9515,3.9584,3.9378,3.9503,4968.95
ZEC-USD-PERP.HYPERLIQUID,1771149660000,310.19,310.51,309.66,310.51,1081.75
ARB-USD-PERP.HYPERLIQUID,1771149660000,0.11886,0.11892,0.11886,0.11892,3092.5
MERL-USD-PERP.HYPERLIQUID,1771149660000,0.064084,0.064099,0.064049,0.064073,73410.0
TRX-USD-PERP.HYPERLIQUID,1771149660000,0.28089,0.28089,0.28089,0.28089,8143.0
ZEC-USD-PERP.HYPERLIQUID,1771149660000,310.19,310.51,309.66,310.51,1084.68
ASTER-USD-PERP.HYPERLIQUID,1771149660000,0.73519,0.73519,0.7338,0.73391,5779.0
BTC-USD-PERP.HYPERLIQUID,1771149660000,70359.0,70405.0,70359.0,70398.0,2.4453
LIT-USD-PERP.HYPERLIQUID,1771149660000,1.7108,1.7147,1.7107,1.7107,1079.0
SUI-USD-PERP.HYPERLIQUID,1771149660000,1.0223,1.0229,1.0223,1.0229,46.1
ZEC-USD-PERP.HYPERLIQUID,1771149660000,310.19,310.6,309.66,310.6,1104.68
AVAX-USD-PERP.HYPERLIQUID,1771149660000,9.5753,9.5879,9.5753,9.5879,786.39
BTC-USD-PERP.HYPERLIQUID,1771149660000,70359.0,70405.0,70359.0,70403.0,2.44572
LINK-USD-PERP.HYPERLIQUID,1771149660000,9.1128,9.1291,9.1128,9.1291,94.3
SUI-USD-PERP.HYPERLIQUID,1771149660000,1.0223,1.023,1.0223,1.023,56.1
ZEC-USD-PERP.HYPERLIQUID,1771149660000,310.19,310.62,309.66,310.62,1124.68
FARTCOIN-USD-PERP.HYPERLIQUID,1771149660000,0.21182,0.21243,0.21181,0.21243,24060.3
ICP-USD-PERP.HYPERLIQUID,1771149660000,2.509,2.515,2.509,2.515,1016.4
INIT-USD-PERP.HYPERLIQUID,1771149660000,0.070945,0.071051,0.070937,0.071051,18514.0
ZEC-USD-PERP.HYPERLIQUID,1771149660000,310.19,310.62,309.66,310.62,1127.68
BCH-USD-PERP.HYPERLIQUID,1771149660000,560.1,560.39,560.1,560.39,0.498
BTC-USD-PERP.HYPERLIQUID,1771149660000,70359.0,70406.0,70359.0,70406.0,2.44588
HYPE-USD-PERP.HYPERLIQUID,1771149660000,31.139,31.143,31.125,31.141,460.0
MON-USD-PERP.HYPERLIQUID,1771149660000,0.023503,0.023503,0.023503,0.023503,783.0
PNUT-USD-PERP.HYPERLIQUID,1771149660000,0.05281,0.05286,0.05281,0.05286,16627.6
SOL-USD-PERP.HYPERLIQUID,1771149660000,89.92,89.983,89.92,89.983,59.25
kPEPE-USD-PERP.HYPERLIQUID,1771149660000,0.004792,0.004795,0.004786,0.004795,1144773.0
BANANA-USD-PERP.HYPERLIQUID,1771149660000,4.8113,4.8113,4.811,4.811,9.8
FARTCOIN-USD-PERP.HYPERLIQUID,1771149660000,0.21182,0.21243,0.21181,0.21242,25634.0
MEME-USD-PERP.HYPERLIQUID,1771149660000,0.000754,0.000754,0.000754,0.000754,21010.0
SKY-USD-PERP.HYPERLIQUID,1771149660000,0.067659,0.067692,0.067659,0.067692,6036.0
BTC-USD-PERP.HYPERLIQUID,1771149660000,70359.0,70406.0,70359.0,70406.0,2.44683
SUI-USD-PERP.HYPERLIQUID,1771149660000,1.0223,1.0235,1.0223,1.0235,71.6
TRX-USD-PERP.HYPERLIQUID,1771149660000,0.28089,0.28089,0.28089,0.28089,8211.0
ZEC-USD-PERP.HYPERLIQUID,1771149660000,310.19,310.72,309.66,310.72,1127.73
APT-USD-PERP.HYPERLIQUID,1771149660000,0.9709,0.9713,0.9709,0.9713,1475.4
AVAX-USD-PERP.HYPERLIQUID,1771149660000,9.5753,9.5896,9.5753,9.5896,852.4
BABY-USD-PERP.HYPERLIQUID,1771149660000,0.013998,0.014012,0.013998,0.014011,5356.0
BERA-USD-PERP.HYPERLIQUID,1771149660000,0.6657,0.66577,0.66499,0.66577,4162.0
BOME-USD-PERP.HYPERLIQUID,1771149660000,0.000453,0.000453,0.000453,0.000453,129534.0
BTC-USD-PERP.HYPERLIQUID,1771149660000,70359.0,70416.0,70359.0,70416.0,2.45217
DOGE-USD-PERP.HYPERLIQUID,1771149660000,0.11425,0.11447,0.11425,0.11447,11710.0
ETH-USD-PERP.HYPERLIQUID,1771149660000,2066.2,2068.3,2066.2,2068.3,11.4153
PYTH-USD-PERP.HYPERLIQUID,1771149660000,0.056849,0.056849,0.05684,0.056847,11408.0
SOL-USD-PERP.HYPERLIQUID,1771149660000,89.92,89.999,89.92,89.999,81.52
VVV-USD-PERP.HYPERLIQUID,1771149660000,3.9515,3.9584,3.9378,3.951,4975.11
WLFI-USD-PERP.HYPERLIQUID,1771149660000,0.10703,0.10717,0.10703,0.10717,3584.0
ZEC-USD-PERP.HYPERLIQUID,1771149660000,310.19,310.72,309.66,310.72,1127.83
kPEPE-USD-PERP.HYPERLIQUID,1771149660000,0.004792,0.004797,0.004786,0.004797,1289375.0
BTC-USD-PERP.HYPERLIQUID,1771149660000,70359.0,70425.0,70359.0,70424.0,2.79919
DOGE-USD-PERP.HYPERLIQUID,1771149660000,0.11425,0.11451,0.11425,0.11451,11843.0
INIT-USD-PERP.HYPERLIQUID,1771149660000,0.070945,0.071108,0.070937,0.071108,23227.0
ZEC-USD-PERP.HYPERLIQUID,1771149660000,310.19,310.72,309.66,310.71,1128.0
kSHIB-USD-PERP.HYPERLIQUID,1771149660000,0.006857,0.00686,0.006856,0.00686,284658.0
BTC-USD-PERP.HYPERLIQUID,1771149660000,70359.0,70425.0,70359.0,70425.0,2.951
ETC-USD-PERP.HYPERLIQUID,1771149660000,9.0484,9.0484,9.0484,9.0484,0.2
TRX-USD-PERP.HYPERLIQUID,1771149660000,0.28089,0.28089,0.28089,0.28089,8608.0
USUAL-USD-PERP.HYPERLIQUID,1771149660000,0.01576,0.01576,0.01576,0.01576,2036.6
ZEC-USD-PERP.HYPERLIQUID,1771149660000,310.19,310.72,309.66,310.7,1128.08
ZEC-USD-PERP.HYPERLIQUID,1771149660000,310.19,310.72,309.66,310.7,1128.55
BTC-USD-PERP.HYPERLIQUID,1771149660000,70359.0,70425.0,70359.0,70425.0,2.95965
FARTCOIN-USD-PERP.HYPERLIQUID,1771149660000,0.21182,0.21247,0.21181,0.21247,25705.6
TRX-USD-PERP.HYPERLIQUID,1771149660000,0.28089,0.28089,0.28089,0.28089,8965.0
ZEC-USD-PERP.HYPERLIQUID,1771149660000,310.19,310.72,309.66,310.69,1129.46
SOL-USD-PERP.HYPERLIQUID,1771149660000,89.92,90.014,89.92,90.014,81.81
UNI-USD-PERP.HYPERLIQUID,1771149660000,3.5905,3.5949,3.5905,3.5949,21.7
XRP-USD-PERP.HYPERLIQUID,1771149660000,1.5859,1.5888,1.5854,1.5888,31416.0
BTC-USD-PERP.HYPERLIQUID,1771149660000,70359.0,70425.0,70359.0,70425.0,2.96056
DOGE-USD-PERP.HYPERLIQUID,1771149660000,0.11425,0.11451,0.11425,0.11451,12023.0
ENS-USD-PERP.HYPERLIQUID,1771149660000,6.9093,6.9275,6.9093,6.9275,5.28
LIT-USD-PERP.HYPERLIQUID,1771149660000,1.7108,1.7147,1.7107,1.7108,1098.0
UNI-USD-PERP.HYPERLIQUID,1771149660000,3.5905,3.5949,3.5905,3.5943,28.5
PYTH-USD-PERP.HYPERLIQUID,1771149660000,0.056849,0.05688,0.05684,0.05688,15805.0
SOL-USD-PERP.HYPERLIQUID,1771149660000,89.92,90.018,89.92,90.018,84.55
DYDX-USD-PERP.HYPERLIQUID,1771149660000,0.11185,0.11192,0.11177,0.11192,965.1
MEME-USD-PERP.HYPERLIQUID,1771149660000,0.000754,0.000754,0.000754,0.000754,51267.0
SOL-USD-PERP.HYPERLIQUID,1771149660000,89.92,90.018,89.92,90.018,84.68
TRUMP-USD-PERP.HYPERLIQUID,1771149660000,3.5168,3.5231,3.5168,3.5231,122.6
VVV-USD-PERP.HYPERLIQUID,1771149660000,3.9515,3.9584,3.9378,3.9508,5041.77
ZEC-USD-PERP.HYPERLIQUID,1771149660000,310.19,310.72,309.66,310.66,1129.54
CC-USD-PERP.HYPERLIQUID,1771149660000,0.16057,0.16057,0.16053,0.16053,322.0
DOT-USD-PERP.HYPERLIQUID,1771149660000,1.4131,1.4139,1.4131,1.4139,674.5
TRX-USD-PERP.HYPERLIQUID,1771149660000,0.28089,0.28089,0.28089,0.28089,10114.0
ZEC-USD-PERP.HYPERLIQUID,1771149660000,310.19,310.72,309.66,310.65,1132.22
BERA-USD-PERP.HYPERLIQUID,1771149720000,0.66593,0.66593,0.66593,0.66593,1156.2
DOGE-USD-PERP.HYPERLIQUID,1771149660000,0.11425,0.11453,0.11425,0.11453,12312.0
MEME-USD-PERP.HYPERLIQUID,1771149660000,0.000754,0.000755,0.000754,0.000755,75883.0
MNT-USD-PERP.HYPERLIQUID,1771149720000,0.67233,0.67233,0.67233,0.67233,1332.4
VVV-USD-PERP.HYPERLIQUID,1771149660000,3.9515,3.9584,3.9378,3.9545,5079.73
XRP-USD-PERP.HYPERLIQUID,1771149720000,1.5895,1.5895,1.5895,1.5895,131.0
ZEC-USD-PERP.HYPERLIQUID,1771149720000,310.59,310.59,310.59,310.59,0.06
AIXBT-USD-PERP.HYPERLIQUID,1771149720000,0.022126,0.022126,0.022126,0.022126,686.0
DOGE-USD-PERP.HYPERLIQUID,1771149720000,0.11451,0.11451,0.11451,0.11451,254.0
ZEC-USD-PERP.HYPERLIQUID,1771149720000,310.59,310.65,310.59,310.65,7.89
BTC-USD-PERP.HYPERLIQUID,1771149720000,70423.0,70423.0,70423.0,70423.0,0.01661
ENA-USD-PERP.HYPERLIQUID,1771149720000,0.12736,0.12736,0.12736,0.12736,225.0
FARTCOIN-USD-PERP.HYPERLIQUID,1771149720000,0.21247,0.21272,0.21247,0.21272,10000.0
IMX-USD-PERP.HYPERLIQUID,1771149720000,0.17445,0.17445,0.17445,0.17445,79.1
XRP-USD-PERP.HYPERLIQUID,1771149720000,1.5895,1.5899,1.5895,1.5899,5077.0
ARB-USD-PERP.HYPERLIQUID,1771149720000,0.11901,0.11901,0.11901,0.11901,117.0
AVAX-USD-PERP.HYPERLIQUID,1771149720000,9.594,9.594,9.594,9.594,20.99
HYPE-USD-PERP.HYPERLIQUID,1771149720000,31.134,31.134,31.12,31.12,254.68
MNT-USD-PERP.HYPERLIQUID,1771149720000,0.67233,0.67267,0.67233,0.67267,1359.8
PUMP-USD-PERP.HYPERLIQUID,1771149720000,0.002296,0.002296,0.002295,0.002295,3126674.0
SPX-USD-PERP.HYPERLIQUID,1771149720000,0.33294,0.33312,0.33294,0.33312,7739.7
XRP-USD-PERP.HYPERLIQUID,1771149720000,1.5895,1.5899,1.5895,1.5899,6090.0
kPEPE-USD-PERP.HYPERLIQUID,1771149720000,0.004799,0.004799,0.004799,0.004799,3316.0
ENS-USD-PERP.HYPERLIQUID,1771149720000,6.9288,6.9288,6.9288,6.9288,38.77
ETH-USD-PERP.HYPERLIQUID,1771149720000,2068.8,2068.8,2068.8,2068.8,0.0056
HYPE-USD-PERP.HYPERLIQUID,1771149720000,31.134,31.134,31.119,31.119,255.05
INJ-USD-PERP.HYPERLIQUID,1771149720000,3.2434,3.2434,3.2434,3.2434,5.0
OP-USD-PERP.HYPERLIQUID,1771149720000,0.19492,0.19492,0.19492,0.19492,61.7
VVV-USD-PERP.HYPERLIQUID,1771149720000,3.9505,3.9505,3.9505,3.9505,70.36
kBONK-USD-PERP.HYPERLIQUID,1771149720000,0.006981,0.006981,0.006981,0.006981,1580.0
ADA-USD-PERP.HYPERLIQUID,1771149720000,0.29565,0.29565,0.29565,0.29565,51.0
ETH-USD-PERP.HYPERLIQUID,1771149720000,2068.8,2068.8,2068.7,2068.7,0.0153
TRX-USD-PERP.HYPERLIQUID,1771149720000,0.28092,0.28092,0.28091,0.28091,5859.0
BTC-USD-PERP.HYPERLIQUID,1771149720000,70423.0,70426.0,70423.0,70425.0,0.0173
ENS-USD-PERP.HYPERLIQUID,1771149720000,6.9288,6.9288,6.9288,6.9288,77.31
JTO-USD-PERP.HYPERLIQUID,1771149720000,0.28084,0.28084,0.28084,0.28084,74.0
OP-USD-PERP.HYPERLIQUID,1771149720000,0.19492,0.19497,0.19492,0.19497,115.1
SKY-USD-PERP.HYPERLIQUID,1771149720000,0.067694,0.067694,0.067694,0.067694,2113.0
SUI-USD-PERP.HYPERLIQUID,1771149720000,1.0243,1.0243,1.0243,1.0243,224.4
TRB-USD-PERP.HYPERLIQUID,1771149720000,16.479,16.479,16.479,16.479,1.06
XRP-USD-PERP.HYPERLIQUID,1771149720000,1.5895,1.5904,1.5895,1.5904,6097.0
ZEC-USD-PERP.HYPERLIQUID,1771149720000,310.59,310.7,310.59,310.7,10.89
BTC-USD-PERP.HYPERLIQUID,1771149720000,70423.0,70427.0,70423.0,70427.0,0.01753
DOGE-USD-PERP.HYPERLIQUID,1771149720000,0.11451,0.11453,0.11451,0.11453,427.0
FARTCOIN-USD-PERP.HYPERLIQUID,1771149720000,0.21247,0.21272,0.21244,0.21244,20000.0
SKR-USD-PERP.HYPERLIQUID,1771149720000,0.022725,0.022725,0.022725,0.022725,1366.0
SOL-USD-PERP.HYPERLIQUID,1771149720000,90.039,90.039,90.039,90.039,0.3
VVV-USD-PERP.HYPERLIQUID,1771149720000,3.9505,3.9505,3.95,3.95,170.13
ZEC-USD-PERP.HYPERLIQUID,1771149720000,310.59,310.71,310.59,310.71,14.26
BTC-USD-PERP.HYPERLIQUID,1771149720000,70423.0,70427.0,70423.0,70426.0,0.02682
LIT-USD-PERP.HYPERLIQUID,1771149720000,1.7109,1.7109,1.7109,1.7109,11.0
MOVE-USD-PERP.HYPERLIQUID,1771149720000,0.025266,0.025266,0.025266,0.025266,1557.0
SKY-USD-PERP.HYPERLIQUID,1771149720000,0.067694,0.067694,0.067694,0.067694,3084.0
SOL-USD-PERP.HYPERLIQUID,1771149720000,90.039,90.039,90.039,90.039,20.92
VVV-USD-PERP.HYPERLIQUID,1771149720000,3.9505,3.9505,3.95,3.95,628.13
XRP-USD-PERP.HYPERLIQUID,1771149720000,1.5895,1.5909,1.5895,1.5909,6337.0
ZEC-USD-PERP.HYPERLIQUID,1771149720000,310.59,310.71,310.59,310.64,14.27
IP-USD-PERP.HYPERLIQUID,1771149720000,1.1742,1.1742,1.1742,1.1742,28.9
VVV-USD-PERP.HYPERLIQUID,1771149720000,3.9505,3.9505,3.95,3.95,2086.46
ZEC-USD-PERP.HYPERLIQUID,1771149720000,310.59,310.74,310.59,310.74,14.35
ARB-USD-PERP.HYPERLIQUID,1771149720000,0.11901,0.11901,0.119,0.119,380.9
ETH-USD-PERP.HYPERLIQUID,1771149720000,2068.8,2068.9,2068.7,2068.9,0.0238
VVV-USD-PERP.HYPERLIQUID,1771149720000,3.9505,3.9505,3.95,3.95,2346.11
AZTEC-USD-PERP.HYPERLIQUID,1771149720000,0.023705,0.023706,0.023705,0.023706,1196.0
BTC-USD-PERP.HYPERLIQUID,1771149720000,70423.0,70427.0,70423.0,70426.0,0.03528
DOT-USD-PERP.HYPERLIQUID,1771149720000,1.4147,1.4147,1.4147,1.4147,29.8
KAS-USD-PERP.HYPERLIQUID,1771149720000,0.033277,0.033277,0.033277,0.033277,489.0
TAO-USD-PERP.HYPERLIQUID,1771149720000,189.39,189.39,189.35,189.35,2.896
VVV-USD-PERP.HYPERLIQUID,1771149720000,3.9505,3.9505,3.95,3.95,2375.27
XRP-USD-PERP.HYPERLIQUID,1771149720000,1.5895,1.5909,1.5895,1.5907,6373.0
ZRO-USD-PERP.HYPERLIQUID,1771149720000,1.88,1.88,1.88,1.88,6.0
ALGO-USD-PERP.HYPERLIQUID,1771149720000,0.098868,0.098868,0.098868,0.098868,154.0
EIGEN-USD-PERP.HYPERLIQUID,1771149720000,0.2154,0.2154,0.2154,0.2154,90.17
OP-USD-PERP.HYPERLIQUID,1771149720000,0.19492,0.19497,0.19492,0.19497,284.0
VVV-USD-PERP.HYPERLIQUID,1771149720000,3.9505,3.9505,3.95,3.95,2435.28
WIF-USD-PERP.HYPERLIQUID,1771149720000,0.24506,0.24506,0.24504,0.24504,2874.0
DOT-USD-PERP.HYPERLIQUID,1771149720000,1.4147,1.4147,1.4147,1.4147,37.2
LIT-USD-PERP.HYPERLIQUID,1771149720000,1.7109,1.7109,1.7109,1.7109,124.0
ETC-USD-PERP.HYPERLIQUID,1771149720000,9.0496,9.0496,9.0496,9.0496,7.88
BTC-USD-PERP.HYPERLIQUID,1771149720000,70423.0,70427.0,70423.0,70427.0,0.05232
FARTCOIN-USD-PERP.HYPERLIQUID,1771149720000,0.21247,0.21272,0.21235,0.21235,30000.0
VVV-USD-PERP.HYPERLIQUID,1771149720000,3.9505,3.9505,3.95,3.9501,2494.48
XRP-USD-PERP.HYPERLIQUID,1771149720000,1.5895,1.5909,1.5895,1.5907,8208.0
FIL-USD-PERP.HYPERLIQUID,1771149720000,1.0044,1.0044,1.0044,1.0044,250.4
RESOLV-USD-PERP.HYPERLIQUID,1771149720000,0.062159,0.062159,0.062159,0.062159,511.0
BTC-USD-PERP.HYPERLIQUID,1771149720000,70423.0,70429.0,70423.0,70429.0,0.05331
CAKE-USD-PERP.HYPERLIQUID,1771149720000,1.3483,1.3483,1.3483,1.3483,23.1
MEME-USD-PERP.HYPERLIQUID,1771149720000,0.000755,0.000755,0.000755,0.000755,20463.0
ONDO-USD-PERP.HYPERLIQUID,1771149720000,0.2877,0.2877,0.2877,0.2877,217.0
0G-USD-PERP.HYPERLIQUID,1771149720000,0.69218,0.69218,0.69198,0.69198,2162.0
ETH-USD-PERP.HYPERLIQUID,1771149720000,2068.8,2069.3,2068.7,2069.3,6.3637
VVV-USD-PERP.HYPERLIQUID,1771149720000,3.9505,3.9505,3.95,3.95,2731.9
AAVE-USD-PERP.HYPERLIQUID,1771149720000,129.44,129.44,129.44,129.44,14.29
AZTEC-USD-PERP.HYPERLIQUID,1771149720000,0.023705,0.02376,0.023705,0.02376,1659.0
ETH-USD-PERP.HYPERLIQUID,1771149720000,2068.8,2069.3,2068.7,2069.2,7.8862
XRP-USD-PERP.HYPERLIQUID,1771149720000,1.5895,1.5911,1.5895,1.5911,8260.0
ALT-USD-PERP.HYPERLIQUID,1771149720000,0.008923,0.008923,0.008923,0.008923,2208.0
ETC-USD-PERP.HYPERLIQUID,1771149720000,9.0496,9.0496,9.0496,9.0496,15.43
ETH-USD-PERP.HYPERLIQUID,1771149720000,2068.8,2069.3,2068.7,2069.2,7.8921
LIT-USD-PERP.HYPERLIQUID,1771149720000,1.7109,1.7109,1.7098,1.7098,765.0
ONDO-USD-PERP.HYPERLIQUID,1771149720000,0.2877,0.2877,0.2877,0.2877,252.0
OP-USD-PERP.HYPERLIQUID,1771149720000,0.19492,0.19498,0.19492,0.19498,11735.5
VVV-USD-PERP.HYPERLIQUID,1771149720000,3.9505,3.9505,3.95,3.95,2850.61
DOT-USD-PERP.HYPERLIQUID,1771149720000,1.4147,1.4147,1.4147,1.4147,51.9
HYPE-USD-PERP.HYPERLIQUID,1771149720000,31.134,31.134,31.119,31.124,255.44
TRX-USD-PERP.HYPERLIQUID,1771149720000,0.28092,0.28092,0.28091,0.28092,6030.0
XRP-USD-PERP.HYPERLIQUID,1771149720000,1.5895,1.5911,1.5895,1.591,10473.0
BTC-USD-PERP.HYPERLIQUID,1771149720000,70423.0,70429.0,70423.0,70429.0,0.08628
DOGE-USD-PERP.HYPERLIQUID,1771149720000,0.11451,0.11453,0.11451,0.11453,5658.0
HYPE-USD-PERP.HYPERLIQUID,1771149720000,31.134,31.134,31.119,31.124,270.41
OP-USD-PERP.HYPERLIQUID,1771149720000,0.19492,0.19501,0.19492,0.19501,14656.2
PENGU-USD-PERP.HYPERLIQUID,1771149720000,0.00762,0.00762,0.00762,0.00762,3514.0
PUMP-USD-PERP.HYPERLIQUID,1771149720000,0.002296,0.002296,0.002294,0.002294,3135254.0
SOL-USD-PERP.HYPERLIQUID,1771149720000,90.039,90.039,90.031,90.037,30.65
SUI-USD-PERP.HYPERLIQUID,1771149720000,1.0243,1.0243,1.024,1.024,269.2
ZEC-USD-PERP.HYPERLIQUID,1771149720000,310.59,310.74,310.57,310.57,14.59
ZRO-USD-PERP.HYPERLIQUID,1771149720000,1.88,1.8805,1.88,1.8802,39.8
ASTER-USD-PERP.HYPERLIQUID,1771149720000,0.7347,0.73471,0.7347,0.73471,872.0
BTC-USD-PERP.HYPERLIQUID,1771149720000,70423.0,70429.0,70423.0,70429.0,0.09362
DOGE-USD-PERP.HYPERLIQUID,1771149720000,0.11451,0.11453,0.11451,0.11453,6263.0
IMX-USD-PERP.HYPERLIQUID,1771149720000,0.17445,0.17445,0.17445,0.17445,152.4
LIT-USD-PERP.HYPERLIQUID,1771149720000,1.7109,1.7109,1.7098,1.7108,814.0
LTC-USD-PERP.HYPERLIQUID,1771149720000,56.194,56.194,56.194,56.194,0.32
OP-USD-PERP.HYPERLIQUID,1771149720000,0.19492,0.19501,0.19492,0.19501,19589.6
XRP-USD-PERP.HYPERLIQUID,1771149720000,1.5895,1.5911,1.5895,1.5903,10976.0
kPEPE-USD-PERP.HYPERLIQUID,1771149720000,0.004799,0.004799,0.004798,0.004798,18826.0
AERO-USD-PERP.HYPERLIQUID,1771149720000,0.33064,0.33064,0.33064,0.33064,57.0
FARTCOIN-USD-PERP.HYPERLIQUID,1771149720000,0.21247,0.21272,0.21224,0.21224,30131.3
SOL-USD-PERP.HYPERLIQUID,1771149720000,90.039,90.041,90.031,90.041,30.85
VVV-USD-PERP.HYPERLIQUID,1771149720000,3.9505,3.9505,3.95,3.9505,2953.57
OP-USD-PERP.HYPERLIQUID,1771149720000,0.19492,0.19501,0.19492,0.19497,19670.4
WIF-USD-PERP.HYPERLIQUID,1771149720000,0.24506,0.24508,0.24504,0.24504,9160.0
ARB-USD-PERP.HYPERLIQUID,1771149720000,0.11901,0.11901,0.11899,0.11899,593.4
BTC-USD-PERP.HYPERLIQUID,1771149720000,70423.0,70429.0,70423.0,70429.0,0.09476
ETHFI-USD-PERP.HYPERLIQUID,1771149720000,0.49643,0.49643,0.49643,0.49643,45.7
HBAR-USD-PERP.HYPERLIQUID,1771149720000,0.10356,0.10356,0.10356,0.10356,156.0
SKR-USD-PERP.HYPERLIQUID,1771149720000,0.022725,0.022725,0.022721,0.022721,2954.0
TRX-USD-PERP.HYPERLIQUID,1771149720000,0.28092,0.28092,0.28091,0.28092,6215.0
CRV-USD-PERP.HYPERLIQUID,1771149720000,0.25987,0.25987,0.25987,0.25987,726.6
EIGEN-USD-PERP.HYPERLIQUID,1771149720000,0.2154,0.2154,0.2154,0.2154,169.19
ZEC-USD-PERP.HYPERLIQUID,1771149720000,310.59,310.74,310.57,310.7,34.59
BTC-USD-PERP.HYPERLIQUID,1771149720000,70423.0,70434.0,70423.0,70434.0,3.23354
LTC-USD-PERP.HYPERLIQUID,1771149720000,56.194,56.194,56.181,56.181,1.03
BTC-USD-PERP.HYPERLIQUID,1771149720000,70423.0,70434.0,70423.0,70433.0,3.24698
FARTCOIN-USD-PERP.HYPERLIQUID,1771149720000,0.21247,0.21272,0.21224,0.21226,40131.3
SOL-USD-PERP.HYPERLIQUID,1771149720000,90.039,90.041,90.031,90.036,46.17
SYRUP-USD-PERP.HYPERLIQUID,1771149720000,0.27558,0.27558,0.27541,0.27541,14679.0
TRUMP-USD-PERP.HYPERLIQUID,1771149720000,3.5239,3.5239,3.5239,3.5239,3.7
ZEC-USD-PERP.HYPERLIQUID,1771149720000,310.59,310.74,310.57,310.69,41.07
ALGO-USD-PERP.HYPERLIQUID,1771149720000,0.098868,0.098868,0.098867,0.098867,309.0
ALT-USD-PERP.HYPERLIQUID,1771149720000,0.008923,0.008923,0.008923,0.008923,3966.0
DOT-USD-PERP.HYPERLIQUID,1771149720000,1.4147,1.4147,1.4147,1.4147,180.4
PENDLE-USD-PERP.HYPERLIQUID,1771149720000,1.2994,1.2994,1.2994,1.2994,13.0
SOL-USD-PERP.HYPERLIQUID,1771149720000,90.039,90.041,90.031,90.037,90.6
SYRUP-USD-PERP.HYPERLIQUID,1771149720000,0.27558,0.27558,0.2754,0.2754,14737.0
BTC-USD-PERP.HYPERLIQUID,1771149720000,70423.0,70434.0,70423.0,70434.0,3.24728
DOT-USD-PERP.HYPERLIQUID,1771149720000,1.4147,1.4147,1.4143,1.4143,220.3
FET-USD-PERP.HYPERLIQUID,1771149720000,0.17887,0.17887,0.17887,0.17887,170.0
HYPE-USD-PERP.HYPERLIQUID,1771149720000,31.134,31.134,31.119,31.126,272.44
PUMP-USD-PERP.HYPERLIQUID,1771149720000,0.002296,0.002296,0.002294,0.002294,3146384.0
SYRUP-USD-PERP.HYPERLIQUID,1771149720000,0.27558,0.27558,0.2754,0.2754,14857.0
WIF-USD-PERP.HYPERLIQUID,1771149720000,0.24506,0.24508,0.24504,0.24504,10736.0
CAKE-USD-PERP.HYPERLIQUID,1771149720000,1.3483,1.3494,1.3482,1.3482,171.5
NEAR-USD-PERP.HYPERLIQUID,1771149720000,1.0797,1.0797,1.0797,1.0797,114.9
SOL-USD-PERP.HYPERLIQUID,1771149720000,90.039,90.041,90.031,90.036,90.86
SUI-USD-PERP.HYPERLIQUID,1771149720000,1.0243,1.0243,1.024,1.024,314.7
TAO-USD-PERP.HYPERLIQUID,1771149720000,189.39,189.39,189.35,189.36,3.121
VVV-USD-PERP.HYPERLIQUID,1771149720000,3.9505,3.9709,3.95,3.9709,3025.8
XRP-USD-PERP.HYPERLIQUID,1771149720000,1.5895,1.5911,1.5895,1.5907,20000.0
AAVE-USD-PERP.HYPERLIQUID,1771149720000,129.44,129.44,129.43,129.43,14.54
ALGO-USD-PERP.HYPERLIQUID,1771149720000,0.098868,0.098868,0.098867,0.098867,451.0
CAKE-USD-PERP.HYPERLIQUID,1771149720000,1.3483,1.3494,1.3482,1.3494,276.9
DOGE-USD-PERP.HYPERLIQUID,1771149720000,0.11451,0.11453,0.1145,0.1145,6993.0
EIGEN-USD-PERP.HYPERLIQUID,1771149720000,0.2154,0.2154,0.2153,0.2153,234.97
ETH-USD-PERP.HYPERLIQUID,1771149720000,2068.8,2069.3,2068.7,2069.2,7.9163
kSHIB-USD-PERP.HYPERLIQUID,1771149720000,0.006862,0.006862,0.006862,0.006862,30010.0
BTC-USD-PERP.HYPERLIQUID,1771149720000,70423.0,70434.0,70423.0,70428.0,3.27709
CAKE-USD-PERP.HYPERLIQUID,1771149720000,1.3483,1.3494,1.3482,1.3494,314.0
ETH-USD-PERP.HYPERLIQUID,1771149720000,2068.8,2069.3,2068.7,2069.1,7.9236
FARTCOIN-USD-PERP.HYPERLIQUID,1771149720000,0.21247,0.21272,0.21221,0.21221,40213.9
HYPE-USD-PERP.HYPERLIQUID,1771149720000,31.134,31.134,31.119,31.123,273.01
LIT-USD-PERP.HYPERLIQUID,1771149720000,1.7109,1.7109,1.7094,1.7094,2631.0
MINA-USD-PERP.HYPERLIQUID,1771149720000,0.06823,0.06823,0.06823,0.06823,2939.0
PENGU-USD-PERP.HYPERLIQUID,1771149720000,0.00762,0.00762,0.007612,0.007612,5862.0
SOL-USD-PERP.HYPERLIQUID,1771149720000,90.039,90.041,90.022,90.022,108.8
UNI-USD-PERP.HYPERLIQUID,1771149720000,3.5953,3.5953,3.5953,3.5953,4.1
ZEC-USD-PERP.HYPERLIQUID,1771149720000,310.59,310.74,310.57,310.74,45.67
CAKE-USD-PERP.HYPERLIQUID,1771149720000,1.3483,1.3494,1.3482,1.3494,352.6
DOGE-USD-PERP.HYPERLIQUID,1771149720000,0.11451,0.11453,0.11447,0.11447,10376.0
HBAR-USD-PERP.HYPERLIQUID,1771149720000,0.10356,0.10356,0.10352,0.10352,1339.0
POPCAT-USD-PERP.HYPERLIQUID,1771149720000,0.057012,0.057012,0.057012,0.057012,275.0
kBONK-USD-PERP.HYPERLIQUID,1771149720000,0.006981,0.006981,0.006977,0.006977,56202.0
AVAX-USD-PERP.HYPERLIQUID,1771149720000,9.594,9.5949,9.594,9.5949,51.16
DOT-USD-PERP.HYPERLIQUID,1771149720000,1.4147,1.4147,1.4142,1.4142,227.5
LINK-USD-PERP.HYPERLIQUID,1771149720000,9.1298,9.1298,9.1298,9.1298,1.7
PAXG-USD-PERP.HYPERLIQUID,1771149720000,5038.5,5038.5,5038.5,5038.5,0.002
PUMP-USD-PERP.HYPERLIQUID,1771149720000,0.002296,0.002296,0.002292,0.002292,3279603.0
XRP-USD-PERP.HYPERLIQUID,1771149720000,1.5895,1.5911,1.5895,1.5896,20008.0
ZEC-USD-PERP.HYPERLIQUID,1771149720000,310.59,310.74,310.57,310.74,46.67
DOT-USD-PERP.HYPERLIQUID,1771149720000,1.4147,1.4147,1.4142,1.4142,252.4
HYPE-USD-PERP.HYPERLIQUID,1771149720000,31.134,31.134,31.119,31.123,273.4
VVV-USD-PERP.HYPERLIQUID,1771149720000,3.9505,3.9739,3.95,3.9739,3140.34
WLD-USD-PERP.HYPERLIQUID,1771149720000,0.42398,0.42398,0.42398,0.42398,1107.6
ZEC-USD-PERP.HYPERLIQUID,1771149720000,310.59,310.83,310.57,310.83,49.71
ARB-USD-PERP.HYPERLIQUID,1771149720000,0.11901,0.11901,0.11896,0.11896,860.8
BTC-USD-PERP.HYPERLIQUID,1771149720000,70423.0,70434.0,70423.0,70428.0,3.27809
CFX-USD-PERP.HYPERLIQUID,1771149720000,0.056712,0.056712,0.056712,0.056712,753.0
DOGE-USD-PERP.HYPERLIQUID,1771149720000,0.11451,0.11453,0.11445,0.11445,11720.0
HYPE-USD-PERP.HYPERLIQUID,1771149720000,31.134,31.134,31.119,31.124,273.77
MET-USD-PERP.HYPERLIQUID,1771149720000,0.23094,0.23094,0.23094,0.23094,82.0
OP-USD-PERP.HYPERLIQUID,1771149720000,0.19492,0.19501,0.19492,0.195,19737.0
VVV-USD-PERP.HYPERLIQUID,1771149720000,3.9505,3.9739,3.95,3.9739,3516.95
XRP-USD-PERP.HYPERLIQUID,1771149720000,1.5895,1.5911,1.5894,1.5894,20290.0
BTC-USD-PERP.HYPERLIQUID,1771149720000,70423.0,70434.0,70423.0,70426.0,3.56217
TRX-USD-PERP.HYPERLIQUID,1771149720000,0.28092,0.28092,0.28091,0.28091,6255.0
VIRTUAL-USD-PERP.HYPERLIQUID,1771149720000,0.67851,0.67851,0.67851,0.67851,4425.6
kPEPE-USD-PERP.HYPERLIQUID,1771149720000,0.004799,0.004799,0.004788,0.004788,20924.0
AR-USD-PERP.HYPERLIQUID,1771149720000,2.0728,2.0728,2.0728,2.0728,8.85
AVNT-USD-PERP.HYPERLIQUID,1771149720000,0.20858,0.20858,0.20858,0.20858,99.0
BTC-USD-PERP.HYPERLIQUID,1771149720000,70423.0,70434.0,70419.0,70419.0,4.76542
DOGE-USD-PERP.HYPERLIQUID,1771149720000,0.11451,0.11453,0.11444,0.11444,12609.0
ETH-USD-PERP.HYPERLIQUID,1771149720000,2068.8,2069.3,2068.4,2068.4,13.8223
FARTCOIN-USD-PERP.HYPERLIQUID,1771149720000,0.21247,0.21272,0.21215,0.21215,41618.7
HYPE-USD-PERP.HYPERLIQUID,1771149720000,31.134,31.134,31.119,31.124,274.14
LINK-USD-PERP.HYPERLIQUID,1771149720000,9.1298,9.1298,9.1292,9.1292,45.4
MNT-USD-PERP.HYPERLIQUID,1771149720000,0.67233,0.67267,0.67233,0.67253,2532.5
PENDLE-USD-PERP.HYPERLIQUID,1771149720000,1.2994,1.2994,1.299,1.299,27.0
POL-USD-PERP.HYPERLIQUID,1771149720000,0.10983,0.10983,0.10983,0.10983,800.0
PUMP-USD-PERP.HYPERLIQUID,1771149720000,0.002296,0.002296,0.00229,0.00229,3288292.0
SOL-USD-PERP.HYPERLIQUID,1771149720000,90.039,90.041,90.004,90.004,133.64
SUPER-USD-PERP.HYPERLIQUID,1771149720000,0.13112,0.13112,0.13112,0.13112,142.0
XMR-USD-PERP.HYPERLIQUID,1771149720000,349.45,349.45,349.45,349.45,1.006
XPL-USD-PERP.HYPERLIQUID,1771149720000,0.10141,0.10141,0.10141,0.10141,231.0
kBONK-USD-PERP.HYPERLIQUID,1771149720000,0.006981,0.006981,0.006974,0.006974,62202.0
AVAX-USD-PERP.HYPERLIQUID,1771149720000,9.594,9.5949,9.5916,9.5916,52.82
BCH-USD-PERP.HYPERLIQUID,1771149720000,560.56,560.56,560.56,560.56,0.031
ENA-USD-PERP.HYPERLIQUID,1771149720000,0.12736,0.12736,0.12729,0.12729,341.0
FET-USD-PERP.HYPERLIQUID,1771149720000,0.17887,0.17887,0.17885,0.17885,374.0
KAS-USD-PERP.HYPERLIQUID,1771149720000,0.033277,0.033277,0.033266,0.033266,842.0
LINK-USD-PERP.HYPERLIQUID,1771149720000,9.1298,9.1298,9.1292,9.1293,55.7
NXPC-USD-PERP.HYPERLIQUID,1771149720000,0.27953,0.27953,0.27953,0.27953,120.0
SOL-USD-PERP.HYPERLIQUID,1771149720000,90.039,90.041,89.989,89.989,134.15
UNI-USD-PERP.HYPERLIQUID,1771149720000,3.5953,3.5953,3.5937,3.5937,15.5
BTC-USD-PERP.HYPERLIQUID,1771149720000,70423.0,70434.0,70416.0,70416.0,4.76789
EIGEN-USD-PERP.HYPERLIQUID,1771149720000,0.2154,0.2154,0.2153,0.2153,305.08
ETH-USD-PERP.HYPERLIQUID,1771149720000,2068.8,2069.3,2068.3,2068.3,13.8426
FARTCOIN-USD-PERP.HYPERLIQUID,1771149720000,0.21247,0.21272,0.21207,0.21207,41728.5
HYPE-USD-PERP.HYPERLIQUID,1771149720000,31.134,31.134,31.11,31.11,275.17
LTC-USD-PERP.HYPERLIQUID,1771149720000,56.194,56.194,56.173,56.173,1.71
NEAR-USD-PERP.HYPERLIQUID,1771149720000,1.0797,1.0797,1.0794,1.0794,172.6
SKY-USD-PERP.HYPERLIQUID,1771149720000,0.067694,0.067694,0.067669,0.067669,3371.0
ZEC-USD-PERP.HYPERLIQUID,1771149720000,310.59,310.85,310.57,310.85,49.84
BTC-USD-PERP.HYPERLIQUID,1771149720000,70423.0,70434.0,70415.0,70415.0,4.77747
GMT-USD-PERP.HYPERLIQUID,1771149720000,0.012961,0.012961,0.012961,0.012961,1954.0
PENGU-USD-PERP.HYPERLIQUID,1771149720000,0.00762,0.00762,0.007606,0.007606,9665.0
SOL-USD-PERP.HYPERLIQUID,1771149720000,90.039,90.041,89.965,89.965,134.32
TAO-USD-PERP.HYPERLIQUID,1771149720000,189.39,189.39,189.34,189.34,5.208
VVV-USD-PERP.HYPERLIQUID,1771149720000,3.9505,3.9763,3.95,3.9763,3587.63
AZTEC-USD-PERP.HYPERLIQUID,1771149720000,0.023705,0.02376,0.023705,0.023739,1660.0
BTC-USD-PERP.HYPERLIQUID,1771149720000,70423.0,70434.0,70412.0,70412.0,4.7786
DOT-USD-PERP.HYPERLIQUID,1771149720000,1.4147,1.4147,1.4141,1.4141,304.3
FET-USD-PERP.HYPERLIQUID,1771149720000,0.17887,0.17887,0.17879,0.17879,463.0
HYPE-USD-PERP.HYPERLIQUID,1771149720000,31.134,31.134,31.109,31.109,302.87
MERL-USD-PERP.HYPERLIQUID,1771149720000,0.064148,0.064148,0.064148,0.064148,959.0
OP-USD-PERP.HYPERLIQUID,1771149720000,0.19492,0.19501,0.1949,0.1949,19792.1
POPCAT-USD-PERP.HYPERLIQUID,1771149720000,0.057012,0.057012,0.056987,0.056987,630.0
XLM-USD-PERP.HYPERLIQUID,1771149720000,0.17779,0.17779,0.17779,0.17779,233.0
ZEC-USD-PERP.HYPERLIQUID,1771149720000,310.59,310.85,310.57,310.82,50.84
ZEN-USD-PERP.HYPERLIQUID,1771149720000,6.5532,6.5532,6.5532,6.5532,2.69
BTC-USD-PERP.HYPERLIQUID,1771149720000,70423.0,70434.0,70410.0,70410.0,4.78216
ETH-USD-PERP.HYPERLIQUID,1771149720000,2068.8,2069.3,2068.1,2068.1,17.893
HYPE-USD-PERP.HYPERLIQUID,1771149720000,31.134,31.134,31.108,31.108,303.24
IMX-USD-PERP.HYPERLIQUID,1771149720000,0.17445,0.17445,0.17439,0.17439,234.0
MELANIA-USD-PERP.HYPERLIQUID,1771149720000,0.12434,0.12434,0.12434,0.12434,157.8
TRX-USD-PERP.HYPERLIQUID,1771149720000,0.28092,0.28092,0.28091,0.28091,7576.0
BTC-USD-PERP.HYPERLIQUID,1771149720000,70423.0,70434.0,70410.0,70410.0,4.78852
FET-USD-PERP.HYPERLIQUID,1771149720000,0.17887,0.17887,0.17879,0.17879,673.0
RESOLV-USD-PERP.HYPERLIQUID,1771149720000,0.062159,0.062159,0.062159,0.062159,1022.0
TAO-USD-PERP.HYPERLIQUID,1771149720000,189.39,189.39,189.32,189.32,5.867
TON-USD-PERP.HYPERLIQUID,1771149720000,1.4808,1.4808,1.4808,1.4808,11.8
kPEPE-USD-PERP.HYPERLIQUID,1771149720000,0.004799,0.004799,0.004785,0.004785,217223.0
BTC-USD-PERP.HYPERLIQUID,1771149720000,70423.0,70434.0,70410.0,70410.0,4.78916
LIT-USD-PERP.HYPERLIQUID,1771149720000,1.7109,1.7109,1.7094,1.7102,3829.0
OP-USD-PERP.HYPERLIQUID,1771149720000,0.19492,0.19501,0.1949,0.1949,19853.5
VVV-USD-PERP.HYPERLIQUID,1771149720000,3.9505,3.9763,3.95,3.9738,3861.55
XMR-USD-PERP.HYPERLIQUID,1771149720000,349.45,349.45,349.27,349.27,1.078
ZEC-USD-PERP.HYPERLIQUID,1771149720000,310.59,310.85,310.57,310.82,50.88
BNB-USD-PERP.HYPERLIQUID,1771149720000,630.22,630.22,630.08,630.08,3.2
WIF-USD-PERP.HYPERLIQUID,1771149720000,0.24506,0.24508,0.24466,0.24466,13379.0
XPL-USD-PERP.HYPERLIQUID,1771149720000,0.10141,0.10141,0.10136,0.10138,18135.0
BTC-USD-PERP.HYPERLIQUID,1771149720000,70423.0,70434.0,70409.0,70410.0,4.78958
LINK-USD-PERP.HYPERLIQUID,1771149720000,9.1298,9.1298,9.1274,9.1274,63.2
VVV-USD-PERP.HYPERLIQUID,1771149720000,3.9505,3.9763,3.95,3.9737,3889.89
W-USD-PERP.HYPERLIQUID,1771149720000,0.02101,0.02101,0.02101,0.02101,715.4
ZEC-USD-PERP.HYPERLIQUID,1771149720000,310.59,310.85,310.57,310.78,51.1
DOGE-USD-PERP.HYPERLIQUID,1771149720000,0.11451,0.11453,0.11438,0.11438,12710.0
DOT-USD-PERP.HYPERLIQUID,1771149720000,1.4147,1.4147,1.4138,1.4138,384.6
HYPE-USD-PERP.HYPERLIQUID,1771149720000,31.134,31.134,31.1,31.1,348.83
SKR-USD-PERP.HYPERLIQUID,1771149720000,0.022725,0.022725,0.022721,0.022722,3938.0
BTC-USD-PERP.HYPERLIQUID,1771149720000,70423.0,70434.0,70409.0,70410.0,4.78974
DOT-USD-PERP.HYPERLIQUID,1771149720000,1.4147,1.4147,1.4138,1.4138,402.3
EIGEN-USD-PERP.HYPERLIQUID,1771149720000,0.2154,0.2154,0.2152,0.2152,380.17
ETH-USD-PERP.HYPERLIQUID,1771149720000,2068.8,2069.3,2068.1,2068.1,17.9046
HYPE-USD-PERP.HYPERLIQUID,1771149720000,31.134,31.134,31.1,31.104,349.76
SOL-USD-PERP.HYPERLIQUID,1771149720000,90.039,90.041,89.952,89.952,134.44
USTC-USD-PERP.HYPERLIQUID,1771149720000,0.005451,0.005451,0.005451,0.005451,202399.0
VVV-USD-PERP.HYPERLIQUID,1771149720000,3.9505,3.9763,3.95,3.9737,4180.19
kPEPE-USD-PERP.HYPERLIQUID,1771149720000,0.004799,0.004799,0.004784,0.004784,219808.0
AXS-USD-PERP.HYPERLIQUID,1771149720000,1.436,1.436,1.436,1.436,21.2
BNB-USD-PERP.HYPERLIQUID,1771149720000,630.22,630.22,630.08,630.22,3.22
CAKE-USD-PERP.HYPERLIQUID,1771149720000,1.3483,1.3494,1.3482,1.3484,392.3
FET-USD-PERP.HYPERLIQUID,1771149720000,0.17887,0.17887,0.17879,0.17884,735.0
LINK-USD-PERP.HYPERLIQUID,1771149720000,9.1298,9.1298,9.125,9.125,108.4
LTC-USD-PERP.HYPERLIQUID,1771149720000,56.194,56.194,56.15,56.15,1.9
WIF-USD-PERP.HYPERLIQUID,1771149720000,0.24506,0.24508,0.24464,0.24464,16371.0
XRP-USD-PERP.HYPERLIQUID,1771149720000,1.5895,1.5911,1.5882,1.5882,20934.0
ZEC-USD-PERP.HYPERLIQUID,1771149720000,310.59,310.85,310.57,310.74,51.14
DOGE-USD-PERP.HYPERLIQUID,1771149720000,0.11451,0.11453,0.11434,0.11434,66248.0
FET-USD-PERP.HYPERLIQUID,1771149720000,0.17887,0.17887,0.17879,0.17884,825.0
OP-USD-PERP.HYPERLIQUID,1771149720000,0.19492,0.19501,0.1949,0.1949,19911.0
WIF-USD-PERP.HYPERLIQUID,1771149720000,0.24506,0.24508,0.24464,0.24464,19364.0
XRP-USD-PERP.HYPERLIQUID,1771149720000,1.5895,1.5911,1.5881,1.5881,21388.0
ALGO-USD-PERP.HYPERLIQUID,1771149720000,0.098868,0.098868,0.098834,0.098834,2215.0
BTC-USD-PERP.HYPERLIQUID,1771149720000,70423.0,70434.0,70407.0,70407.0,4.79121
ONDO-USD-PERP.HYPERLIQUID,1771149720000,0.2877,0.2877,0.28758,0.28758,297.0
RENDER-USD-PERP.HYPERLIQUID,1771149720000,1.482,1.482,1.482,1.482,17.5
ZEC-USD-PERP.HYPERLIQUID,1771149720000,310.59,310.85,310.57,310.63,51.31
kFLOKI-USD-PERP.HYPERLIQUID,1771149720000,0.033964,0.033964,0.033964,0.033964,482.0
AVAX-USD-PERP.HYPERLIQUID,1771149720000,9.594,9.5949,9.588,9.588,54.77
BTC-USD-PERP.HYPERLIQUID,1771149720000,70423.0,70434.0,70399.0,70399.0,4.79554
ETH-USD-PERP.HYPERLIQUID,1771149720000,2068.8,2069.3,2067.9,2067.9,21.9656
FARTCOIN-USD-PERP.HYPERLIQUID,1771149720000,0.21247,0.21272,0.21191,0.21191,41859.8
HYPE-USD-PERP.HYPERLIQUID,1771149720000,31.134,31.134,31.099,31.099,350.54
RENDER-USD-PERP.HYPERLIQUID,1771149720000,1.482,1.4821,1.482,1.4821,26.4
SOL-USD-PERP.HYPERLIQUID,1771149720000,90.039,90.041,89.926,89.926,135.38
ZEC-USD-PERP.HYPERLIQUID,1771149720000,310.59,310.85,310.57,310.63,55.96
ZK-USD-PERP.HYPERLIQUID,1771149720000,0.022514,0.022514,0.022514,0.022514,1826.0
kPEPE-USD-PERP.HYPERLIQUID,1771149720000,0.004799,0.004799,0.004784,0.004784,227824.0
BTC-USD-PERP.HYPERLIQUID,1771149720000,70423.0,70434.0,70399.0,70399.0,4.79571
COMP-USD-PERP.HYPERLIQUID,1771149720000,23.09,23.091,23.09,23.091,4.82
DOGE-USD-PERP.HYPERLIQUID,1771149720000,0.11451,0.11453,0.11434,0.11434,66381.0
ETH-USD-PERP.HYPERLIQUID,1771149720000,2068.8,2069.3,2067.7,2067.7,22.1182
HYPE-USD-PERP.HYPERLIQUID,1771149720000,31.134,31.134,31.09,31.09,350.93
TRUMP-USD-PERP.HYPERLIQUID,1771149720000,3.5239,3.5239,3.5218,3.5218,8.3
VVV-USD-PERP.HYPERLIQUID,1771149720000,3.9505,3.9767,3.95,3.9767,4593.16
ZEC-USD-PERP.HYPERLIQUID,1771149720000,310.59,310.85,310.45,310.45,57.8
AR-USD-PERP.HYPERLIQUID,1771149720000,2.0728,2.0728,2.0713,2.0713,176.09
ATOM-USD-PERP.HYPERLIQUID,1771149720000,2.1711,2.1711,2.1711,2.1711,19.33
BCH-USD-PERP.HYPERLIQUID,1771149720000,560.56,560.56,560.35,560.35,0.194
BTC-USD-PERP.HYPERLIQUID,1771149720000,70423.0,70434.0,70399.0,70400.0,4.80571
DASH-USD-PERP.HYPERLIQUID,1771149720000,39.968,39.968,39.968,39.968,0.27
GOAT-USD-PERP.HYPERLIQUID,1771149720000,0.024934,0.024934,0.024934,0.024934,881.0
INJ-USD-PERP.HYPERLIQUID,1771149720000,3.2434,3.2442,3.2434,3.2442,9.3
XRP-USD-PERP.HYPERLIQUID,1771149720000,1.5895,1.5911,1.5869,1.5869,21804.0
AR-USD-PERP.HYPERLIQUID,1771149720000,2.0728,2.0728,2.0713,2.0713,501.34
BTC-USD-PERP.HYPERLIQUID,1771149720000,70423.0,70434.0,70399.0,70399.0,4.80927
ETH-USD-PERP.HYPERLIQUID,1771149720000,2068.8,2069.3,2067.6,2067.6,22.1231
ONDO-USD-PERP.HYPERLIQUID,1771149720000,0.2877,0.2877,0.28747,0.28747,427.0
VVV-USD-PERP.HYPERLIQUID,1771149720000,3.9505,3.9767,3.95,3.9767,4630.52
ARB-USD-PERP.HYPERLIQUID,1771149720000,0.11901,0.11901,0.11892,0.11892,1754.3
BTC-USD-PERP.HYPERLIQUID,1771149720000,70423.0,70434.0,70397.0,70397.0,4.83789
DOGE-USD-PERP.HYPERLIQUID,1771149720000,0.11451,0.11453,0.11433,0.11433,70394.0
FET-USD-PERP.HYPERLIQUID,1771149720000,0.17887,0.17887,0.17875,0.17875,1612.0
HYPE-USD-PERP.HYPERLIQUID,1771149720000,31.134,31.134,31.09,31.09,352.54
MET-USD-PERP.HYPERLIQUID,1771149720000,0.23094,0.23094,0.23061,0.23061,232.0
ONDO-USD-PERP.HYPERLIQUID,1771149720000,0.2877,0.2877,0.28747,0.28747,686.0
SUI-USD-PERP.HYPERLIQUID,1771149720000,1.0243,1.0243,1.0224,1.0224,342.8
TRUMP-USD-PERP.HYPERLIQUID,1771149720000,3.5239,3.5239,3.5201,3.5201,27.4
ZEC-USD-PERP.HYPERLIQUID,1771149720000,310.59,310.85,310.45,310.57,57.88
2Z-USD-PERP.HYPERLIQUID,1771149720000,0.080633,0.080633,0.080633,0.080633,205.0
BLUR-USD-PERP.HYPERLIQUID,1771149720000,0.0222,0.0222,0.0222,0.0222,799.0
BTC-USD-PERP.HYPERLIQUID,1771149720000,70423.0,70434.0,70390.0,70390.0,4.85571
HYPE-USD-PERP.HYPERLIQUID,1771149720000,31.134,31.134,31.09,31.096,352.93
LIT-USD-PERP.HYPERLIQUID,1771149720000,1.7109,1.7109,1.709,1.709,3847.0
XRP-USD-PERP.HYPERLIQUID,1771149720000,1.5895,1.5911,1.5869,1.5869,22371.0
ZORA-USD-PERP.HYPERLIQUID,1771149720000,0.021854,0.021854,0.021854,0.021854,892.0
DOT-USD-PERP.HYPERLIQUID,1771149720000,1.4147,1.4147,1.4133,1.4133,439.3
FET-USD-PERP.HYPERLIQUID,1771149720000,0.17887,0.17887,0.17875,0.17875,1906.0
LTC-USD-PERP.HYPERLIQUID,1771149720000,56.194,56.194,56.136,56.136,2.32
VVV-USD-PERP.HYPERLIQUID,1771149720000,3.9505,3.9768,3.95,3.9768,4841.55
XRP-USD-PERP.HYPERLIQUID,1771149720000,1.5895,1.5911,1.5869,1.5871,22396.0
BTC-USD-PERP.HYPERLIQUID,1771149720000,70423.0,70434.0,70390.0,70391.0,4.85607
SOL-USD-PERP.HYPERLIQUID,1771149720000,90.039,90.041,89.91,89.91,135.51
ARB-USD-PERP.HYPERLIQUID,1771149720000,0.11901,0.11901,0.11892,0.11892,1919.1
AVNT-USD-PERP.HYPERLIQUID,1771149720000,0.20858,0.20858,0.20834,0.20834,2500.0
EIGEN-USD-PERP.HYPERLIQUID,1771149720000,0.2154,0.2154,0.2152,0.2152,473.0
ETH-USD-PERP.HYPERLIQUID,1771149720000,2068.8,2069.3,2067.6,2067.6,22.1287
FET-USD-PERP.HYPERLIQUID,1771149720000,0.17887,0.17887,0.17875,0.17875,2126.0
KAITO-USD-PERP.HYPERLIQUID,1771149720000,0.32618,0.32618,0.32618,0.32618,55.0
OP-USD-PERP.HYPERLIQUID,1771149720000,0.19492,0.19501,0.1948,0.1948,19963.4
SUI-USD-PERP.HYPERLIQUID,1771149720000,1.0243,1.0243,1.0223,1.0223,371.6
BERA-USD-PERP.HYPERLIQUID,1771149720000,0.66593,0.6661,0.66593,0.666,2312.4
BTC-USD-PERP.HYPERLIQUID,1771149720000,70423.0,70434.0,70390.0,70390.0,4.88447
ENA-USD-PERP.HYPERLIQUID,1771149720000,0.12736,0.12736,0.12722,0.12722,603.0
ETH-USD-PERP.HYPERLIQUID,1771149720000,2068.8,2069.3,2067.5,2067.5,22.2467
HYPE-USD-PERP.HYPERLIQUID,1771149720000,31.134,31.134,31.09,31.119,353.3
MNT-USD-PERP.HYPERLIQUID,1771149720000,0.67233,0.67267,0.67177,0.67177,3864.9
TON-USD-PERP.HYPERLIQUID,1771149720000,1.4808,1.4808,1.4805,1.4805,39.8
XRP-USD-PERP.HYPERLIQUID,1771149720000,1.5895,1.5911,1.5869,1.5871,22562.0
BTC-USD-PERP.HYPERLIQUID,1771149720000,70423.0,70434.0,70390.0,70391.0,4.88547
VVV-USD-PERP.HYPERLIQUID,1771149720000,3.9505,3.9768,3.95,3.9734,4911.02
XRP-USD-PERP.HYPERLIQUID,1771149720000,1.5895,1.5911,1.5868,1.5868,26188.0
LINEA-USD-PERP.HYPERLIQUID,1771149720000,0.003862,0.003862,0.003862,0.003862,4787.0
PUMP-USD-PERP.HYPERLIQUID,1771149720000,0.002296,0.002296,0.00229,0.002291,3292747.0
TRX-USD-PERP.HYPERLIQUID,1771149720000,0.28092,0.28092,0.28091,0.28091,8405.0
ZK-USD-PERP.HYPERLIQUID,1771149720000,0.022514,0.022516,0.022514,0.022516,2599.0
ZORA-USD-PERP.HYPERLIQUID,1771149720000,0.021854,0.021854,0.02183,0.02183,22892.0
BTC-USD-PERP.HYPERLIQUID,1771149720000,70423.0,70434.0,70390.0,70390.0,4.90208
FOGO-USD-PERP.HYPERLIQUID,1771149720000,0.022939,0.022939,0.022939,0.022939,1763.0
MNT-USD-PERP.HYPERLIQUID,1771149720000,0.67233,0.67267,0.67177,0.67238,3898.6
TRX-USD-PERP.HYPERLIQUID,1771149720000,0.28092,0.28092,0.28091,0.28091,8574.0
kLUNC-USD-PERP.HYPERLIQUID,1771149720000,0.036943,0.036944,0.036943,0.036944,11456.0
BTC-USD-PERP.HYPERLIQUID,1771149720000,70423.0,70434.0,70390.0,70390.0,4.91208
FET-USD-PERP.HYPERLIQUID,1771149720000,0.17887,0.17887,0.17875,0.17875,2567.0
IMX-USD-PERP.HYPERLIQUID,1771149720000,0.17445,0.17445,0.17435,0.17435,562.9
LINEA-USD-PERP.HYPERLIQUID,1771149720000,0.003862,0.003862,0.003859,0.003859,7638.0
MEGA-USD-PERP.HYPERLIQUID,1771149720000,0.13666,0.13666,0.13666,0.13666,123.0
ONDO-USD-PERP.HYPERLIQUID,1771149720000,0.2877,0.2877,0.28747,0.28747,738.0
PENDLE-USD-PERP.HYPERLIQUID,1771149720000,1.2994,1.2994,1.2978,1.2978,40.0
kFLOKI-USD-PERP.HYPERLIQUID,1771149720000,0.033964,0.033964,0.033936,0.033936,968.0
ARB-USD-PERP.HYPERLIQUID,1771149720000,0.11901,0.11901,0.11891,0.11891,2108.5
ETH-USD-PERP.HYPERLIQUID,1771149720000,2068.8,2069.3,2067.5,2067.6,22.2523
HYPE-USD-PERP.HYPERLIQUID,1771149720000,31.134,31.134,31.09,31.114,353.67
LTC-USD-PERP.HYPERLIQUID,1771149720000,56.194,56.194,56.134,56.134,5.24
SOL-USD-PERP.HYPERLIQUID,1771149720000,90.039,90.041,89.91,89.92,136.74
XRP-USD-PERP.HYPERLIQUID,1771149720000,1.5895,1.5911,1.5868,1.5871,26220.0
MON-USD-PERP.HYPERLIQUID,1771149720000,0.02352,0.02352,0.02352,0.02352,677.0
VVV-USD-PERP.HYPERLIQUID,1771149720000,3.9505,3.9768,3.95,3.9737,5077.89
kLUNC-USD-PERP.HYPERLIQUID,1771149720000,0.036943,0.036944,0.036922,0.036922,12074.0
BTC-USD-PERP.HYPERLIQUID,1771149720000,70423.0,70434.0,70390.0,70390.0,4.91225
TRX-USD-PERP.HYPERLIQUID,1771149720000,0.28092,0.28092,0.28091,0.28092,8822.0
BTC-USD-PERP.HYPERLIQUID,1771149720000,70423.0,70434.0,70390.0,70400.0,4.91676
CAKE-USD-PERP.HYPERLIQUID,1771149720000,1.3483,1.3494,1.3482,1.3484,403.4
LTC-USD-PERP.HYPERLIQUID,1771149720000,56.194,56.194,56.134,56.134,5.65
TRX-USD-PERP.HYPERLIQUID,1771149720000,0.28092,0.28092,0.28091,0.28092,8990.0
XPL-USD-PERP.HYPERLIQUID,1771149720000,0.10141,0.10141,0.10126,0.10126,18244.0
BTC-USD-PERP.HYPERLIQUID,1771149720000,70423.0,70434.0,70390.0,70400.0,4.94617
LIT-USD-PERP.HYPERLIQUID,1771149720000,1.7109,1.7109,1.709,1.7101,3857.0
MEGA-USD-PERP.HYPERLIQUID,1771149720000,0.13666,0.13685,0.13666,0.13685,200.0
SOL-USD-PERP.HYPERLIQUID,1771149720000,90.039,90.041,89.91,89.943,139.24
WLD-USD-PERP.HYPERLIQUID,1771149720000,0.42398,0.42398,0.42372,0.42372,1146.5
ALGO-USD-PERP.HYPERLIQUID,1771149720000,0.098868,0.098868,0.098834,0.098868,2737.0
BERA-USD-PERP.HYPERLIQUID,1771149720000,0.66593,0.66621,0.66593,0.66621,3614.9
NEAR-USD-PERP.HYPERLIQUID,1771149720000,1.0797,1.0797,1.0788,1.0788,298.3
ONDO-USD-PERP.HYPERLIQUID,1771149720000,0.2877,0.2877,0.28747,0.28747,849.0
VVV-USD-PERP.HYPERLIQUID,1771149720000,3.9505,3.9768,3.95,3.9709,5093.75
ETH-USD-PERP.HYPERLIQUID,1771149720000,2068.8,2069.3,2067.5,2067.8,22.2608
MAVIA-USD-PERP.HYPERLIQUID,1771149720000,0.03987,0.03987,0.03987,0.03987,462.0
MEGA-USD-PERP.HYPERLIQUID,1771149720000,0.13666,0.13686,0.13666,0.13686,278.0
ONDO-USD-PERP.HYPERLIQUID,1771149720000,0.2877,0.2877,0.28747,0.28747,896.0
STBL-USD-PERP.HYPERLIQUID,1771149720000,0.039604,0.039604,0.039604,0.039604,878.0
STX-USD-PERP.HYPERLIQUID,1771149720000,0.27515,0.27515,0.27515,0.27515,109.9
XPL-USD-PERP.HYPERLIQUID,1771149720000,0.10141,0.10141,0.10126,0.1013,20138.0
ARB-USD-PERP.HYPERLIQUID,1771149720000,0.11901,0.11901,0.11889,0.11889,2222.4
BERA-USD-PERP.HYPERLIQUID,1771149720000,0.66593,0.66621,0.66593,0.66619,4308.2
PUMP-USD-PERP.HYPERLIQUID,1771149720000,0.002296,0.002296,0.00229,0.002293,3297202.0
TRX-USD-PERP.HYPERLIQUID,1771149720000,0.28092,0.28092,0.28091,0.28092,9543.0
XPL-USD-PERP.HYPERLIQUID,1771149720000,0.10141,0.10141,0.10126,0.1013,23926.0
ETH-USD-PERP.HYPERLIQUID,1771149720000,2068.8,2069.3,2067.5,2067.7,22.285
SOL-USD-PERP.HYPERLIQUID,1771149720000,90.039,90.041,89.91,89.923,143.96
BTC-USD-PERP.HYPERLIQUID,1771149720000,70423.0,70434.0,70390.0,70397.0,4.94789
CELO-USD-PERP.HYPERLIQUID,1771149720000,0.089285,0.089285,0.089285,0.089285,4606.0
COMP-USD-PERP.HYPERLIQUID,1771149720000,23.09,23.185,23.09,23.185,47.82
DOGE-USD-PERP.HYPERLIQUID,1771149720000,0.11451,0.11453,0.11433,0.11434,71077.0
EIGEN-USD-PERP.HYPERLIQUID,1771149720000,0.2154,0.2154,0.215,0.215,640.89
ETH-USD-PERP.HYPERLIQUID,1771149720000,2068.8,2069.3,2067.5,2067.6,22.2923
KAS-USD-PERP.HYPERLIQUID,1771149720000,0.033277,0.033277,0.033253,0.033253,4218.0
LINK-USD-PERP.HYPERLIQUID,1771149720000,9.1298,9.1298,9.1217,9.1217,110.3
BTC-USD-PERP.HYPERLIQUID,1771149720000,70423.0,70434.0,70388.0,70388.0,4.97818
ETH-USD-PERP.HYPERLIQUID,1771149720000,2068.8,2069.3,2067.5,2067.6,23.8799
HYPE-USD-PERP.HYPERLIQUID,1771149720000,31.134,31.134,31.09,31.111,358.29
VVV-USD-PERP.HYPERLIQUID,1771149720000,3.9505,3.9768,3.95,3.9694,5182.25
WLD-USD-PERP.HYPERLIQUID,1771149720000,0.42398,0.42398,0.42369,0.42369,1198.3
BTC-USD-PERP.HYPERLIQUID,1771149720000,70423.0,70434.0,70388.0,70389.0,4.98664
CAKE-USD-PERP.HYPERLIQUID,1771149720000,1.3483,1.3494,1.3482,1.3484,427.4
FARTCOIN-USD-PERP.HYPERLIQUID,1771149720000,0.21247,0.21272,0.21153,0.21153,42084.4
FET-USD-PERP.HYPERLIQUID,1771149720000,0.17887,0.17887,0.17875,0.17875,2664.0
ME-USD-PERP.HYPERLIQUID,1771149720000,0.14893,0.14893,0.14893,0.14893,102.7
MORPHO-USD-PERP.HYPERLIQUID,1771149720000,1.4211,1.4211,1.4211,1.4211,29.2
XRP-USD-PERP.HYPERLIQUID,1771149720000,1.5895,1.5911,1.5868,1.5873,26227.0
ZEC-USD-PERP.HYPERLIQUID,1771149720000,310.59,310.85,310.42,310.43,82.81
ETH-USD-PERP.HYPERLIQUID,1771149720000,2068.8,2069.3,2067.1,2067.1,31.0636
INIT-USD-PERP.HYPERLIQUID,1771149720000,0.071068,0.071076,0.071068,0.071076,8994.0
LTC-USD-PERP.HYPERLIQUID,1771149720000,56.194,56.194,56.133,56.133,7.32
MERL-USD-PERP.HYPERLIQUID,1771149720000,0.064148,0.064148,0.06411,0.06411,2631.0
MNT-USD-PERP.HYPERLIQUID,1771149720000,0.67233,0.67267,0.67177,0.67238,4051.4
ONDO-USD-PERP.HYPERLIQUID,1771149720000,0.2877,0.2877,0.28742,0.28742,1041.0
PENGU-USD-PERP.HYPERLIQUID,1771149720000,0.00762,0.00762,0.007597,0.007597,19699.0
SKR-USD-PERP.HYPERLIQUID,1771149720000,0.022725,0.022725,0.022718,0.022718,43938.0
TON-USD-PERP.HYPERLIQUID,1771149720000,1.4808,1.4808,1.4805,1.4807,51.9
BTC-USD-PERP.HYPERLIQUID,1771149720000,70423.0,70434.0,70388.0,70389.0,4.98686
DOT-USD-PERP.HYPERLIQUID,1771149720000,1.4147,1.4147,1.4132,1.4132,7954.2
HYPE-USD-PERP.HYPERLIQUID,1771149720000,31.134,31.134,31.09,31.11,469.4
INIT-USD-PERP.HYPERLIQUID,1771149720000,0.071068,0.071076,0.071068,0.071076,12893.0
ETH-USD-PERP.HYPERLIQUID,1771149720000,2068.8,2069.3,2067.1,2067.1,31.0695
LIT-USD-PERP.HYPERLIQUID,1771149720000,1.7109,1.7109,1.7084,1.7084,4364.0
MERL-USD-PERP.HYPERLIQUID,1771149720000,0.064148,0.064148,0.064103,0.064103,12749.0
PUMP-USD-PERP.HYPERLIQUID,1771149720000,0.002296,0.002296,0.00229,0.002292,3307882.0
XRP-USD-PERP.HYPERLIQUID,1771149720000,1.5895,1.5911,1.5868,1.5873,26352.0
BTC-USD-PERP.HYPERLIQUID,1771149720000,70423.0,70434.0,70388.0,70388.0,4.98786
CELO-USD-PERP.HYPERLIQUID,1771149720000,0.089285,0.089285,0.089191,0.089191,18596.0
MON-USD-PERP.HYPERLIQUID,1771149720000,0.02352,0.02352,0.023493,0.023493,17166.0
HYPE-USD-PERP.HYPERLIQUID,1771149720000,31.134,31.134,31.09,31.104,580.88
LIT-USD-PERP.HYPERLIQUID,1771149720000,1.7109,1.7109,1.7084,1.7084,4382.0
MON-USD-PERP.HYPERLIQUID,1771149720000,0.02352,0.02352,0.023493,0.023493,33656.0
ASTER-USD-PERP.HYPERLIQUID,1771149720000,0.7347,0.73471,0.73392,0.73392,953.0
BERA-USD-PERP.HYPERLIQUID,1771149720000,0.66593,0.66621,0.66593,0.66601,5365.2
DASH-USD-PERP.HYPERLIQUID,1771149720000,39.968,39.968,39.924,39.924,0.54
DOGE-USD-PERP.HYPERLIQUID,1771149720000,0.11451,0.11453,0.11429,0.11429,71328.0
DYDX-USD-PERP.HYPERLIQUID,1771149720000,0.11175,0.11175,0.11175,0.11175,3756.3
FARTCOIN-USD-PERP.HYPERLIQUID,1771149720000,0.21247,0.21272,0.21139,0.21139,52084.4
FET-USD-PERP.HYPERLIQUID,1771149720000,0.17887,0.17887,0.17869,0.17869,2867.0
IMX-USD-PERP.HYPERLIQUID,1771149720000,0.17445,0.17445,0.17434,0.17434,662.2
LINK-USD-PERP.HYPERLIQUID,1771149720000,9.1298,9.1298,9.1212,9.1212,114.3
LIT-USD-PERP.HYPERLIQUID,1771149720000,1.7109,1.7109,1.7084,1.7084,4588.0
LTC-USD-PERP.HYPERLIQUID,1771149720000,56.194,56.194,56.131,56.131,7.92
PUMP-USD-PERP.HYPERLIQUID,1771149720000,0.002296,0.002296,0.002288,0.002288,9398159.0
SOL-USD-PERP.HYPERLIQUID,1771149720000,90.039,90.041,89.907,89.907,144.47
TON-USD-PERP.HYPERLIQUID,1771149720000,1.4808,1.4808,1.4805,1.4805,75.6
TRUMP-USD-PERP.HYPERLIQUID,1771149720000,3.5239,3.5239,3.5197,3.5197,33.6
WLFI-USD-PERP.HYPERLIQUID,1771149720000,0.10698,0.10698,0.10698,0.10698,186.0
ZEC-USD-PERP.HYPERLIQUID,1771149720000,310.59,310.85,310.29,310.3,91.4
ZK-USD-PERP.HYPERLIQUID,1771149720000,0.022514,0.022516,0.022514,0.022514,3282.0
ACE-USD-PERP.HYPERLIQUID,1771149720000,0.1808,0.1808,0.1808,0.1808,101.3
ASTER-USD-PERP.HYPERLIQUID,1771149720000,0.7347,0.73471,0.7335,0.7335,4361.0
BTC-USD-PERP.HYPERLIQUID,1771149720000,70423.0,70434.0,70387.0,70387.0,4.99327
DOGE-USD-PERP.HYPERLIQUID,1771149720000,0.11451,0.11453,0.11426,0.11426,72038.0
ETH-USD-PERP.HYPERLIQUID,1771149720000,2068.8,2069.3,2067.1,2067.1,35.1828
MON-USD-PERP.HYPERLIQUID,1771149720000,0.02352,0.02352,0.023493,0.023493,62307.0
SOL-USD-PERP.HYPERLIQUID,1771149720000,90.039,90.041,89.901,89.901,144.86
ZEC-USD-PERP.HYPERLIQUID,1771149720000,310.59,310.85,310.24,310.24,94.23
kNEIRO-USD-PERP.HYPERLIQUID,1771149720000,0.08069,0.08069,0.08069,0.08069,247.6
DOT-USD-PERP.HYPERLIQUID,1771149720000,1.4147,1.4147,1.4132,1.4133,7984.2
LINK-USD-PERP.HYPERLIQUID,1771149720000,9.1298,9.1298,9.1194,9.1194,119.4
SOL-USD-PERP.HYPERLIQUID,1771149720000,90.039,90.041,89.901,89.902,145.06
TRX-USD-PERP.HYPERLIQUID,1771149720000,0.28092,0.28092,0.28091,0.28092,11016.0
ZEC-USD-PERP.HYPERLIQUID,1771149720000,310.59,310.85,310.24,310.28,100.68
ALGO-USD-PERP.HYPERLIQUID,1771149720000,0.098868,0.098868,0.098834,0.098835,2940.0
ETH-USD-PERP.HYPERLIQUID,1771149720000,2068.8,2069.3,2067.0,2067.0,35.1883
SNX-USD-PERP.HYPERLIQUID,1771149720000,0.30571,0.30571,0.30571,0.30571,53.0
BRETT-USD-PERP.HYPERLIQUID,1771149720000,0.00837,0.00837,0.00837,0.00837,2133.0
BTC-USD-PERP.HYPERLIQUID,1771149720000,70423.0,70434.0,70386.0,70386.0,4.99542
CAKE-USD-PERP.HYPERLIQUID,1771149720000,1.3483,1.3494,1.3482,1.3489,2423.3
DOGE-USD-PERP.HYPERLIQUID,1771149720000,0.11451,0.11453,0.11426,0.11426,72259.0
EIGEN-USD-PERP.HYPERLIQUID,1771149720000,0.2154,0.2154,0.215,0.2151,723.28
NEAR-USD-PERP.HYPERLIQUID,1771149720000,1.0797,1.0797,1.0787,1.0787,308.6
VVV-USD-PERP.HYPERLIQUID,1771149720000,3.9505,3.9816,3.95,3.9748,5618.77
BTC-USD-PERP.HYPERLIQUID,1771149720000,70423.0,70434.0,70386.0,70387.0,5.02383
FARTCOIN-USD-PERP.HYPERLIQUID,1771149720000,0.21247,0.21272,0.21139,0.21143,62084.4
kLUNC-USD-PERP.HYPERLIQUID,1771149720000,0.036943,0.036979,0.036922,0.036979,12076.0
AR-USD-PERP.HYPERLIQUID,1771149720000,2.0728,2.0728,2.0667,2.0667,1284.06
ATOM-USD-PERP.HYPERLIQUID,1771149720000,2.1711,2.1711,2.1706,2.1706,26.7
BTC-USD-PERP.HYPERLIQUID,1771149720000,70423.0,70434.0,70378.0,70378.0,5.04905
DOGE-USD-PERP.HYPERLIQUID,1771149720000,0.11451,0.11453,0.11424,0.11424,75043.0
ETH-USD-PERP.HYPERLIQUID,1771149720000,2068.8,2069.3,2066.8,2066.8,36.5725
INJ-USD-PERP.HYPERLIQUID,1771149720000,3.2434,3.2442,3.2424,3.2424,14.1
LINK-USD-PERP.HYPERLIQUID,1771149720000,9.1298,9.1298,9.1181,9.1181,147.7
RENDER-USD-PERP.HYPERLIQUID,1771149720000,1.482,1.4821,1.48,1.48,125.5
SOL-USD-PERP.HYPERLIQUID,1771149720000,90.039,90.041,89.872,89.872,145.74
SUI-USD-PERP.HYPERLIQUID,1771149720000,1.0243,1.0243,1.0217,1.0217,387.1
TAO-USD-PERP.HYPERLIQUID,1771149720000,189.39,189.39,189.03,189.03,6.508
TRX-USD-PERP.HYPERLIQUID,1771149720000,0.28092,0.28092,0.28091,0.28091,11175.0
XRP-USD-PERP.HYPERLIQUID,1771149720000,1.5895,1.5911,1.5868,1.5869,26383.0
AIXBT-USD-PERP.HYPERLIQUID,1771149720000,0.022126,0.022126,0.022101,0.022101,2610.0
BERA-USD-PERP.HYPERLIQUID,1771149720000,0.66593,0.66621,0.66585,0.66585,5815.7
BTC-USD-PERP.HYPERLIQUID,1771149720000,70423.0,70434.0,70377.0,70377.0,5.05084
DYDX-USD-PERP.HYPERLIQUID,1771149720000,0.11175,0.11175,0.11173,0.11173,3856.3
ETC-USD-PERP.HYPERLIQUID,1771149720000,9.0496,9.0496,9.0385,9.0385,19.52
ETH-USD-PERP.HYPERLIQUID,1771149720000,2068.8,2069.3,2066.8,2066.8,39.5571
ETHFI-USD-PERP.HYPERLIQUID,1771149720000,0.49643,0.49643,0.49614,0.49614,79.8
ONDO-USD-PERP.HYPERLIQUID,1771149720000,0.2877,0.2877,0.28715,0.28715,1148.0
RESOLV-USD-PERP.HYPERLIQUID,1771149720000,0.062159,0.062159,0.062126,0.062126,1432.0
VVV-USD-PERP.HYPERLIQUID,1771149720000,3.9505,3.9816,3.95,3.9778,5623.75
WLD-USD-PERP.HYPERLIQUID,1771149720000,0.42398,0.42398,0.42331,0.42331,1295.1
XRP-USD-PERP.HYPERLIQUID,1771149720000,1.5895,1.5911,1.5863,1.5863,26408.0
ARB-USD-PERP.HYPERLIQUID,1771149720000,0.11901,0.11901,0.11879,0.11879,2408.1
ASTER-USD-PERP.HYPERLIQUID,1771149720000,0.7347,0.73471,0.73296,0.73296,4377.0
BTC-USD-PERP.HYPERLIQUID,1771149720000,70423.0,70434.0,70375.0,70375.0,5.05497
CELO-USD-PERP.HYPERLIQUID,1771149720000,0.089285,0.089285,0.089128,0.089128,21395.0
ENA-USD-PERP.HYPERLIQUID,1771149720000,0.12736,0.12736,0.12707,0.12707,7062.0
ETH-USD-PERP.HYPERLIQUID,1771149720000,2068.8,2069.3,2066.5,2066.5,39.6127
HYPE-USD-PERP.HYPERLIQUID,1771149720000,31.134,31.134,31.09,31.093,582.91
LTC-USD-PERP.HYPERLIQUID,1771149720000,56.194,56.194,56.107,56.107,8.22
MINA-USD-PERP.HYPERLIQUID,1771149720000,0.06823,0.06823,0.068152,0.068152,3964.0
PYTH-USD-PERP.HYPERLIQUID,1771149720000,0.056799,0.056799,0.056799,0.056799,1321.0
RENDER-USD-PERP.HYPERLIQUID,1771149720000,1.482,1.4821,1.4795,1.4795,140.9
SEI-USD-PERP.HYPERLIQUID,1771149720000,0.077702,0.077702,0.077702,0.077702,201.0
SOL-USD-PERP.HYPERLIQUID,1771149720000,90.039,90.041,89.853,89.853,146.02
SUI-USD-PERP.HYPERLIQUID,1771149720000,1.0243,1.0243,1.0215,1.0215,426.0
TURBO-USD-PERP.HYPERLIQUID,1771149720000,0.001172,0.001172,0.001172,0.001172,14408.0
XRP-USD-PERP.HYPERLIQUID,1771149720000,1.5895,1.5911,1.5862,1.5862,26433.0
ZEC-USD-PERP.HYPERLIQUID,1771149720000,310.59,310.85,310.05,310.05,118.48
BTC-USD-PERP.HYPERLIQUID,1771149720000,70423.0,70434.0,70374.0,70374.0,5.05706
CAKE-USD-PERP.HYPERLIQUID,1771149720000,1.3483,1.3494,1.3482,1.3483,2450.4
CRV-USD-PERP.HYPERLIQUID,1771149720000,0.25987,0.25987,0.25963,0.25963,1329.4
DYDX-USD-PERP.HYPERLIQUID,1771149720000,0.11175,0.11175,0.11172,0.11172,4482.4
FARTCOIN-USD-PERP.HYPERLIQUID,1771149720000,0.21247,0.21272,0.21126,0.21126,72084.4
MORPHO-USD-PERP.HYPERLIQUID,1771149720000,1.4211,1.4211,1.4192,1.4192,203.4
NEO-USD-PERP.HYPERLIQUID,1771149720000,2.9144,2.9144,2.9144,2.9144,47.78
ZRO-USD-PERP.HYPERLIQUID,1771149720000,1.88,1.8805,1.8789,1.8789,49.6
kFLOKI-USD-PERP.HYPERLIQUID,1771149720000,0.033964,0.033964,0.0339,0.0339,1468.0
BTC-USD-PERP.HYPERLIQUID,1771149720000,70423.0,70434.0,70362.0,70362.0,5.0866
MINA-USD-PERP.HYPERLIQUID,1771149720000,0.06823,0.06823,0.068152,0.068152,5855.0
PUMP-USD-PERP.HYPERLIQUID,1771149720000,0.002296,0.002296,0.002288,0.002289,9414701.0
ETH-USD-PERP.HYPERLIQUID,1771149720000,2068.8,2069.3,2066.4,2066.4,39.679
FARTCOIN-USD-PERP.HYPERLIQUID,1771149720000,0.21247,0.21272,0.21125,0.21125,72180.2
FET-USD-PERP.HYPERLIQUID,1771149720000,0.17887,0.17887,0.17856,0.17856,2952.0
HYPE-USD-PERP.HYPERLIQUID,1771149720000,31.134,31.134,31.09,31.092,583.26
NEAR-USD-PERP.HYPERLIQUID,1771149720000,1.0797,1.0797,1.0781,1.0781,442.2
SOL-USD-PERP.HYPERLIQUID,1771149720000,90.039,90.041,89.838,89.838,146.21
TRX-USD-PERP.HYPERLIQUID,1771149720000,0.28092,0.28092,0.28091,0.28092,12859.0
ALGO-USD-PERP.HYPERLIQUID,1771149720000,0.098868,0.098868,0.098768,0.098768,3106.0
ARB-USD-PERP.HYPERLIQUID,1771149720000,0.11901,0.11901,0.11878,0.11878,2602.1
ETH-USD-PERP.HYPERLIQUID,1771149720000,2068.8,2069.3,2066.3,2066.3,44.0621
POLYX-USD-PERP.HYPERLIQUID,1771149720000,0.046549,0.046549,0.046549,0.046549,401.0
SNX-USD-PERP.HYPERLIQUID,1771149720000,0.30571,0.30571,0.3056,0.3056,111.4
SOL-USD-PERP.HYPERLIQUID,1771149720000,90.039,90.041,89.831,89.831,147.31
DYDX-USD-PERP.HYPERLIQUID,1771149720000,0.11175,0.11175,0.11171,0.11171,5108.5
ETH-USD-PERP.HYPERLIQUID,1771149720000,2068.8,2069.3,2065.7,2065.7,50.6703
FARTCOIN-USD-PERP.HYPERLIQUID,1771149720000,0.21247,0.21272,0.21125,0.21136,72262.7
TRX-USD-PERP.HYPERLIQUID,1771149720000,0.28092,0.28092,0.28091,0.28091,13289.0
kLUNC-USD-PERP.HYPERLIQUID,1771149720000,0.036943,0.036979,0.036922,0.036936,13532.0
IMX-USD-PERP.HYPERLIQUID,1771149720000,0.17445,0.17445,0.17415,0.17415,811.0
LTC-USD-PERP.HYPERLIQUID,1771149720000,56.194,56.194,56.097,56.097,8.44
VVV-USD-PERP.HYPERLIQUID,1771149720000,3.9505,3.9816,3.95,3.9774,5910.56
CAKE-USD-PERP.HYPERLIQUID,1771149720000,1.3483,1.3494,1.3482,1.3483,2478.9
PAXG-USD-PERP.HYPERLIQUID,1771149720000,5038.5,5039.1,5038.5,5039.1,0.004
PYTH-USD-PERP.HYPERLIQUID,1771149720000,0.056799,0.05681,0.056787,0.056787,23620.0
WIF-USD-PERP.HYPERLIQUID,1771149720000,0.24506,0.24508,0.2442,0.2442,20747.0
XMR-USD-PERP.HYPERLIQUID,1771149720000,349.45,349.45,348.65,348.65,2.312
XRP-USD-PERP.HYPERLIQUID,1771149720000,1.5895,1.5911,1.5856,1.5856,26440.0
AVAX-USD-PERP.HYPERLIQUID,1771149720000,9.594,9.5949,9.5786,9.5786,56.76
DOGE-USD-PERP.HYPERLIQUID,1771149720000,0.11451,0.11453,0.11421,0.11421,80518.0
INJ-USD-PERP.HYPERLIQUID,1771149720000,3.2434,3.2442,3.2402,3.2403,236.0
SOL-USD-PERP.HYPERLIQUID,1771149720000,90.039,90.041,89.831,89.837,172.71
STBL-USD-PERP.HYPERLIQUID,1771149720000,0.039604,0.039632,0.039604,0.039632,1334.0
BTC-USD-PERP.HYPERLIQUID,1771149720000,70423.0,70434.0,70362.0,70363.0,5.08761
DOGE-USD-PERP.HYPERLIQUID,1771149720000,0.11451,0.11453,0.11421,0.11422,81005.0
JUP-USD-PERP.HYPERLIQUID,1771149720000,0.16674,0.16674,0.16674,0.16674,97.0
ONDO-USD-PERP.HYPERLIQUID,1771149720000,0.2877,0.2877,0.28714,0.28714,1269.0
OP-USD-PERP.HYPERLIQUID,1771149720000,0.19492,0.19501,0.19476,0.19476,20048.5
VVV-USD-PERP.HYPERLIQUID,1771149720000,3.9505,3.9816,3.95,3.9772,5991.23
ZEC-USD-PERP.HYPERLIQUID,1771149720000,310.59,310.85,310.0,310.0,118.52
BTC-USD-PERP.HYPERLIQUID,1771149720000,70423.0,70434.0,70362.0,70362.0,5.1609
HYPE-USD-PERP.HYPERLIQUID,1771149720000,31.134,31.134,31.081,31.081,583.63
XMR-USD-PERP.HYPERLIQUID,1771149720000,349.45,349.45,348.65,348.71,3.318
ZEC-USD-PERP.HYPERLIQUID,1771149720000,310.59,310.85,309.82,309.9,137.62
ZEREBRO-USD-PERP.HYPERLIQUID,1771149720000,0.008903,0.008903,0.008903,0.008903,1765.0
BTC-USD-PERP.HYPERLIQUID,1771149720000,70423.0,70434.0,70358.0,70358.0,8.26772
FET-USD-PERP.HYPERLIQUID,1771149720000,0.17887,0.17887,0.17853,0.17853,3036.0
DOT-USD-PERP.HYPERLIQUID,1771149720000,1.4147,1.4147,1.4119,1.4119,7999.6
ETC-USD-PERP.HYPERLIQUID,1771149720000,9.0496,9.0496,9.0302,9.0302,36.2
ETH-USD-PERP.HYPERLIQUID,1771149720000,2068.8,2069.3,2065.7,2066.1,50.6878
IMX-USD-PERP.HYPERLIQUID,1771149720000,0.17445,0.17445,0.17415,0.17415,897.5
LTC-USD-PERP.HYPERLIQUID,1771149720000,56.194,56.194,56.096,56.096,9.7
SOL-USD-PERP.HYPERLIQUID,1771149720000,90.039,90.041,89.831,89.835,200.64
SUI-USD-PERP.HYPERLIQUID,1771149720000,1.0243,1.0243,1.021,1.021,503.8
XRP-USD-PERP.HYPERLIQUID,1771149720000,1.5895,1.5911,1.5847,1.5847,30760.0
kPEPE-USD-PERP.HYPERLIQUID,1771149720000,0.004799,0.004799,0.004776,0.004776,230128.0
AAVE-USD-PERP.HYPERLIQUID,1771149720000,129.44,129.44,129.18,129.18,14.63
DASH-USD-PERP.HYPERLIQUID,1771149720000,39.968,39.968,39.858,39.858,0.81
DOGE-USD-PERP.HYPERLIQUID,1771149720000,0.11451,0.11453,0.11419,0.1142,89451.0
ETC-USD-PERP.HYPERLIQUID,1771149720000,9.0496,9.0496,9.0302,9.0302,41.74
FARTCOIN-USD-PERP.HYPERLIQUID,1771149720000,0.21247,0.21272,0.21125,0.21128,72372.9
FET-USD-PERP.HYPERLIQUID,1771149720000,0.17887,0.17887,0.1785,0.1785,4260.0
HYPE-USD-PERP.HYPERLIQUID,1771149720000,31.134,31.134,31.08,31.08,587.16
LDO-USD-PERP.HYPERLIQUID,1771149720000,0.35565,0.35565,0.35565,0.35565,1978.0
SAGA-USD-PERP.HYPERLIQUID,1771149720000,0.03351,0.03351,0.03351,0.03351,2572.2
WLFI-USD-PERP.HYPERLIQUID,1771149720000,0.10698,0.10698,0.1069,0.1069,446.0
ZEC-USD-PERP.HYPERLIQUID,1771149720000,310.59,310.85,309.76,309.76,138.01
kPEPE-USD-PERP.HYPERLIQUID,1771149720000,0.004799,0.004799,0.004775,0.004775,421536.0
ANIME-USD-PERP.HYPERLIQUID,1771149720000,0.005815,0.005815,0.005815,0.005815,122175.0
APT-USD-PERP.HYPERLIQUID,1771149720000,0.9694,0.9694,0.9694,0.9694,1553.33
BNB-USD-PERP.HYPERLIQUID,1771149720000,630.22,630.22,629.55,629.55,3.278
BTC-USD-PERP.HYPERLIQUID,1771149720000,70423.0,70434.0,70354.0,70354.0,8.29094
ETH-USD-PERP.HYPERLIQUID,1771149720000,2068.8,2069.3,2065.7,2065.8,55.1375
HYPE-USD-PERP.HYPERLIQUID,1771149720000,31.134,31.134,31.068,31.068,587.9
IO-USD-PERP.HYPERLIQUID,1771149720000,0.1101,0.1101,0.11,0.11,297.7
LIT-USD-PERP.HYPERLIQUID,1771149720000,1.7109,1.7109,1.7073,1.7073,4819.0
RUNE-USD-PERP.HYPERLIQUID,1771149720000,0.41713,0.41713,0.41713,0.41713,36.7
SOL-USD-PERP.HYPERLIQUID,1771149720000,90.039,90.041,89.82,89.82,200.94
SUI-USD-PERP.HYPERLIQUID,1771149720000,1.0243,1.0243,1.0207,1.0207,532.0
XRP-USD-PERP.HYPERLIQUID,1771149720000,1.5895,1.5911,1.5835,1.5835,38594.0
ARB-USD-PERP.HYPERLIQUID,1771149720000,0.11901,0.11901,0.11869,0.11869,4937.7
BERA-USD-PERP.HYPERLIQUID,1771149720000,0.66593,0.66621,0.66585,0.66585,11425.1
BTC-USD-PERP.HYPERLIQUID,1771149720000,70423.0,70434.0,70352.0,70352.0,8.29484
COMP-USD-PERP.HYPERLIQUID,1771149720000,23.09,23.185,23.09,23.097,50.9
CRV-USD-PERP.HYPERLIQUID,1771149720000,0.25987,0.25987,0.25958,0.25958,1854.6
ETH-USD-PERP.HYPERLIQUID,1771149720000,2068.8,2069.3,2065.7,2065.7,55.2104
HYPE-USD-PERP.HYPERLIQUID,1771149720000,31.134,31.134,31.066,31.066,588.62
LDO-USD-PERP.HYPERLIQUID,1771149720000,0.35565,0.35565,0.35559,0.35559,3956.0
LTC-USD-PERP.HYPERLIQUID,1771149720000,56.194,56.194,56.078,56.08,10.23
PUMP-USD-PERP.HYPERLIQUID,1771149720000,0.002296,0.002296,0.002286,0.002286,9663269.0
SOL-USD-PERP.HYPERLIQUID,1771149720000,90.039,90.041,89.81,89.81,201.45
BRETT-USD-PERP.HYPERLIQUID,1771149720000,0.00837,0.00837,0.008357,0.008357,4293.0
BTC-USD-PERP.HYPERLIQUID,1771149720000,70423.0,70434.0,70348.0,70348.0,8.2985
ETH-USD-PERP.HYPERLIQUID,1771149720000,2068.8,2069.3,2065.6,2065.6,55.2173
PUMP-USD-PERP.HYPERLIQUID,1771149720000,0.002296,0.002296,0.002285,0.002285,10010254.0
RENDER-USD-PERP.HYPERLIQUID,1771149720000,1.482,1.4821,1.4781,1.4781,148.2
SOL-USD-PERP.HYPERLIQUID,1771149720000,90.039,90.041,89.791,89.791,203.11
VVV-USD-PERP.HYPERLIQUID,1771149720000,3.9505,3.9816,3.95,3.966,5996.31
BTC-USD-PERP.HYPERLIQUID,1771149720000,70423.0,70434.0,70344.0,70345.0,8.55201
LIT-USD-PERP.HYPERLIQUID,1771149720000,1.7109,1.7109,1.7073,1.7079,4826.0
SOL-USD-PERP.HYPERLIQUID,1771149720000,90.039,90.041,89.791,89.801,425.3
UNI-USD-PERP.HYPERLIQUID,1771149720000,3.5953,3.5953,3.5849,3.5849,29.7
ZEC-USD-PERP.HYPERLIQUID,1771149720000,310.59,310.85,309.75,309.75,138.07
ARB-USD-PERP.HYPERLIQUID,1771149720000,0.11901,0.11901,0.11869,0.11876,5041.7
SOL-USD-PERP.HYPERLIQUID,1771149720000,90.039,90.041,89.791,89.798,425.86
VVV-USD-PERP.HYPERLIQUID,1771149720000,3.9505,3.9816,3.95,3.95,6072.3
XRP-USD-PERP.HYPERLIQUID,1771149720000,1.5895,1.5911,1.5835,1.5852,38904.0
ZEC-USD-PERP.HYPERLIQUID,1771149720000,310.59,310.85,309.75,309.76,145.95
BTC-USD-PERP.HYPERLIQUID,1771149720000,70423.0,70434.0,70344.0,70348.0,8.55223
FARTCOIN-USD-PERP.HYPERLIQUID,1771149720000,0.21247,0.21272,0.21125,0.21125,74002.9
FIL-USD-PERP.HYPERLIQUID,1771149720000,1.0044,1.0044,1.0024,1.0024,262.7
IP-USD-PERP.HYPERLIQUID,1771149720000,1.1742,1.1742,1.1704,1.1704,41.8
MOODENG-USD-PERP.HYPERLIQUID,1771149720000,0.060268,0.060268,0.060268,0.060268,357.0
VVV-USD-PERP.HYPERLIQUID,1771149720000,3.9505,3.9816,3.95,3.95,6181.23
BTC-USD-PERP.HYPERLIQUID,1771149720000,70423.0,70434.0,70344.0,70349.0,8.55249
LINK-USD-PERP.HYPERLIQUID,1771149720000,9.1298,9.1298,9.111,9.111,154.6
NEAR-USD-PERP.HYPERLIQUID,1771149720000,1.0797,1.0797,1.0777,1.0777,462.9
WLD-USD-PERP.HYPERLIQUID,1771149720000,0.42398,0.42398,0.42313,0.42313,1741.3
ZEC-USD-PERP.HYPERLIQUID,1771149720000,310.59,310.85,309.75,309.76,158.42
BTC-USD-PERP.HYPERLIQUID,1771149720000,70423.0,70434.0,70344.0,70354.0,8.55265
DOGE-USD-PERP.HYPERLIQUID,1771149720000,0.11451,0.11453,0.11419,0.11419,94549.0
FET-USD-PERP.HYPERLIQUID,1771149720000,0.17887,0.17887,0.1785,0.17852,4357.0
HYPE-USD-PERP.HYPERLIQUID,1771149720000,31.134,31.134,31.066,31.074,589.56
SAND-USD-PERP.HYPERLIQUID,1771149720000,0.091417,0.091417,0.091417,0.091417,366.0
SOL-USD-PERP.HYPERLIQUID,1771149720000,90.039,90.041,89.791,89.833,454.35
TRX-USD-PERP.HYPERLIQUID,1771149720000,0.28092,0.28092,0.28091,0.28091,13387.0
ZEC-USD-PERP.HYPERLIQUID,1771149720000,310.59,310.85,309.75,309.81,159.3
kLUNC-USD-PERP.HYPERLIQUID,1771149720000,0.036943,0.036979,0.036856,0.036856,13536.0
kPEPE-USD-PERP.HYPERLIQUID,1771149720000,0.004799,0.004799,0.004775,0.004776,424125.0
BTC-USD-PERP.HYPERLIQUID,1771149720000,70423.0,70434.0,70344.0,70353.0,8.75265
CAKE-USD-PERP.HYPERLIQUID,1771149720000,1.3483,1.3494,1.3477,1.3477,2488.9
MNT-USD-PERP.HYPERLIQUID,1771149720000,0.67233,0.67267,0.67177,0.67204,4087.2
MORPHO-USD-PERP.HYPERLIQUID,1771149720000,1.4211,1.4211,1.4188,1.4188,285.8
BTC-USD-PERP.HYPERLIQUID,1771149720000,70423.0,70434.0,70344.0,70362.0,8.77273
ETH-USD-PERP.HYPERLIQUID,1771149720000,2068.8,2069.3,2065.6,2066.1,56.2173
MNT-USD-PERP.HYPERLIQUID,1771149720000,0.67233,0.67267,0.67177,0.67204,4116.4
XRP-USD-PERP.HYPERLIQUID,1771149720000,1.5895,1.5911,1.5835,1.5861,39052.0
BERA-USD-PERP.HYPERLIQUID,1771149720000,0.66593,0.66621,0.6656,0.66562,13393.6
BTC-USD-PERP.HYPERLIQUID,1771149720000,70423.0,70434.0,70344.0,70363.0,8.80136
FARTCOIN-USD-PERP.HYPERLIQUID,1771149720000,0.21247,0.21272,0.21121,0.21121,79002.9
VVV-USD-PERP.HYPERLIQUID,1771149720000,3.9505,3.9816,3.9474,3.9474,6184.02
ETH-USD-PERP.HYPERLIQUID,1771149720000,2068.8,2069.3,2065.6,2066.1,56.2234
TRX-USD-PERP.HYPERLIQUID,1771149720000,0.28092,0.28092,0.28091,0.28091,14177.0
BTC-USD-PERP.HYPERLIQUID,1771149720000,70423.0,70434.0,70344.0,70362.0,8.80153
DOGE-USD-PERP.HYPERLIQUID,1771149720000,0.11451,0.11453,0.11419,0.1142,94682.0
HYPE-USD-PERP.HYPERLIQUID,1771149720000,31.134,31.134,31.066,31.075,604.9
IMX-USD-PERP.HYPERLIQUID,1771149720000,0.17445,0.17445,0.17406,0.17406,2261.5
ZEC-USD-PERP.HYPERLIQUID,1771149720000,310.59,310.85,309.75,309.82,159.99
BTC-USD-PERP.HYPERLIQUID,1771149720000,70423.0,70434.0,70344.0,70363.0,8.80395
MNT-USD-PERP.HYPERLIQUID,1771149720000,0.67233,0.67267,0.67177,0.67204,4154.4
VVV-USD-PERP.HYPERLIQUID,1771149720000,3.9505,3.9816,3.9372,3.9372,6186.82
JUP-USD-PERP.HYPERLIQUID,1771149720000,0.16674,0.16674,0.16672,0.16672,205.0
BTC-USD-PERP.HYPERLIQUID,1771149720000,70423.0,70434.0,70344.0,70352.0,8.83237
OP-USD-PERP.HYPERLIQUID,1771149720000,0.19492,0.19501,0.19472,0.19472,20257.1
BTC-USD-PERP.HYPERLIQUID,1771149720000,70423.0,70434.0,70344.0,70353.0,8.83312
CAKE-USD-PERP.HYPERLIQUID,1771149720000,1.3483,1.3494,1.3477,1.3477,2527.7
HBAR-USD-PERP.HYPERLIQUID,1771149720000,0.10356,0.10356,0.10338,0.10338,1520.0
HYPE-USD-PERP.HYPERLIQUID,1771149720000,31.134,31.134,31.066,31.069,605.26
LDO-USD-PERP.HYPERLIQUID,1771149720000,0.35565,0.35565,0.35559,0.35562,5010.9
LIT-USD-PERP.HYPERLIQUID,1771149720000,1.7109,1.7109,1.7073,1.7091,4845.0
TRX-USD-PERP.HYPERLIQUID,1771149720000,0.28092,0.28092,0.2809,0.2809,15070.0
VVV-USD-PERP.HYPERLIQUID,1771149720000,3.9505,3.9816,3.9351,3.9351,6346.98
XRP-USD-PERP.HYPERLIQUID,1771149720000,1.5895,1.5911,1.5835,1.585,41062.0
DOT-USD-PERP.HYPERLIQUID,1771149720000,1.4147,1.4147,1.4118,1.4118,8011.7
LDO-USD-PERP.HYPERLIQUID,1771149720000,0.35565,0.35565,0.35559,0.35559,6065.8
BTC-USD-PERP.HYPERLIQUID,1771149720000,70423.0,70434.0,70344.0,70354.0,8.83397
IMX-USD-PERP.HYPERLIQUID,1771149720000,0.17445,0.17445,0.17396,0.17396,8301.1
IP-USD-PERP.HYPERLIQUID,1771149720000,1.1742,1.1742,1.1704,1.1711,91.5
SOL-USD-PERP.HYPERLIQUID,1771149720000,90.039,90.041,89.791,89.803,454.47
MANTA-USD-PERP.HYPERLIQUID,1771149720000,0.07813,0.07813,0.07813,0.07813,202.2
REZ-USD-PERP.HYPERLIQUID,1771149720000,0.003092,0.003092,0.003092,0.003092,9524.0
XRP-USD-PERP.HYPERLIQUID,1771149720000,1.5895,1.5911,1.5835,1.5848,42071.0
ZEC-USD-PERP.HYPERLIQUID,1771149720000,310.59,310.85,309.75,309.76,169.69
ZRO-USD-PERP.HYPERLIQUID,1771149720000,1.88,1.8805,1.8788,1.8788,382.6
BERA-USD-PERP.HYPERLIQUID,1771149780000,0.6655,0.6655,0.66543,0.66543,1156.2
BTC-USD-PERP.HYPERLIQUID,1771149720000,70423.0,70434.0,70344.0,70354.0,8.83421
CAKE-USD-PERP.HYPERLIQUID,1771149780000,1.3477,1.3477,1.3477,1.3477,9.4
ENA-USD-PERP.HYPERLIQUID,1771149780000,0.12704,0.12704,0.12704,0.12704,312.0
HYPE-USD-PERP.HYPERLIQUID,1771149780000,31.07,31.07,31.07,31.07,0.37
MNT-USD-PERP.HYPERLIQUID,1771149780000,0.67151,0.67151,0.67127,0.67127,1332.5
MOVE-USD-PERP.HYPERLIQUID,1771149720000,0.025266,0.025266,0.02525,0.02525,3043.0
ONDO-USD-PERP.HYPERLIQUID,1771149780000,0.28704,0.28704,0.28704,0.28704,326.0
STRK-USD-PERP.HYPERLIQUID,1771149720000,0.05081,0.05081,0.05081,0.05081,298.9
TRX-USD-PERP.HYPERLIQUID,1771149720000,0.28092,0.28092,0.2809,0.2809,15635.0
XRP-USD-PERP.HYPERLIQUID,1771149780000,1.5848,1.5848,1.5848,1.5848,176.0
ZEC-USD-PERP.HYPERLIQUID,1771149780000,309.7,309.7,309.7,309.7,0.06
BLAST-USD-PERP.HYPERLIQUID,1771149780000,0.000638,0.000638,0.000638,0.000638,310150.0
BRETT-USD-PERP.HYPERLIQUID,1771149780000,0.008356,0.008356,0.008356,0.008356,2888.0
ONDO-USD-PERP.HYPERLIQUID,1771149780000,0.28704,0.28704,0.28704,0.28704,362.0
SOL-USD-PERP.HYPERLIQUID,1771149780000,89.822,89.822,89.822,89.822,3.87
TRX-USD-PERP.HYPERLIQUID,1771149780000,0.2809,0.2809,0.2809,0.2809,184.0
XRP-USD-PERP.HYPERLIQUID,1771149780000,1.5848,1.5849,1.5848,1.5849,9790.0
ZEC-USD-PERP.HYPERLIQUID,1771149780000,309.7,309.78,309.7,309.78,4.11
BLAST-USD-PERP.HYPERLIQUID,1771149780000,0.000638,0.000638,0.000637,0.000637,839690.0
BTC-USD-PERP.HYPERLIQUID,1771149780000,70354.0,70359.0,70353.0,70359.0,0.08097
BTC-USD-PERP.HYPERLIQUID,1771149780000,70354.0,70365.0,70353.0,70365.0,0.08456
ENA-USD-PERP.HYPERLIQUID,1771149780000,0.12704,0.12704,0.12704,0.12704,15111.0
ETH-USD-PERP.HYPERLIQUID,1771149780000,2066.1,2066.1,2066.1,2066.1,0.06
ONDO-USD-PERP.HYPERLIQUID,1771149780000,0.28704,0.28704,0.28704,0.28704,454.0
XLM-USD-PERP.HYPERLIQUID,1771149780000,0.17736,0.17736,0.17736,0.17736,485.0
XRP-USD-PERP.HYPERLIQUID,1771149780000,1.5848,1.5862,1.5848,1.5862,9801.0
ZEC-USD-PERP.HYPERLIQUID,1771149780000,309.7,309.92,309.7,309.92,5.03
ETH-USD-PERP.HYPERLIQUID,1771149780000,2066.1,2066.2,2066.1,2066.2,0.0656
HYPE-USD-PERP.HYPERLIQUID,1771149780000,31.07,31.078,31.07,31.077,20.01
NEAR-USD-PERP.HYPERLIQUID,1771149780000,1.0778,1.0778,1.0778,1.0778,13.4
SUI-USD-PERP.HYPERLIQUID,1771149780000,1.0213,1.0213,1.0213,1.0213,37.7
TRB-USD-PERP.HYPERLIQUID,1771149780000,16.444,16.444,16.444,16.444,0.49
VVV-USD-PERP.HYPERLIQUID,1771149780000,3.9327,3.9327,3.9327,3.9327,77.93
YGG-USD-PERP.HYPERLIQUID,1771149780000,0.042357,0.042357,0.042357,0.042357,760.0
BTC-USD-PERP.HYPERLIQUID,1771149780000,70354.0,70370.0,70353.0,70370.0,0.66108
CAKE-USD-PERP.HYPERLIQUID,1771149780000,1.3477,1.3477,1.3477,1.3477,17.2
CC-USD-PERP.HYPERLIQUID,1771149780000,0.16064,0.16064,0.16064,0.16064,155.0
FET-USD-PERP.HYPERLIQUID,1771149780000,0.17856,0.17856,0.17856,0.17856,67.0
HBAR-USD-PERP.HYPERLIQUID,1771149780000,0.10332,0.10332,0.10332,0.10332,1321.0
KAITO-USD-PERP.HYPERLIQUID,1771149780000,0.32601,0.32601,0.32601,0.32601,50.0
LTC-USD-PERP.HYPERLIQUID,1771149780000,56.097,56.097,56.097,56.097,0.81
ONDO-USD-PERP.HYPERLIQUID,1771149780000,0.28704,0.28704,0.28704,0.28704,514.0
SOL-USD-PERP.HYPERLIQUID,1771149780000,89.822,89.849,89.822,89.849,4.21
VVV-USD-PERP.HYPERLIQUID,1771149780000,3.9327,3.9327,3.9326,3.9326,172.05
ZEC-USD-PERP.HYPERLIQUID,1771149780000,309.7,309.92,309.7,309.81,5.23
BTC-USD-PERP.HYPERLIQUID,1771149780000,70354.0,70370.0,70353.0,70370.0,0.66163
FARTCOIN-USD-PERP.HYPERLIQUID,1771149780000,0.2113,0.2113,0.2113,0.2113,1499.2
LINK-USD-PERP.HYPERLIQUID,1771149780000,9.1124,9.1124,9.1124,9.1124,9.3
ONDO-USD-PERP.HYPERLIQUID,1771149780000,0.28704,0.28704,0.28704,0.28704,742.0
PENGU-USD-PERP.HYPERLIQUID,1771149780000,0.007589,0.007589,0.007589,0.007589,3088.0
VVV-USD-PERP.HYPERLIQUID,1771149780000,3.9327,3.9327,3.9199,3.9199,2163.21
ZEC-USD-PERP.HYPERLIQUID,1771149780000,309.7,309.92,309.7,309.81,5.27
kPEPE-USD-PERP.HYPERLIQUID,1771149780000,0.004782,0.004782,0.004782,0.004782,36097.0
BTC-USD-PERP.HYPERLIQUID,1771149780000,70354.0,70370.0,70353.0,70370.0,0.66263
DOGE-USD-PERP.HYPERLIQUID,1771149780000,0.11425,0.11425,0.11425,0.11425,1608.0
HYPE-USD-PERP.HYPERLIQUID,1771149780000,31.07,31.078,31.07,31.075,64.01
ICP-USD-PERP.HYPERLIQUID,1771149780000,2.5105,2.5105,2.5105,2.5105,7.7
XRP-USD-PERP.HYPERLIQUID,1771149780000,1.5848,1.5862,1.5848,1.5859,10246.0
ZEC-USD-PERP.HYPERLIQUID,1771149780000,309.7,309.92,309.7,309.84,6.2
ALGO-USD-PERP.HYPERLIQUID,1771149780000,0.098768,0.098768,0.098768,0.098768,216.0
DOT-USD-PERP.HYPERLIQUID,1771149780000,1.412,1.412,1.412,1.412,114.3
PROVE-USD-PERP.HYPERLIQUID,1771149780000,0.33644,0.33644,0.33644,0.33644,112.0
SOL-USD-PERP.HYPERLIQUID,1771149780000,89.822,89.857,89.822,89.857,142.76
ZEC-USD-PERP.HYPERLIQUID,1771149780000,309.7,309.92,309.7,309.83,7.64
BTC-USD-PERP.HYPERLIQUID,1771149780000,70354.0,70372.0,70353.0,70372.0,0.6741
DOT-USD-PERP.HYPERLIQUID,1771149780000,1.412,1.4121,1.412,1.4121,126.4
JUP-USD-PERP.HYPERLIQUID,1771149780000,0.16665,0.16665,0.16665,0.16665,112.0
LIT-USD-PERP.HYPERLIQUID,1771149780000,1.7092,1.7092,1.7092,1.7092,11.0
TAO-USD-PERP.HYPERLIQUID,1771149780000,188.88,188.88,188.88,188.88,0.157
HEMI-USD-PERP.HYPERLIQUID,1771149780000,0.010438,0.010438,0.010438,0.010438,1566.0
IMX-USD-PERP.HYPERLIQUID,1771149780000,0.17415,0.17415,0.17415,0.17415,172.9
SPX-USD-PERP.HYPERLIQUID,1771149780000,0.33154,0.33154,0.33154,0.33154,50.4
ZEC-USD-PERP.HYPERLIQUID,1771149780000,309.7,309.92,309.7,309.84,9.01
BNB-USD-PERP.HYPERLIQUID,1771149780000,629.65,629.65,629.65,629.65,0.48
BTC-USD-PERP.HYPERLIQUID,1771149780000,70354.0,70372.0,70353.0,70371.0,0.87895
CRV-USD-PERP.HYPERLIQUID,1771149780000,0.25964,0.25964,0.25964,0.25964,47.6
DOGE-USD-PERP.HYPERLIQUID,1771149780000,0.11425,0.11427,0.11425,0.11427,35120.0
ETH-USD-PERP.HYPERLIQUID,1771149780000,2066.1,2066.5,2066.1,2066.5,0.0741
XRP-USD-PERP.HYPERLIQUID,1771149780000,1.5848,1.5864,1.5848,1.5864,10698.0
BTC-USD-PERP.HYPERLIQUID,1771149780000,70354.0,70375.0,70353.0,70375.0,0.87918
DOGE-USD-PERP.HYPERLIQUID,1771149780000,0.11425,0.11427,0.11425,0.11426,35208.0
TRX-USD-PERP.HYPERLIQUID,1771149780000,0.2809,0.28091,0.2809,0.28091,349.0
VVV-USD-PERP.HYPERLIQUID,1771149780000,3.9327,3.9327,3.9199,3.9326,2287.28
BTC-USD-PERP.HYPERLIQUID,1771149780000,70354.0,70380.0,70353.0,70380.0,0.90873
PUMP-USD-PERP.HYPERLIQUID,1771149780000,0.00229,0.00229,0.00229,0.00229,25146.0
XRP-USD-PERP.HYPERLIQUID,1771149780000,1.5848,1.5864,1.5848,1.5861,23499.0
AVAX-USD-PERP.HYPERLIQUID,1771149780000,9.5798,9.5798,9.5798,9.5798,32.0
ETH-USD-PERP.HYPERLIQUID,1771149780000,2066.1,2066.6,2066.1,2066.6,9.1033
ZEC-USD-PERP.HYPERLIQUID,1771149780000,309.7,309.92,309.7,309.82,19.25
BTC-USD-PERP.HYPERLIQUID,1771149780000,70354.0,70380.0,70353.0,70379.0,1.05081
FARTCOIN-USD-PERP.HYPERLIQUID,1771149780000,0.2113,0.2114,0.2113,0.2114,2668.1
OP-USD-PERP.HYPERLIQUID,1771149780000,0.19478,0.19478,0.19478,0.19478,178.4
RESOLV-USD-PERP.HYPERLIQUID,1771149780000,0.062167,0.062167,0.062167,0.062167,476.0
VVV-USD-PERP.HYPERLIQUID,1771149780000,3.9327,3.9367,3.9199,3.9367,2339.16
WIF-USD-PERP.HYPERLIQUID,1771149780000,0.24427,0.24427,0.24427,0.24427,109.0
WLFI-USD-PERP.HYPERLIQUID,1771149780000,0.10689,0.10689,0.10689,0.10689,448.0
XRP-USD-PERP.HYPERLIQUID,1771149780000,1.5848,1.5865,1.5848,1.5865,23507.0
VVV-USD-PERP.HYPERLIQUID,1771149780000,3.9327,3.9437,3.9199,3.9437,2374.92
ALGO-USD-PERP.HYPERLIQUID,1771149780000,0.098768,0.098768,0.098768,0.098768,510.0
BABY-USD-PERP.HYPERLIQUID,1771149780000,0.014,0.014,0.014,0.014,1095.0
STABLE-USD-PERP.HYPERLIQUID,1771149780000,0.024104,0.024104,0.024104,0.024104,705.0
BRETT-USD-PERP.HYPERLIQUID,1771149780000,0.008356,0.008369,0.008356,0.008369,6686.0
CAKE-USD-PERP.HYPERLIQUID,1771149780000,1.3477,1.3477,1.3477,1.3477,24.9
HYPE-USD-PERP.HYPERLIQUID,1771149780000,31.07,31.08,31.07,31.08,64.4
STBL-USD-PERP.HYPERLIQUID,1771149780000,0.039607,0.039607,0.039607,0.039607,722.0
UMA-USD-PERP.HYPERLIQUID,1771149780000,0.51715,0.51715,0.51715,0.51715,30.0
ZRO-USD-PERP.HYPERLIQUID,1771149780000,1.8781,1.8787,1.8781,1.8787,999.0
ALGO-USD-PERP.HYPERLIQUID,1771149780000,0.098768,0.098768,0.098768,0.098768,1436.0
MNT-USD-PERP.HYPERLIQUID,1771149780000,0.67151,0.67203,0.67127,0.67203,1367.3
OM-USD-PERP.HYPERLIQUID,1771149780000,0.06166,0.06166,0.06166,0.06166,1872.4
ZEC-USD-PERP.HYPERLIQUID,1771149780000,309.7,309.92,309.7,309.81,22.25
ETH-USD-PERP.HYPERLIQUID,1771149780000,2066.1,2066.8,2066.1,2066.8,9.1092
FET-USD-PERP.HYPERLIQUID,1771149780000,0.17856,0.1786,0.17856,0.1786,401.0
LIT-USD-PERP.HYPERLIQUID,1771149780000,1.7092,1.7092,1.7082,1.7082,449.0
ADA-USD-PERP.HYPERLIQUID,1771149780000,0.29503,0.29503,0.29503,0.29503,55.0
AERO-USD-PERP.HYPERLIQUID,1771149780000,0.33001,0.33001,0.33001,0.33001,334.0
BTC-USD-PERP.HYPERLIQUID,1771149780000,70354.0,70380.0,70353.0,70380.0,1.05181
SUI-USD-PERP.HYPERLIQUID,1771149780000,1.0213,1.0217,1.0213,1.0217,59.7
ZEC-USD-PERP.HYPERLIQUID,1771149780000,309.7,309.92,309.7,309.88,23.93
BLUR-USD-PERP.HYPERLIQUID,1771149780000,0.022198,0.022198,0.022198,0.022198,755.0
HYPE-USD-PERP.HYPERLIQUID,1771149780000,31.07,31.08,31.07,31.077,64.77
TRX-USD-PERP.HYPERLIQUID,1771149780000,0.2809,0.28091,0.2809,0.2809,1033.0
IMX-USD-PERP.HYPERLIQUID,1771149780000,0.17415,0.17416,0.17415,0.17416,265.1
SOL-USD-PERP.HYPERLIQUID,1771149780000,89.822,89.857,89.822,89.852,149.43
SYRUP-USD-PERP.HYPERLIQUID,1771149780000,0.2754,0.2754,0.2754,0.2754,134.0
ZEC-USD-PERP.HYPERLIQUID,1771149780000,309.7,309.92,309.7,309.8,40.05
NEAR-USD-PERP.HYPERLIQUID,1771149780000,1.0778,1.0782,1.0778,1.0782,53.5
PENDLE-USD-PERP.HYPERLIQUID,1771149780000,1.2957,1.2957,1.2957,1.2957,492.0
SOL-USD-PERP.HYPERLIQUID,1771149780000,89.822,89.857,89.822,89.852,149.63
AVAX-USD-PERP.HYPERLIQUID,1771149780000,9.5798,9.5825,9.5798,9.5825,39.2
FET-USD-PERP.HYPERLIQUID,1771149780000,0.17856,0.1786,0.17856,0.1786,585.0
SOL-USD-PERP.HYPERLIQUID,1771149780000,89.822,89.857,89.822,89.852,158.54
SOL-USD-PERP.HYPERLIQUID,1771149780000,89.822,89.859,89.822,89.859,307.3
BTC-USD-PERP.HYPERLIQUID,1771149780000,70354.0,70380.0,70353.0,70379.0,1.05296
FET-USD-PERP.HYPERLIQUID,1771149780000,0.17856,0.1786,0.17856,0.1786,699.0
TRX-USD-PERP.HYPERLIQUID,1771149780000,0.2809,0.28091,0.2809,0.2809,1171.0
VVV-USD-PERP.HYPERLIQUID,1771149780000,3.9327,3.9437,3.9199,3.939,2429.8
BTC-USD-PERP.HYPERLIQUID,1771149780000,70354.0,70380.0,70353.0,70380.0,1.05396
INJ-USD-PERP.HYPERLIQUID,1771149780000,3.2419,3.2419,3.2419,3.2419,9.2
LINK-USD-PERP.HYPERLIQUID,1771149780000,9.1124,9.1143,9.1124,9.1143,10.9
PUMP-USD-PERP.HYPERLIQUID,1771149780000,0.00229,0.00229,0.002289,0.002289,260378.0
ZEC-USD-PERP.HYPERLIQUID,1771149780000,309.7,309.92,309.7,309.78,40.17
BTC-USD-PERP.HYPERLIQUID,1771149780000,70354.0,70380.0,70353.0,70379.0,1.05724
DOGE-USD-PERP.HYPERLIQUID,1771149780000,0.11425,0.11427,0.11425,0.11427,38938.0
ZEC-USD-PERP.HYPERLIQUID,1771149780000,309.7,309.92,309.7,309.77,40.41
ONDO-USD-PERP.HYPERLIQUID,1771149780000,0.28704,0.28713,0.28704,0.28713,806.0
ZEC-USD-PERP.HYPERLIQUID,1771149780000,309.7,309.92,309.7,309.77,42.5
ADA-USD-PERP.HYPERLIQUID,1771149780000,0.29503,0.29503,0.29492,0.29492,114.0
APEX-USD-PERP.HYPERLIQUID,1771149780000,0.36658,0.36658,0.36658,0.36658,121.0
CFX-USD-PERP.HYPERLIQUID,1771149780000,0.056687,0.056687,0.056687,0.056687,325.0
DOGE-USD-PERP.HYPERLIQUID,1771149780000,0.11425,0.11427,0.11424,0.11424,39100.0
HEMI-USD-PERP.HYPERLIQUID,1771149780000,0.010438,0.010438,0.010438,0.010438,3475.0
HYPE-USD-PERP.HYPERLIQUID,1771149780000,31.07,31.08,31.07,31.076,66.8
PUMP-USD-PERP.HYPERLIQUID,1771149780000,0.00229,0.00229,0.002289,0.002289,277847.0
BCH-USD-PERP.HYPERLIQUID,1771149780000,560.17,560.17,560.17,560.17,1.256
CAKE-USD-PERP.HYPERLIQUID,1771149780000,1.3477,1.3477,1.3477,1.3477,42.7
DYDX-USD-PERP.HYPERLIQUID,1771149780000,0.11174,0.11174,0.11173,0.11173,264.0
SKR-USD-PERP.HYPERLIQUID,1771149780000,0.022638,0.022638,0.022638,0.022638,1984.0
BRETT-USD-PERP.HYPERLIQUID,1771149780000,0.008356,0.008369,0.008356,0.008369,8651.0
ZEC-USD-PERP.HYPERLIQUID,1771149780000,309.7,309.92,309.7,309.77,42.54
FET-USD-PERP.HYPERLIQUID,1771149780000,0.17856,0.1786,0.17856,0.17856,818.0
HYPE-USD-PERP.HYPERLIQUID,1771149780000,31.07,31.08,31.07,31.071,71.4
LTC-USD-PERP.HYPERLIQUID,1771149780000,56.097,56.104,56.097,56.104,1.65
TAO-USD-PERP.HYPERLIQUID,1771149780000,188.88,188.88,188.87,188.87,0.782
ZK-USD-PERP.HYPERLIQUID,1771149780000,0.022472,0.022472,0.022472,0.022472,1886.0
ALGO-USD-PERP.HYPERLIQUID,1771149780000,0.098768,0.098768,0.098768,0.098768,2434.0
ARB-USD-PERP.HYPERLIQUID,1771149780000,0.11882,0.11882,0.11882,0.11882,142.1
AVAX-USD-PERP.HYPERLIQUID,1771149780000,9.5798,9.5825,9.5798,9.582,91.17
AXS-USD-PERP.HYPERLIQUID,1771149780000,1.434,1.434,1.434,1.434,22.5
DOT-USD-PERP.HYPERLIQUID,1771149780000,1.412,1.4123,1.412,1.4123,208.7
FARTCOIN-USD-PERP.HYPERLIQUID,1771149780000,0.2113,0.2114,0.21119,0.21119,2936.4
kNEIRO-USD-PERP.HYPERLIQUID,1771149780000,0.08068,0.08068,0.08068,0.08068,242.8
AVAX-USD-PERP.HYPERLIQUID,1771149780000,9.5798,9.5825,9.5798,9.582,140.76
BTC-USD-PERP.HYPERLIQUID,1771149780000,70354.0,70380.0,70353.0,70379.0,1.08565
FARTCOIN-USD-PERP.HYPERLIQUID,1771149780000,0.2113,0.2114,0.21119,0.21126,3019.0
FET-USD-PERP.HYPERLIQUID,1771149780000,0.17856,0.1786,0.17856,0.17856,976.0
JUP-USD-PERP.HYPERLIQUID,1771149780000,0.16665,0.16673,0.16665,0.16673,970.0
VVV-USD-PERP.HYPERLIQUID,1771149780000,3.9327,3.9437,3.9199,3.9381,2440.46
ZEC-USD-PERP.HYPERLIQUID,1771149780000,309.7,309.92,309.7,309.76,42.6
BTC-USD-PERP.HYPERLIQUID,1771149780000,70354.0,70380.0,70353.0,70379.0,1.08593
BTC-USD-PERP.HYPERLIQUID,1771149780000,70354.0,70380.0,70353.0,70378.0,1.08609
LINK-USD-PERP.HYPERLIQUID,1771149780000,9.1124,9.1143,9.1124,9.114,12.6
PAXG-USD-PERP.HYPERLIQUID,1771149780000,5039.1,5039.1,5039.1,5039.1,0.002
SOL-USD-PERP.HYPERLIQUID,1771149780000,89.822,89.859,89.822,89.845,307.86
XPL-USD-PERP.HYPERLIQUID,1771149780000,0.10112,0.10112,0.10112,0.10112,294.0
XRP-USD-PERP.HYPERLIQUID,1771149780000,1.5848,1.5865,1.5848,1.5857,23514.0
ZEC-USD-PERP.HYPERLIQUID,1771149780000,309.7,309.92,309.65,309.65,44.37
ALGO-USD-PERP.HYPERLIQUID,1771149780000,0.098768,0.098768,0.098768,0.098768,3083.0
CAKE-USD-PERP.HYPERLIQUID,1771149780000,1.3477,1.3477,1.3477,1.3477,59.2
FARTCOIN-USD-PERP.HYPERLIQUID,1771149780000,0.2113,0.2114,0.21119,0.21119,3949.4
NEAR-USD-PERP.HYPERLIQUID,1771149780000,1.0778,1.0782,1.0778,1.0779,68.8
ONDO-USD-PERP.HYPERLIQUID,1771149780000,0.28704,0.28713,0.28704,0.28707,911.0
SUSHI-USD-PERP.HYPERLIQUID,1771149780000,0.21623,0.21623,0.21623,0.21623,78.7
STABLE-USD-PERP.HYPERLIQUID,1771149780000,0.024104,0.024114,0.024104,0.024114,1423.0
UNI-USD-PERP.HYPERLIQUID,1771149780000,3.5876,3.5876,3.5876,3.5876,37.1
XRP-USD-PERP.HYPERLIQUID,1771149780000,1.5848,1.5865,1.5848,1.5857,23577.0
ZEC-USD-PERP.HYPERLIQUID,1771149780000,309.7,309.92,309.65,309.65,49.95
BTC-USD-PERP.HYPERLIQUID,1771149780000,70354.0,70380.0,70353.0,70378.0,1.08627
DOT-USD-PERP.HYPERLIQUID,1771149780000,1.412,1.4124,1.412,1.4124,217.7
ETHFI-USD-PERP.HYPERLIQUID,1771149780000,0.49615,0.49615,0.49615,0.49615,32.4
HYPE-USD-PERP.HYPERLIQUID,1771149780000,31.07,31.08,31.07,31.074,72.11
IMX-USD-PERP.HYPERLIQUID,1771149780000,0.17415,0.17416,0.17414,0.17414,359.3
TAO-USD-PERP.HYPERLIQUID,1771149780000,188.88,188.88,188.84,188.84,1.631
ZEC-USD-PERP.HYPERLIQUID,1771149780000,309.7,309.92,309.65,309.66,49.99
AZTEC-USD-PERP.HYPERLIQUID,1771149780000,0.023777,0.023777,0.023777,0.023777,1284.0
BTC-USD-PERP.HYPERLIQUID,1771149780000,70354.0,70380.0,70353.0,70377.0,1.11468
ETH-USD-PERP.HYPERLIQUID,1771149780000,2066.1,2066.8,2066.1,2066.8,9.1141
HYPE-USD-PERP.HYPERLIQUID,1771149780000,31.07,31.08,31.07,31.075,72.48
MEME-USD-PERP.HYPERLIQUID,1771149780000,0.000753,0.000753,0.000753,0.000753,25043.0
XMR-USD-PERP.HYPERLIQUID,1771149780000,348.97,348.97,348.97,348.97,1.006
ZEC-USD-PERP.HYPERLIQUID,1771149780000,309.7,309.92,309.65,309.66,50.04
ZEC-USD-PERP.HYPERLIQUID,1771149780000,309.7,309.92,309.61,309.61,51.73
BTC-USD-PERP.HYPERLIQUID,1771149780000,70354.0,70380.0,70353.0,70378.0,1.11584
CAKE-USD-PERP.HYPERLIQUID,1771149780000,1.3477,1.3477,1.3471,1.3471,81.2
SOL-USD-PERP.HYPERLIQUID,1771149780000,89.822,89.859,89.822,89.857,312.31
ALGO-USD-PERP.HYPERLIQUID,1771149780000,0.098768,0.098768,0.098768,0.098768,3253.0
ARB-USD-PERP.HYPERLIQUID,1771149780000,0.11882,0.11883,0.11882,0.11883,426.5
AVAX-USD-PERP.HYPERLIQUID,1771149780000,9.5798,9.5825,9.5795,9.5795,150.95
BSV-USD-PERP.HYPERLIQUID,1771149780000,17.683,17.683,17.683,17.683,3.71
CFX-USD-PERP.HYPERLIQUID,1771149780000,0.056687,0.056687,0.056679,0.056679,674.0
FARTCOIN-USD-PERP.HYPERLIQUID,1771149780000,0.2113,0.2114,0.21119,0.21126,4059.6
HYPE-USD-PERP.HYPERLIQUID,1771149780000,31.07,31.086,31.07,31.086,73.5
TIA-USD-PERP.HYPERLIQUID,1771149780000,0.35419,0.35419,0.35419,0.35419,43.3
ZEC-USD-PERP.HYPERLIQUID,1771149780000,309.7,309.92,309.61,309.63,51.86
0G-USD-PERP.HYPERLIQUID,1771149780000,0.68919,0.68919,0.68919,0.68919,22.0
AAVE-USD-PERP.HYPERLIQUID,1771149780000,129.31,129.31,129.31,129.31,0.13
BTC-USD-PERP.HYPERLIQUID,1771149780000,70354.0,70380.0,70353.0,70379.0,1.11968
CAKE-USD-PERP.HYPERLIQUID,1771149780000,1.3477,1.3477,1.3471,1.3477,102.7
TRX-USD-PERP.HYPERLIQUID,1771149780000,0.2809,0.28091,0.2809,0.2809,1272.0
WLD-USD-PERP.HYPERLIQUID,1771149780000,0.42321,0.42321,0.42321,0.42321,666.0
ETH-USD-PERP.HYPERLIQUID,1771149780000,2066.1,2067.0,2066.1,2067.0,9.1197
FET-USD-PERP.HYPERLIQUID,1771149780000,0.17856,0.1786,0.17856,0.17856,1376.0
HYPE-USD-PERP.HYPERLIQUID,1771149780000,31.07,31.091,31.07,31.091,74.3
IP-USD-PERP.HYPERLIQUID,1771149780000,1.1719,1.1719,1.1719,1.1719,213.4
MOODENG-USD-PERP.HYPERLIQUID,1771149780000,0.060186,0.060186,0.060186,0.060186,2246.0
SOL-USD-PERP.HYPERLIQUID,1771149780000,89.822,89.872,89.822,89.872,377.13
TRB-USD-PERP.HYPERLIQUID,1771149780000,16.444,16.444,16.427,16.427,3.53
TRX-USD-PERP.HYPERLIQUID,1771149780000,0.2809,0.28091,0.2809,0.2809,1617.0
ZEC-USD-PERP.HYPERLIQUID,1771149780000,309.7,309.92,309.61,309.63,53.56
DOGE-USD-PERP.HYPERLIQUID,1771149780000,0.11425,0.11427,0.11424,0.11424,40200.0
SAGA-USD-PERP.HYPERLIQUID,1771149780000,0.03348,0.03348,0.03348,0.03348,599.7
ZEC-USD-PERP.HYPERLIQUID,1771149780000,309.7,309.92,309.6,309.6,53.6
BTC-USD-PERP.HYPERLIQUID,1771149780000,70354.0,70380.0,70353.0,70379.0,1.11999
CAKE-USD-PERP.HYPERLIQUID,1771149780000,1.3477,1.3477,1.3471,1.3477,114.7
LINEA-USD-PERP.HYPERLIQUID,1771149780000,0.003855,0.003855,0.003855,0.003855,5735.0
LIT-USD-PERP.HYPERLIQUID,1771149780000,1.7092,1.7092,1.7082,1.7082,455.0
ONDO-USD-PERP.HYPERLIQUID,1771149780000,0.28704,0.28713,0.28704,0.28707,1351.0
S-USD-PERP.HYPERLIQUID,1771149780000,0.049858,0.049858,0.049839,0.049839,2112.0
TRX-USD-PERP.HYPERLIQUID,1771149780000,0.2809,0.28091,0.2809,0.28091,1953.0
VIRTUAL-USD-PERP.HYPERLIQUID,1771149780000,0.67522,0.67522,0.67522,0.67522,28.5
XRP-USD-PERP.HYPERLIQUID,1771149780000,1.5848,1.5865,1.5848,1.5859,23883.0
ZEC-USD-PERP.HYPERLIQUID,1771149780000,309.7,309.92,309.41,309.45,84.95
kNEIRO-USD-PERP.HYPERLIQUID,1771149780000,0.08068,0.08068,0.08053,0.08053,488.2
ADA-USD-PERP.HYPERLIQUID,1771149780000,0.29503,0.29503,0.29492,0.29502,210.0
GALA-USD-PERP.HYPERLIQUID,1771149780000,0.004286,0.004286,0.004286,0.004286,4509.0
RENDER-USD-PERP.HYPERLIQUID,1771149780000,1.479,1.479,1.479,1.479,52.1
SKR-USD-PERP.HYPERLIQUID,1771149780000,0.022638,0.022668,0.022638,0.022668,3873.0
ZEC-USD-PERP.HYPERLIQUID,1771149780000,309.7,309.92,309.39,309.44,85.31
kPEPE-USD-PERP.HYPERLIQUID,1771149780000,0.004782,0.004782,0.004782,0.004782,212026.0
HYPE-USD-PERP.HYPERLIQUID,1771149780000,31.07,31.091,31.07,31.089,74.64
OM-USD-PERP.HYPERLIQUID,1771149780000,0.06166,0.06166,0.06164,0.06164,2598.4
ZEC-USD-PERP.HYPERLIQUID,1771149780000,309.7,309.92,309.39,309.5,85.39
BTC-USD-PERP.HYPERLIQUID,1771149780000,70354.0,70380.0,70353.0,70379.0,1.14882
ETHFI-USD-PERP.HYPERLIQUID,1771149780000,0.49615,0.49615,0.49615,0.49615,64.8
FET-USD-PERP.HYPERLIQUID,1771149780000,0.17856,0.1786,0.17845,0.17845,1734.0
LINK-USD-PERP.HYPERLIQUID,1771149780000,9.1124,9.1143,9.1124,9.1139,22.0
LTC-USD-PERP.HYPERLIQUID,1771149780000,56.097,56.104,56.097,56.099,14.19
OP-USD-PERP.HYPERLIQUID,1771149780000,0.19478,0.19478,0.19477,0.19477,233.4
XRP-USD-PERP.HYPERLIQUID,1771149780000,1.5848,1.5865,1.5848,1.586,23908.0
ZEC-USD-PERP.HYPERLIQUID,1771149780000,309.7,309.92,309.39,309.49,86.1
BTC-USD-PERP.HYPERLIQUID,1771149780000,70354.0,70380.0,70353.0,70379.0,1.15964
FET-USD-PERP.HYPERLIQUID,1771149780000,0.17856,0.1786,0.17845,0.17856,2090.0
HYPE-USD-PERP.HYPERLIQUID,1771149780000,31.07,31.092,31.07,31.092,75.57
PUMP-USD-PERP.HYPERLIQUID,1771149780000,0.00229,0.00229,0.002288,0.002288,284403.0
SAND-USD-PERP.HYPERLIQUID,1771149780000,0.091416,0.091416,0.091416,0.091416,172.0
SOL-USD-PERP.HYPERLIQUID,1771149780000,89.822,89.872,89.822,89.868,377.25
ZEC-USD-PERP.HYPERLIQUID,1771149780000,309.7,309.92,309.39,309.43,86.18
kLUNC-USD-PERP.HYPERLIQUID,1771149780000,0.036999,0.036999,0.036999,0.036999,2.0
kPEPE-USD-PERP.HYPERLIQUID,1771149780000,0.004782,0.004782,0.004782,0.004782,214612.0
MERL-USD-PERP.HYPERLIQUID,1771149780000,0.064099,0.064099,0.064089,0.064089,15548.0
SKY-USD-PERP.HYPERLIQUID,1771149780000,0.067577,0.067577,0.067577,0.067577,426.0
SUSHI-USD-PERP.HYPERLIQUID,1771149780000,0.21623,0.21623,0.21623,0.21623,156.9
TON-USD-PERP.HYPERLIQUID,1771149780000,1.478,1.478,1.478,1.478,7.5
TRX-USD-PERP.HYPERLIQUID,1771149780000,0.2809,0.28091,0.2809,0.28091,2149.0
BTC-USD-PERP.HYPERLIQUID,1771149780000,70354.0,70380.0,70353.0,70380.0,1.16059
FET-USD-PERP.HYPERLIQUID,1771149780000,0.17856,0.1786,0.17845,0.17856,2204.0
MERL-USD-PERP.HYPERLIQUID,1771149780000,0.064099,0.064099,0.064082,0.064082,34654.0
MNT-USD-PERP.HYPERLIQUID,1771149780000,0.67151,0.67203,0.67127,0.67203,1406.0
BTC-USD-PERP.HYPERLIQUID,1771149780000,70354.0,70380.0,70353.0,70379.0,1.19
HYPE-USD-PERP.HYPERLIQUID,1771149780000,31.07,31.092,31.07,31.091,76.27
TRX-USD-PERP.HYPERLIQUID,1771149780000,0.2809,0.28091,0.2809,0.28091,3614.0
ZEC-USD-PERP.HYPERLIQUID,1771149780000,309.7,309.92,309.39,309.39,89.18
DOT-USD-PERP.HYPERLIQUID,1771149780000,1.412,1.4124,1.412,1.4122,267.7
FET-USD-PERP.HYPERLIQUID,1771149780000,0.17856,0.1786,0.17845,0.17856,2270.0
VVV-USD-PERP.HYPERLIQUID,1771149780000,3.9327,3.9437,3.9199,3.9403,2443.16
BTC-USD-PERP.HYPERLIQUID,1771149780000,70354.0,70380.0,70353.0,70379.0,1.19017
DOGE-USD-PERP.HYPERLIQUID,1771149780000,0.11425,0.11427,0.11424,0.11424,41419.0
ENS-USD-PERP.HYPERLIQUID,1771149780000,6.8983,6.8983,6.8983,6.8983,2.22
LINK-USD-PERP.HYPERLIQUID,1771149780000,9.1124,9.1143,9.1124,9.1143,23.5
MORPHO-USD-PERP.HYPERLIQUID,1771149780000,1.419,1.419,1.419,1.419,19.1
kSHIB-USD-PERP.HYPERLIQUID,1771149780000,0.006851,0.006851,0.006851,0.006851,2379.0
ASTER-USD-PERP.HYPERLIQUID,1771149780000,0.73285,0.73285,0.73285,0.73285,16.0
TRUMP-USD-PERP.HYPERLIQUID,1771149780000,3.5188,3.5188,3.5188,3.5188,8.4
VVV-USD-PERP.HYPERLIQUID,1771149780000,3.9327,3.9557,3.9199,3.9557,4633.86
XRP-USD-PERP.HYPERLIQUID,1771149780000,1.5848,1.5865,1.5848,1.5861,23917.0
kNEIRO-USD-PERP.HYPERLIQUID,1771149780000,0.08068,0.08068,0.08053,0.08057,720.2
ADA-USD-PERP.HYPERLIQUID,1771149780000,0.29503,0.29503,0.29492,0.29493,342.0
ALT-USD-PERP.HYPERLIQUID,1771149780000,0.008924,0.008924,0.008924,0.008924,1744.0
BTC-USD-PERP.HYPERLIQUID,1771149780000,70354.0,70380.0,70353.0,70379.0,1.20017
MNT-USD-PERP.HYPERLIQUID,1771149780000,0.67151,0.67203,0.67127,0.67203,1442.9
ADA-USD-PERP.HYPERLIQUID,1771149780000,0.29503,0.29503,0.29492,0.29501,1142.0
BTC-USD-PERP.HYPERLIQUID,1771149780000,70354.0,70381.0,70353.0,70381.0,1.20132
ETH-USD-PERP.HYPERLIQUID,1771149780000,2066.1,2067.2,2066.1,2067.2,10.382
ONDO-USD-PERP.HYPERLIQUID,1771149780000,0.28704,0.28713,0.28704,0.28707,6415.0
RENDER-USD-PERP.HYPERLIQUID,1771149780000,1.479,1.479,1.479,1.479,64.0
SOL-USD-PERP.HYPERLIQUID,1771149780000,89.822,89.873,89.822,89.873,407.64
UNI-USD-PERP.HYPERLIQUID,1771149780000,3.5876,3.5936,3.5876,3.5936,62.5
XLM-USD-PERP.HYPERLIQUID,1771149780000,0.17736,0.17746,0.17736,0.17746,970.0
XRP-USD-PERP.HYPERLIQUID,1771149780000,1.5848,1.5867,1.5848,1.5867,23989.0
BTC-USD-PERP.HYPERLIQUID,1771149780000,70354.0,70403.0,70353.0,70403.0,1.30377
ETHFI-USD-PERP.HYPERLIQUID,1771149780000,0.49615,0.49615,0.49615,0.49615,100.2
LINK-USD-PERP.HYPERLIQUID,1771149780000,9.1124,9.1143,9.1124,9.1143,24.1
LIT-USD-PERP.HYPERLIQUID,1771149780000,1.7092,1.7092,1.7082,1.7082,473.0
SOL-USD-PERP.HYPERLIQUID,1771149780000,89.822,89.881,89.822,89.881,407.81
SPX-USD-PERP.HYPERLIQUID,1771149780000,0.33154,0.33206,0.33154,0.33206,403.8
STRK-USD-PERP.HYPERLIQUID,1771149780000,0.05082,0.05082,0.05082,0.05082,996.0
VIRTUAL-USD-PERP.HYPERLIQUID,1771149780000,0.67522,0.67522,0.67522,0.67522,89.5
ZEC-USD-PERP.HYPERLIQUID,1771149780000,309.7,309.92,309.39,309.58,90.79
DOT-USD-PERP.HYPERLIQUID,1771149780000,1.412,1.413,1.412,1.413,327.0
LIT-USD-PERP.HYPERLIQUID,1771149780000,1.7092,1.7092,1.7082,1.7082,515.0
PENDLE-USD-PERP.HYPERLIQUID,1771149780000,1.2957,1.2957,1.2955,1.2955,507.0
XRP-USD-PERP.HYPERLIQUID,1771149780000,1.5848,1.587,1.5848,1.587,24152.0
ZEC-USD-PERP.HYPERLIQUID,1771149780000,309.7,309.92,309.39,309.62,95.74
DOT-USD-PERP.HYPERLIQUID,1771149780000,1.412,1.413,1.412,1.413,372.9
FARTCOIN-USD-PERP.HYPERLIQUID,1771149780000,0.2113,0.2114,0.21119,0.2112,4208.5
HYPE-USD-PERP.HYPERLIQUID,1771149780000,31.07,31.1,31.07,31.1,102.8
SOL-USD-PERP.HYPERLIQUID,1771149780000,89.822,89.901,89.822,89.901,407.94
XRP-USD-PERP.HYPERLIQUID,1771149780000,1.5848,1.587,1.5848,1.587,24385.0
ATOM-USD-PERP.HYPERLIQUID,1771149780000,2.1693,2.1693,2.1693,2.1693,20.0
TAO-USD-PERP.HYPERLIQUID,1771149780000,188.88,188.88,188.79,188.79,1.794
VVV-USD-PERP.HYPERLIQUID,1771149780000,3.9327,3.9557,3.9199,3.9555,4767.66
ASTER-USD-PERP.HYPERLIQUID,1771149780000,0.73285,0.73295,0.73285,0.73295,79.0
BERA-USD-PERP.HYPERLIQUID,1771149780000,0.6655,0.6655,0.66521,0.66521,2312.4
HYPE-USD-PERP.HYPERLIQUID,1771149780000,31.07,31.106,31.07,31.106,103.17
MELANIA-USD-PERP.HYPERLIQUID,1771149780000,0.12426,0.12426,0.12426,0.12426,148.1
MNT-USD-PERP.HYPERLIQUID,1771149780000,0.67151,0.67203,0.67127,0.6717,2775.3
XRP-USD-PERP.HYPERLIQUID,1771149780000,1.5848,1.587,1.5848,1.5864,24551.0
ZEC-USD-PERP.HYPERLIQUID,1771149780000,309.7,309.92,309.39,309.45,95.78
BTC-USD-PERP.HYPERLIQUID,1771149780000,70354.0,70403.0,70353.0,70403.0,1.33505
ENS-USD-PERP.HYPERLIQUID,1771149780000,6.8983,6.9055,6.8983,6.9055,6.62
AAVE-USD-PERP.HYPERLIQUID,1771149780000,129.31,129.36,129.31,129.36,0.36
BNB-USD-PERP.HYPERLIQUID,1771149780000,629.65,630.05,629.65,630.05,0.505
HYPE-USD-PERP.HYPERLIQUID,1771149780000,31.07,31.106,31.07,31.105,113.17
NEAR-USD-PERP.HYPERLIQUID,1771149780000,1.0778,1.0786,1.0778,1.0786,85.8
BTC-USD-PERP.HYPERLIQUID,1771149780000,70354.0,70403.0,70353.0,70402.0,1.35166
COMP-USD-PERP.HYPERLIQUID,1771149780000,23.085,23.1,23.085,23.1,3.6
ENA-USD-PERP.HYPERLIQUID,1771149780000,0.12704,0.12712,0.12704,0.12712,15339.0
JTO-USD-PERP.HYPERLIQUID,1771149780000,0.28087,0.28087,0.28087,0.28087,54.0
XRP-USD-PERP.HYPERLIQUID,1771149780000,1.5848,1.587,1.5848,1.5865,25182.0
BCH-USD-PERP.HYPERLIQUID,1771149780000,560.17,560.3,560.17,560.3,1.644
BTC-USD-PERP.HYPERLIQUID,1771149780000,70354.0,70403.0,70353.0,70403.0,1.38006
ETH-USD-PERP.HYPERLIQUID,1771149780000,2066.1,2067.5,2066.1,2067.5,10.3876
TRX-USD-PERP.HYPERLIQUID,1771149780000,0.2809,0.28091,0.2809,0.2809,3844.0
VVV-USD-PERP.HYPERLIQUID,1771149780000,3.9327,3.9557,3.9199,3.9536,4829.81
ZEC-USD-PERP.HYPERLIQUID,1771149780000,309.7,309.92,309.39,309.7,164.3
OM-USD-PERP.HYPERLIQUID,1771149780000,0.06166,0.06166,0.06164,0.06166,12028.1
BTC-USD-PERP.HYPERLIQUID,1771149780000,70354.0,70403.0,70353.0,70402.0,1.38023
DASH-USD-PERP.HYPERLIQUID,1771149780000,39.828,39.828,39.828,39.828,0.38
XRP-USD-PERP.HYPERLIQUID,1771149780000,1.5848,1.587,1.5848,1.587,25733.0
INJ-USD-PERP.HYPERLIQUID,1771149780000,3.2419,3.2423,3.2419,3.2423,175.1
WLD-USD-PERP.HYPERLIQUID,1771149780000,0.42321,0.42332,0.42321,0.42332,849.2
ZEC-USD-PERP.HYPERLIQUID,1771149780000,309.7,309.92,309.39,309.77,164.42
ALT-USD-PERP.HYPERLIQUID,1771149780000,0.008924,0.008925,0.008924,0.008925,3683.0
BTC-USD-PERP.HYPERLIQUID,1771149780000,70354.0,70403.0,70353.0,70402.0,1.40863
ETH-USD-PERP.HYPERLIQUID,1771149780000,2066.1,2067.7,2066.1,2067.7,11.4397
KAS-USD-PERP.HYPERLIQUID,1771149780000,0.033224,0.033224,0.033224,0.033224,1774.0
ZEC-USD-PERP.HYPERLIQUID,1771149780000,309.7,309.92,309.39,309.77,164.58
BTC-USD-PERP.HYPERLIQUID,1771149780000,70354.0,70403.0,70353.0,70403.0,1.40941
LIT-USD-PERP.HYPERLIQUID,1771149780000,1.7092,1.7092,1.7082,1.7092,526.0
XPL-USD-PERP.HYPERLIQUID,1771149780000,0.10112,0.10118,0.10112,0.10118,602.0
ARB-USD-PERP.HYPERLIQUID,1771149780000,0.11882,0.11888,0.11882,0.11888,535.3
ETH-USD-PERP.HYPERLIQUID,1771149780000,2066.1,2067.7,2066.1,2067.6,19.4544
HYPE-USD-PERP.HYPERLIQUID,1771149780000,31.07,31.106,31.07,31.105,114.17
NEAR-USD-PERP.HYPERLIQUID,1771149780000,1.0778,1.0786,1.0778,1.0786,183.6
SOL-USD-PERP.HYPERLIQUID,1771149780000,89.822,89.919,89.822,89.919,408.24
BERA-USD-PERP.HYPERLIQUID,1771149780000,0.6655,0.6655,0.66521,0.66531,2736.4
DOGE-USD-PERP.HYPERLIQUID,1771149780000,0.11425,0.11432,0.11424,0.11432,41616.0
ETH-USD-PERP.HYPERLIQUID,1771149780000,2066.1,2067.7,2066.1,2067.7,19.4628
GALA-USD-PERP.HYPERLIQUID,1771149780000,0.004286,0.004296,0.004286,0.004296,8044.0
MNT-USD-PERP.HYPERLIQUID,1771149780000,0.67151,0.67203,0.67127,0.67203,2810.1
TRX-USD-PERP.HYPERLIQUID,1771149780000,0.2809,0.28091,0.2809,0.2809,4027.0
TST-USD-PERP.HYPERLIQUID,1771149780000,0.011716,0.011716,0.011716,0.011716,1649.0
TAO-USD-PERP.HYPERLIQUID,1771149780000,188.88,188.88,188.79,188.79,2.982
VVV-USD-PERP.HYPERLIQUID,1771149780000,3.9327,3.9557,3.9199,3.9438,4886.2
ZEC-USD-PERP.HYPERLIQUID,1771149780000,309.7,309.92,309.39,309.84,166.51
APT-USD-PERP.HYPERLIQUID,1771149780000,0.9697,0.9697,0.9697,0.9697,19.75
WLD-USD-PERP.HYPERLIQUID,1771149780000,0.42321,0.42332,0.42321,0.42332,1332.0
XRP-USD-PERP.HYPERLIQUID,1771149780000,1.5848,1.5877,1.5848,1.5877,25740.0
IMX-USD-PERP.HYPERLIQUID,1771149780000,0.17415,0.17425,0.17414,0.17425,632.0
MON-USD-PERP.HYPERLIQUID,1771149780000,0.023496,0.023496,0.023496,0.023496,710.0
BTC-USD-PERP.HYPERLIQUID,1771149780000,70354.0,70403.0,70353.0,70403.0,1.40957
DOGE-USD-PERP.HYPERLIQUID,1771149780000,0.11425,0.11432,0.11424,0.11432,42008.0
MNT-USD-PERP.HYPERLIQUID,1771149780000,0.67151,0.67203,0.67127,0.67203,2836.6
UNI-USD-PERP.HYPERLIQUID,1771149780000,3.5876,3.5949,3.5876,3.5949,68.0
XRP-USD-PERP.HYPERLIQUID,1771149780000,1.5848,1.588,1.5848,1.588,25749.0
NEAR-USD-PERP.HYPERLIQUID,1771149780000,1.0778,1.0786,1.0778,1.0786,196.1
ZEC-USD-PERP.HYPERLIQUID,1771149780000,309.7,309.92,309.39,309.72,168.13
WLD-USD-PERP.HYPERLIQUID,1771149780000,0.42321,0.42335,0.42321,0.42335,1385.3
ALT-USD-PERP.HYPERLIQUID,1771149780000,0.008924,0.008925,0.008924,0.008925,8400.0
ETH-USD-PERP.HYPERLIQUID,1771149780000,2066.1,2067.7,2066.1,2067.6,19.4687
LIT-USD-PERP.HYPERLIQUID,1771149780000,1.7092,1.7092,1.7081,1.7081,1119.0
MET-USD-PERP.HYPERLIQUID,1771149780000,0.23085,0.23085,0.23085,0.23085,71.0
XRP-USD-PERP.HYPERLIQUID,1771149780000,1.5848,1.5883,1.5848,1.5883,26379.0
DOT-USD-PERP.HYPERLIQUID,1771149780000,1.412,1.4132,1.412,1.4132,398.6
FET-USD-PERP.HYPERLIQUID,1771149780000,0.17856,0.17865,0.17845,0.17865,2522.0
HYPE-USD-PERP.HYPERLIQUID,1771149780000,31.07,31.106,31.07,31.097,114.54
PENGU-USD-PERP.HYPERLIQUID,1771149780000,0.007589,0.00759,0.007589,0.00759,5996.0
TAO-USD-PERP.HYPERLIQUID,1771149780000,188.88,188.88,188.76,188.76,4.413
XPL-USD-PERP.HYPERLIQUID,1771149780000,0.10112,0.10119,0.10112,0.10118,8134.0
XRP-USD-PERP.HYPERLIQUID,1771149780000,1.5848,1.5883,1.5848,1.5883,30005.0
APT-USD-PERP.HYPERLIQUID,1771149780000,0.9697,0.97,0.9697,0.97,139.42
BTC-USD-PERP.HYPERLIQUID,1771149780000,70354.0,70403.0,70353.0,70402.0,1.41057
VVV-USD-PERP.HYPERLIQUID,1771149780000,3.9327,3.9557,3.9199,3.9347,4888.97
ZEC-USD-PERP.HYPERLIQUID,1771149780000,309.7,309.92,309.39,309.67,170.05
AR-USD-PERP.HYPERLIQUID,1771149780000,2.0694,2.0694,2.0694,2.0694,20.48
DASH-USD-PERP.HYPERLIQUID,1771149780000,39.828,39.828,39.78,39.78,0.76
ONDO-USD-PERP.HYPERLIQUID,1771149780000,0.28704,0.28738,0.28704,0.28738,6483.0
SOL-USD-PERP.HYPERLIQUID,1771149780000,89.822,89.919,89.822,89.917,408.43
BTC-USD-PERP.HYPERLIQUID,1771149780000,70354.0,70403.0,70353.0,70402.0,1.41294
ONDO-USD-PERP.HYPERLIQUID,1771149780000,0.28704,0.28738,0.28704,0.28738,6519.0
POL-USD-PERP.HYPERLIQUID,1771149780000,0.10969,0.10969,0.10969,0.10969,147.0
BTC-USD-PERP.HYPERLIQUID,1771149780000,70354.0,70403.0,70353.0,70398.0,1.4818
DOT-USD-PERP.HYPERLIQUID,1771149780000,1.412,1.4132,1.412,1.4132,423.7
EIGEN-USD-PERP.HYPERLIQUID,1771149780000,0.2149,0.2149,0.2149,0.2149,78.5
ZEC-USD-PERP.HYPERLIQUID,1771149780000,309.7,309.92,309.39,309.66,170.09
ETH-USD-PERP.HYPERLIQUID,1771149780000,2066.1,2067.7,2066.1,2067.7,24.4621
JTO-USD-PERP.HYPERLIQUID,1771149780000,0.28087,0.28095,0.28087,0.28095,114.0
LTC-USD-PERP.HYPERLIQUID,1771149780000,56.097,56.139,56.097,56.139,14.38
W-USD-PERP.HYPERLIQUID,1771149780000,0.02102,0.02102,0.02102,0.02102,751.0
ZEC-USD-PERP.HYPERLIQUID,1771149780000,309.7,309.92,309.39,309.63,170.46
CAKE-USD-PERP.HYPERLIQUID,1771149780000,1.3477,1.3494,1.3471,1.3494,126.4
kBONK-USD-PERP.HYPERLIQUID,1771149780000,0.006966,0.006966,0.006966,0.006966,2646.0
BTC-USD-PERP.HYPERLIQUID,1771149780000,70354.0,70403.0,70353.0,70397.0,1.48508
DOT-USD-PERP.HYPERLIQUID,1771149780000,1.412,1.4132,1.412,1.4132,433.8
HBAR-USD-PERP.HYPERLIQUID,1771149780000,0.10332,0.10349,0.10332,0.10349,1805.0
BTC-USD-PERP.HYPERLIQUID,1771149780000,70354.0,70403.0,70353.0,70397.0,1.48608
SUSHI-USD-PERP.HYPERLIQUID,1771149780000,0.21623,0.21623,0.21623,0.21623,248.0
APEX-USD-PERP.HYPERLIQUID,1771149780000,0.36658,0.36683,0.36658,0.36683,230.0
HYPE-USD-PERP.HYPERLIQUID,1771149780000,31.07,31.106,31.07,31.095,116.21
PUMP-USD-PERP.HYPERLIQUID,1771149780000,0.00229,0.00229,0.002288,0.00229,298317.0
ALGO-USD-PERP.HYPERLIQUID,1771149780000,0.098768,0.098868,0.098768,0.098868,3554.0
APEX-USD-PERP.HYPERLIQUID,1771149780000,0.36658,0.36683,0.36658,0.36658,1872.0
APEX-USD-PERP.HYPERLIQUID,1771149780000,0.36658,0.36683,0.36658,0.36658,2784.0
CAKE-USD-PERP.HYPERLIQUID,1771149780000,1.3477,1.3494,1.3471,1.3493,136.4
LINK-USD-PERP.HYPERLIQUID,1771149780000,9.1124,9.1199,9.1124,9.1199,25.7
ONDO-USD-PERP.HYPERLIQUID,1771149780000,0.28704,0.2874,0.28704,0.2874,6565.0
APEX-USD-PERP.HYPERLIQUID,1771149780000,0.36658,0.3669,0.36658,0.3669,2893.0
AR-USD-PERP.HYPERLIQUID,1771149780000,2.0694,2.07,2.0694,2.07,541.52
XRP-USD-PERP.HYPERLIQUID,1771149780000,1.5848,1.5883,1.5848,1.5876,31230.0
DOGE-USD-PERP.HYPERLIQUID,1771149780000,0.11425,0.11435,0.11424,0.11435,95546.0
FARTCOIN-USD-PERP.HYPERLIQUID,1771149780000,0.2113,0.2114,0.21119,0.21127,4291.1
VVV-USD-PERP.HYPERLIQUID,1771149780000,3.9327,3.9557,3.9199,3.9318,5138.97
XRP-USD-PERP.HYPERLIQUID,1771149780000,1.5848,1.5883,1.5848,1.5876,55151.0
ZEC-USD-PERP.HYPERLIQUID,1771149780000,309.7,309.92,309.39,309.56,170.51
ZRO-USD-PERP.HYPERLIQUID,1771149780000,1.8781,1.8787,1.8774,1.8774,1079.1
ASTER-USD-PERP.HYPERLIQUID,1771149780000,0.73285,0.73302,0.73285,0.73295,893.0
BTC-USD-PERP.HYPERLIQUID,1771149780000,70354.0,70403.0,70353.0,70397.0,1.4885
ETH-USD-PERP.HYPERLIQUID,1771149780000,2066.1,2067.7,2066.1,2067.6,24.4694
FARTCOIN-USD-PERP.HYPERLIQUID,1771149780000,0.2113,0.2114,0.21119,0.2112,17521.7
FET-USD-PERP.HYPERLIQUID,1771149780000,0.17856,0.17869,0.17845,0.17869,2713.0
ONDO-USD-PERP.HYPERLIQUID,1771149780000,0.28704,0.2874,0.28704,0.28738,6603.0
POL-USD-PERP.HYPERLIQUID,1771149780000,0.10969,0.10969,0.10968,0.10968,295.0
PUMP-USD-PERP.HYPERLIQUID,1771149780000,0.00229,0.00229,0.002288,0.00229,309324.0
SOL-USD-PERP.HYPERLIQUID,1771149780000,89.822,89.921,89.822,89.921,408.6
SUI-USD-PERP.HYPERLIQUID,1771149780000,1.0213,1.0217,1.0213,1.0217,636.2
ZRO-USD-PERP.HYPERLIQUID,1771149780000,1.8781,1.8787,1.8766,1.8766,1133.2
kPEPE-USD-PERP.HYPERLIQUID,1771149780000,0.004782,0.004786,0.004782,0.004786,312062.0
DOGE-USD-PERP.HYPERLIQUID,1771149780000,0.11425,0.11435,0.11424,0.11434,96147.0
PAXG-USD-PERP.HYPERLIQUID,1771149780000,5039.1,5039.1,5039.1,5039.1,0.004
SUI-USD-PERP.HYPERLIQUID,1771149780000,1.0213,1.0217,1.0213,1.0216,662.4
XRP-USD-PERP.HYPERLIQUID,1771149780000,1.5848,1.5883,1.5848,1.5864,55158.0
ZEC-USD-PERP.HYPERLIQUID,1771149780000,309.7,309.92,309.39,309.44,170.63
BTC-USD-PERP.HYPERLIQUID,1771149780000,70354.0,70403.0,70353.0,70385.0,1.6885
ETH-USD-PERP.HYPERLIQUID,1771149780000,2066.1,2067.7,2066.1,2067.4,24.5187
LTC-USD-PERP.HYPERLIQUID,1771149780000,56.097,56.139,56.097,56.139,41.69
NEAR-USD-PERP.HYPERLIQUID,1771149780000,1.0778,1.0786,1.0778,1.0783,274.2
OP-USD-PERP.HYPERLIQUID,1771149780000,0.19478,0.19488,0.19477,0.19488,352.4
TRX-USD-PERP.HYPERLIQUID,1771149780000,0.2809,0.28091,0.2809,0.2809,4322.0
ZEC-USD-PERP.HYPERLIQUID,1771149780000,309.7,309.92,309.39,309.44,170.91
ALGO-USD-PERP.HYPERLIQUID,1771149780000,0.098768,0.098868,0.098768,0.098868,3683.0
BTC-USD-PERP.HYPERLIQUID,1771149780000,70354.0,70403.0,70353.0,70386.0,1.68882
HYPE-USD-PERP.HYPERLIQUID,1771149780000,31.07,31.106,31.07,31.08,116.58
RENDER-USD-PERP.HYPERLIQUID,1771149780000,1.479,1.4791,1.479,1.4791,140.1
ZEC-USD-PERP.HYPERLIQUID,1771149780000,309.7,309.92,309.39,309.44,175.55
BTC-USD-PERP.HYPERLIQUID,1771149780000,70354.0,70403.0,70353.0,70388.0,1.68981
MNT-USD-PERP.HYPERLIQUID,1771149780000,0.67151,0.67203,0.67127,0.67201,2871.8
ONDO-USD-PERP.HYPERLIQUID,1771149780000,0.28704,0.2874,0.28704,0.28724,6689.0
ZEC-USD-PERP.HYPERLIQUID,1771149780000,309.7,309.92,309.39,309.44,175.65
FET-USD-PERP.HYPERLIQUID,1771149780000,0.17856,0.17869,0.17845,0.17869,2872.0
HYPE-USD-PERP.HYPERLIQUID,1771149780000,31.07,31.106,31.07,31.076,116.95
OP-USD-PERP.HYPERLIQUID,1771149780000,0.19478,0.19488,0.19477,0.19484,415.2
POL-USD-PERP.HYPERLIQUID,1771149780000,0.10969,0.10969,0.10967,0.10967,1095.0
PUMP-USD-PERP.HYPERLIQUID,1771149780000,0.00229,0.00229,0.002288,0.002288,337099.0
SUI-USD-PERP.HYPERLIQUID,1771149780000,1.0213,1.0217,1.0213,1.0213,1196.0
TRUMP-USD-PERP.HYPERLIQUID,1771149780000,3.5188,3.5205,3.5188,3.5205,11.7
XMR-USD-PERP.HYPERLIQUID,1771149780000,348.97,349.28,348.97,349.28,2.012
XPL-USD-PERP.HYPERLIQUID,1771149780000,0.10112,0.10119,0.10112,0.10116,23415.0
XRP-USD-PERP.HYPERLIQUID,1771149780000,1.5848,1.5883,1.5848,1.5861,58727.0
ZEC-USD-PERP.HYPERLIQUID,1771149780000,309.7,309.92,309.39,309.43,175.7
ALGO-USD-PERP.HYPERLIQUID,1771149780000,0.098768,0.098868,0.098768,0.098868,3824.0
NEAR-USD-PERP.HYPERLIQUID,1771149780000,1.0778,1.0786,1.0778,1.0781,287.1
RENDER-USD-PERP.HYPERLIQUID,1771149780000,1.479,1.4791,1.479,1.479,157.0
SOL-USD-PERP.HYPERLIQUID,1771149780000,89.822,89.921,89.822,89.893,437.82
STABLE-USD-PERP.HYPERLIQUID,1771149780000,0.024104,0.02412,0.024104,0.02412,2143.0
BTC-USD-PERP.HYPERLIQUID,1771149780000,70354.0,70403.0,70353.0,70387.0,1.68996
FARTCOIN-USD-PERP.HYPERLIQUID,1771149780000,0.2113,0.2114,0.21117,0.21117,17631.9
HYPE-USD-PERP.HYPERLIQUID,1771149780000,31.07,31.106,31.07,31.073,117.61
TRX-USD-PERP.HYPERLIQUID,1771149780000,0.2809,0.28091,0.2809,0.28091,4463.0
ZEC-USD-PERP.HYPERLIQUID,1771149780000,309.7,309.92,309.39,309.42,175.84
ONDO-USD-PERP.HYPERLIQUID,1771149780000,0.28704,0.2874,0.28704,0.28724,6732.0
AVNT-USD-PERP.HYPERLIQUID,1771149780000,0.20825,0.20825,0.20825,0.20825,78.0
EIGEN-USD-PERP.HYPERLIQUID,1771149780000,0.2149,0.215,0.2149,0.215,215.93
ETH-USD-PERP.HYPERLIQUID,1771149780000,2066.1,2067.7,2066.1,2067.4,24.5243
HYPE-USD-PERP.HYPERLIQUID,1771149780000,31.07,31.106,31.07,31.079,118.42
CAKE-USD-PERP.HYPERLIQUID,1771149780000,1.3477,1.3494,1.3471,1.3488,207.6
FET-USD-PERP.HYPERLIQUID,1771149780000,0.17856,0.17869,0.17845,0.17862,2934.0
LTC-USD-PERP.HYPERLIQUID,1771149780000,56.097,56.147,56.097,56.147,41.89
MNT-USD-PERP.HYPERLIQUID,1771149780000,0.67151,0.67203,0.67127,0.67203,2896.9
ZEC-USD-PERP.HYPERLIQUID,1771149780000,309.7,309.92,309.39,309.43,176.76
kPEPE-USD-PERP.HYPERLIQUID,1771149780000,0.004782,0.004786,0.004782,0.004783,321409.0
BTC-USD-PERP.HYPERLIQUID,1771149780000,70354.0,70403.0,70353.0,70390.0,1.69012
FOGO-USD-PERP.HYPERLIQUID,1771149780000,0.022927,0.022927,0.022927,0.022927,772.0
LIT-USD-PERP.HYPERLIQUID,1771149780000,1.7092,1.7092,1.7081,1.7081,1125.0
ARB-USD-PERP.HYPERLIQUID,1771149780000,0.11882,0.11888,0.11882,0.11887,651.7
BTC-USD-PERP.HYPERLIQUID,1771149780000,70354.0,70403.0,70353.0,70390.0,1.69031
HYPE-USD-PERP.HYPERLIQUID,1771149780000,31.07,31.106,31.07,31.072,238.89
ARB-USD-PERP.HYPERLIQUID,1771149780000,0.11882,0.11888,0.11882,0.11888,919.0
BTC-USD-PERP.HYPERLIQUID,1771149780000,70354.0,70403.0,70353.0,70390.0,1.69073
LINK-USD-PERP.HYPERLIQUID,1771149780000,9.1124,9.1199,9.1124,9.1179,32.7
TRX-USD-PERP.HYPERLIQUID,1771149780000,0.2809,0.28091,0.2809,0.28091,5043.0
VVV-USD-PERP.HYPERLIQUID,1771149780000,3.9327,3.9557,3.9199,3.9367,5177.13
ZEC-USD-PERP.HYPERLIQUID,1771149780000,309.7,309.92,309.39,309.43,176.97
BTC-USD-PERP.HYPERLIQUID,1771149780000,70354.0,70403.0,70353.0,70390.0,1.69413
GMT-USD-PERP.HYPERLIQUID,1771149780000,0.012965,0.012965,0.012965,0.012965,1351.0
STABLE-USD-PERP.HYPERLIQUID,1771149780000,0.024104,0.02412,0.024104,0.024105,2796.0
0G-USD-PERP.HYPERLIQUID,1771149780000,0.68919,0.68919,0.68681,0.68681,115.0
BTC-USD-PERP.HYPERLIQUID,1771149780000,70354.0,70403.0,70353.0,70390.0,1.69429
HYPE-USD-PERP.HYPERLIQUID,1771149780000,31.07,31.106,31.07,31.076,239.82
SOL-USD-PERP.HYPERLIQUID,1771149780000,89.822,89.921,89.822,89.911,437.94
kPEPE-USD-PERP.HYPERLIQUID,1771149780000,0.004782,0.004786,0.004782,0.004783,323994.0
CAKE-USD-PERP.HYPERLIQUID,1771149780000,1.3477,1.3494,1.3471,1.3488,242.8
IMX-USD-PERP.HYPERLIQUID,1771149780000,0.17415,0.17425,0.17414,0.17425,698.4
NEAR-USD-PERP.HYPERLIQUID,1771149780000,1.0778,1.0786,1.0778,1.0785,320.0
TRX-USD-PERP.HYPERLIQUID,1771149780000,0.2809,0.28091,0.2809,0.28091,5092.0
BTC-USD-PERP.HYPERLIQUID,1771149780000,70354.0,70403.0,70353.0,70390.0,1.69523
DOT-USD-PERP.HYPERLIQUID,1771149780000,1.412,1.4132,1.412,1.413,449.4
NEAR-USD-PERP.HYPERLIQUID,1771149780000,1.0778,1.0786,1.0778,1.0785,334.0
OP-USD-PERP.HYPERLIQUID,1771149780000,0.19478,0.19488,0.19477,0.19487,478.5
USUAL-USD-PERP.HYPERLIQUID,1771149780000,0.01574,0.01574,0.01574,0.01574,986.0
AVNT-USD-PERP.HYPERLIQUID,1771149780000,0.20825,0.20825,0.20825,0.20825,158.0
GOAT-USD-PERP.HYPERLIQUID,1771149780000,0.024979,0.024979,0.024979,0.024979,1513.0
ONDO-USD-PERP.HYPERLIQUID,1771149780000,0.28704,0.2874,0.28704,0.28724,7009.0
SUI-USD-PERP.HYPERLIQUID,1771149780000,1.0213,1.0217,1.0213,1.0215,1246.8
ALGO-USD-PERP.HYPERLIQUID,1771149780000,0.098768,0.098868,0.098768,0.098868,3966.0
BTC-USD-PERP.HYPERLIQUID,1771149780000,70354.0,70403.0,70353.0,70389.0,1.6954
COMP-USD-PERP.HYPERLIQUID,1771149780000,23.085,23.1,23.033,23.033,46.6
DOGE-USD-PERP.HYPERLIQUID,1771149780000,0.11425,0.11436,0.11424,0.11436,96280.0
ALGO-USD-PERP.HYPERLIQUID,1771149780000,0.098768,0.098868,0.098768,0.098868,4119.0
OP-USD-PERP.HYPERLIQUID,1771149780000,0.19478,0.19488,0.19477,0.19487,537.3
BTC-USD-PERP.HYPERLIQUID,1771149780000,70354.0,70403.0,70353.0,70390.0,1.7011
DOGE-USD-PERP.HYPERLIQUID,1771149780000,0.11425,0.11437,0.11424,0.11437,97149.0
ZEC-USD-PERP.HYPERLIQUID,1771149780000,309.7,309.92,309.33,309.33,179.37
DOT-USD-PERP.HYPERLIQUID,1771149780000,1.412,1.4132,1.412,1.413,457.8
LINK-USD-PERP.HYPERLIQUID,1771149780000,9.1124,9.1199,9.1124,9.1177,38.6
SNX-USD-PERP.HYPERLIQUID,1771149780000,0.3056,0.3056,0.3056,0.3056,90.0
ZEC-USD-PERP.HYPERLIQUID,1771149780000,309.7,309.92,309.33,309.37,180.89
BRETT-USD-PERP.HYPERLIQUID,1771149780000,0.008356,0.008369,0.008356,0.008364,12077.0
BTC-USD-PERP.HYPERLIQUID,1771149780000,70354.0,70403.0,70353.0,70389.0,1.70186
LIT-USD-PERP.HYPERLIQUID,1771149780000,1.7092,1.7092,1.7081,1.709,1144.0
NIL-USD-PERP.HYPERLIQUID,1771149780000,0.054746,0.054746,0.054746,0.054746,2338.0
CAKE-USD-PERP.HYPERLIQUID,1771149780000,1.3477,1.3494,1.3471,1.3488,265.2
HYPE-USD-PERP.HYPERLIQUID,1771149780000,31.07,31.106,31.07,31.074,249.82
OP-USD-PERP.HYPERLIQUID,1771149780000,0.19478,0.19488,0.19477,0.19487,621.2
TIA-USD-PERP.HYPERLIQUID,1771149780000,0.35419,0.35427,0.35419,0.35427,192.2
MORPHO-USD-PERP.HYPERLIQUID,1771149780000,1.419,1.419,1.4189,1.4189,89.5
SOL-USD-PERP.HYPERLIQUID,1771149780000,89.822,89.921,89.822,89.915,438.07
BIO-USD-PERP.HYPERLIQUID,1771149780000,0.025475,0.025475,0.025475,0.025475,659.0
HYPE-USD-PERP.HYPERLIQUID,1771149780000,31.07,31.106,31.07,31.072,260.34
SUI-USD-PERP.HYPERLIQUID,1771149780000,1.0213,1.0217,1.0213,1.0215,1275.5
ZEC-USD-PERP.HYPERLIQUID,1771149780000,309.7,309.92,309.33,309.35,185.5
LDO-USD-PERP.HYPERLIQUID,1771149780000,0.35576,0.35576,0.35576,0.35576,43.2
NEAR-USD-PERP.HYPERLIQUID,1771149780000,1.0778,1.0786,1.0778,1.0785,348.6
ONDO-USD-PERP.HYPERLIQUID,1771149780000,0.28704,0.2874,0.28704,0.28724,7045.0
VVV-USD-PERP.HYPERLIQUID,1771149780000,3.9327,3.9557,3.9199,3.9402,5193.5
ZEC-USD-PERP.HYPERLIQUID,1771149780000,309.7,309.92,309.33,309.35,185.78
AZTEC-USD-PERP.HYPERLIQUID,1771149840000,0.023814,0.023831,0.023814,0.023831,20072.0
BERA-USD-PERP.HYPERLIQUID,1771149840000,0.665,0.665,0.66491,0.66491,1156.2
CAKE-USD-PERP.HYPERLIQUID,1771149840000,1.3488,1.3488,1.3488,1.3488,15.0
FET-USD-PERP.HYPERLIQUID,1771149840000,0.17865,0.17865,0.17865,0.17865,101.0
HYPE-USD-PERP.HYPERLIQUID,1771149840000,31.074,31.074,31.074,31.074,0.37
MNT-USD-PERP.HYPERLIQUID,1771149840000,0.67171,0.67171,0.67171,0.67171,1332.5
TRX-USD-PERP.HYPERLIQUID,1771149840000,0.28091,0.28091,0.28091,0.28091,298.0
XRP-USD-PERP.HYPERLIQUID,1771149840000,1.5864,1.5865,1.5864,1.5865,170.0
ZEC-USD-PERP.HYPERLIQUID,1771149840000,309.35,309.35,309.35,309.35,0.04
BNB-USD-PERP.HYPERLIQUID,1771149840000,630.02,630.02,630.02,630.02,0.18
GOAT-USD-PERP.HYPERLIQUID,1771149840000,0.02496,0.02496,0.02496,0.02496,800.0
OP-USD-PERP.HYPERLIQUID,1771149840000,0.19487,0.19487,0.19487,0.19487,71.6
PENGU-USD-PERP.HYPERLIQUID,1771149840000,0.007586,0.007586,0.007586,0.007586,3681.0
SOL-USD-PERP.HYPERLIQUID,1771149840000,89.915,89.915,89.915,89.915,1.36
ZEC-USD-PERP.HYPERLIQUID,1771149840000,309.35,309.35,309.35,309.35,0.14
0G-USD-PERP.HYPERLIQUID,1771149840000,0.68553,0.68553,0.68553,0.68553,32.0
AVNT-USD-PERP.HYPERLIQUID,1771149840000,0.20825,0.20825,0.20825,0.20825,84.0
BTC-USD-PERP.HYPERLIQUID,1771149840000,70389.0,70389.0,70389.0,70389.0,0.01662
ENA-USD-PERP.HYPERLIQUID,1771149840000,0.12706,0.12706,0.12706,0.12706,284.0
WLD-USD-PERP.HYPERLIQUID,1771149840000,0.42328,0.42328,0.42328,0.42328,79.6
ACE-USD-PERP.HYPERLIQUID,1771149840000,0.1805,0.1805,0.1805,0.1805,612.73
ANIME-USD-PERP.HYPERLIQUID,1771149840000,0.005822,0.005822,0.005822,0.005822,20.0
BCH-USD-PERP.HYPERLIQUID,1771149840000,560.25,560.25,560.25,560.25,0.053
BSV-USD-PERP.HYPERLIQUID,1771149840000,17.758,17.758,17.758,17.758,16.89
CELO-USD-PERP.HYPERLIQUID,1771149840000,0.089171,0.089171,0.089171,0.089171,193.0
DOGE-USD-PERP.HYPERLIQUID,1771149840000,0.11437,0.11437,0.11437,0.11437,5434.0
ENS-USD-PERP.HYPERLIQUID,1771149840000,6.9032,6.9032,6.9032,6.9032,38.54
ETC-USD-PERP.HYPERLIQUID,1771149840000,9.0383,9.0383,9.0383,9.0383,0.2
HYPE-USD-PERP.HYPERLIQUID,1771149840000,31.074,31.074,31.069,31.069,42.16
IMX-USD-PERP.HYPERLIQUID,1771149840000,0.17424,0.17424,0.17424,0.17424,475.3
LTC-USD-PERP.HYPERLIQUID,1771149840000,56.141,56.141,56.14,56.14,0.59
NEAR-USD-PERP.HYPERLIQUID,1771149840000,1.0781,1.0781,1.078,1.078,1030.0
NIL-USD-PERP.HYPERLIQUID,1771149840000,0.054802,0.054802,0.054802,0.054802,1682.0
NOT-USD-PERP.HYPERLIQUID,1771149840000,0.00042,0.00042,0.00042,0.00042,193439.0
ONDO-USD-PERP.HYPERLIQUID,1771149840000,0.2872,0.2872,0.2872,0.2872,243.0
SCR-USD-PERP.HYPERLIQUID,1771149840000,0.05085,0.05085,0.05085,0.05085,1421.4
SKR-USD-PERP.HYPERLIQUID,1771149840000,0.022655,0.022656,0.022655,0.022656,40000.0
SOL-USD-PERP.HYPERLIQUID,1771149840000,89.915,89.915,89.907,89.907,1.53
SPX-USD-PERP.HYPERLIQUID,1771149840000,0.33171,0.33171,0.33171,0.33171,373.7
TRUMP-USD-PERP.HYPERLIQUID,1771149840000,3.5204,3.5204,3.5204,3.5204,12.4
XRP-USD-PERP.HYPERLIQUID,1771149840000,1.5864,1.5865,1.5856,1.5858,274.0
ARB-USD-PERP.HYPERLIQUID,1771149840000,0.11883,0.11883,0.11883,0.11883,670.6
ETH-USD-PERP.HYPERLIQUID,1771149840000,2067.4,2067.4,2067.3,2067.3,15.0056
HYPE-USD-PERP.HYPERLIQUID,1771149840000,31.074,31.074,31.069,31.069,42.53
ZRO-USD-PERP.HYPERLIQUID,1771149840000,1.8736,1.8736,1.8736,1.8736,53.0
BTC-USD-PERP.HYPERLIQUID,1771149840000,70389.0,70389.0,70382.0,70382.0,0.01762
HYPE-USD-PERP.HYPERLIQUID,1771149840000,31.074,31.074,31.059,31.059,127.41
IMX-USD-PERP.HYPERLIQUID,1771149840000,0.17424,0.17424,0.17405,0.17405,1247.1
TRX-USD-PERP.HYPERLIQUID,1771149840000,0.28091,0.28091,0.28091,0.28091,531.0
ARB-USD-PERP.HYPERLIQUID,1771149840000,0.11883,0.11883,0.11879,0.11879,819.4
AVAX-USD-PERP.HYPERLIQUID,1771149840000,9.5813,9.5813,9.5813,9.5813,27.96
BTC-USD-PERP.HYPERLIQUID,1771149840000,70389.0,70389.0,70382.0,70382.0,0.01779
DASH-USD-PERP.HYPERLIQUID,1771149840000,39.766,39.766,39.766,39.766,0.28
DOGE-USD-PERP.HYPERLIQUID,1771149840000,0.11437,0.11437,0.11433,0.11433,5693.0
MORPHO-USD-PERP.HYPERLIQUID,1771149840000,1.4194,1.4194,1.4194,1.4194,7.4
PENGU-USD-PERP.HYPERLIQUID,1771149840000,0.007586,0.007586,0.007581,0.007581,5688.0
PNUT-USD-PERP.HYPERLIQUID,1771149840000,0.0528,0.0528,0.0528,0.0528,649.9
VIRTUAL-USD-PERP.HYPERLIQUID,1771149840000,0.67434,0.67434,0.67434,0.67434,257.7
APT-USD-PERP.HYPERLIQUID,1771149840000,0.9694,0.9694,0.9694,0.9694,61.97
AVAX-USD-PERP.HYPERLIQUID,1771149840000,9.5813,9.5813,9.5813,9.5813,55.92
BTC-USD-PERP.HYPERLIQUID,1771149840000,70389.0,70389.0,70382.0,70382.0,0.09882
ETH-USD-PERP.HYPERLIQUID,1771149840000,2067.4,2067.4,2067.1,2067.1,15.0105
GALA-USD-PERP.HYPERLIQUID,1771149840000,0.004287,0.004287,0.004287,0.004287,7165.0
PYTH-USD-PERP.HYPERLIQUID,1771149840000,0.056811,0.056811,0.056811,0.056811,692.0
BTC-USD-PERP.HYPERLIQUID,1771149840000,70389.0,70389.0,70382.0,70383.0,0.09979
CAKE-USD-PERP.HYPERLIQUID,1771149840000,1.3488,1.3488,1.3468,1.3468,30.0
FET-USD-PERP.HYPERLIQUID,1771149840000,0.17865,0.17865,0.17863,0.17863,161.0
JUP-USD-PERP.HYPERLIQUID,1771149840000,0.16674,0.16674,0.16674,0.16674,109.0
LIT-USD-PERP.HYPERLIQUID,1771149840000,1.7089,1.7089,1.7089,1.7089,10.0
LTC-USD-PERP.HYPERLIQUID,1771149840000,56.141,56.141,56.139,56.139,1.04
BERA-USD-PERP.HYPERLIQUID,1771149840000,0.665,0.6656,0.66491,0.6656,5616.2
BTC-USD-PERP.HYPERLIQUID,1771149840000,70389.0,70389.0,70382.0,70382.0,0.10079
DOT-USD-PERP.HYPERLIQUID,1771149840000,1.4124,1.4124,1.4124,1.4124,27.0
HYPE-USD-PERP.HYPERLIQUID,1771149840000,31.074,31.074,31.059,31.061,127.81
LTC-USD-PERP.HYPERLIQUID,1771149840000,56.141,56.141,56.139,56.139,1.44
USTC-USD-PERP.HYPERLIQUID,1771149840000,0.00539,0.005392,0.00539,0.005392,39990.0
ZEC-USD-PERP.HYPERLIQUID,1771149840000,309.35,309.35,309.2,309.2,0.97
ANIME-USD-PERP.HYPERLIQUID,1771149840000,0.005822,0.005822,0.005822,0.005822,3151.0
DOT-USD-PERP.HYPERLIQUID,1771149840000,1.4124,1.4124,1.4124,1.4124,34.4
ETH-USD-PERP.HYPERLIQUID,1771149840000,2067.4,2067.4,2066.9,2066.9,15.0662
LTC-USD-PERP.HYPERLIQUID,1771149840000,56.141,56.141,56.139,56.139,2.3
MERL-USD-PERP.HYPERLIQUID,1771149840000,0.064333,0.064333,0.064333,0.064333,2582.0
VVV-USD-PERP.HYPERLIQUID,1771149840000,3.9321,3.9321,3.9321,3.9321,72.34
WLD-USD-PERP.HYPERLIQUID,1771149840000,0.42328,0.42328,0.42325,0.42325,107.5
ZEC-USD-PERP.HYPERLIQUID,1771149840000,309.35,309.35,309.0,309.0,2.49
ALGO-USD-PERP.HYPERLIQUID,1771149840000,0.098767,0.098767,0.098767,0.098767,447.0
BTC-USD-PERP.HYPERLIQUID,1771149840000,70389.0,70389.0,70382.0,70382.0,0.11079
ETH-USD-PERP.HYPERLIQUID,1771149840000,2067.4,2067.4,2066.8,2066.8,15.7709
ZEC-USD-PERP.HYPERLIQUID,1771149840000,309.35,309.35,309.0,309.0,2.82
APT-USD-PERP.HYPERLIQUID,1771149840000,0.9694,0.9694,0.9688,0.9688,1577.38
FET-USD-PERP.HYPERLIQUID,1771149840000,0.17865,0.17865,0.17862,0.17862,167.0
HYPE-USD-PERP.HYPERLIQUID,1771149840000,31.074,31.074,31.055,31.055,143.81
IMX-USD-PERP.HYPERLIQUID,1771149840000,0.17424,0.17424,0.17405,0.17414,1333.3
LTC-USD-PERP.HYPERLIQUID,1771149840000,56.141,56.141,56.138,56.138,5.06
MNT-USD-PERP.HYPERLIQUID,1771149840000,0.67171,0.67181,0.67171,0.67181,1419.7
NEO-USD-PERP.HYPERLIQUID,1771149840000,2.9139,2.9139,2.9139,2.9139,28.64
USTC-USD-PERP.HYPERLIQUID,1771149840000,0.00539,0.005392,0.00539,0.005392,52237.0
WLFI-USD-PERP.HYPERLIQUID,1771149840000,0.10683,0.10683,0.10683,0.10683,144.0
XPL-USD-PERP.HYPERLIQUID,1771149840000,0.10111,0.10111,0.10111,0.10111,2960.0
FET-USD-PERP.HYPERLIQUID,1771149840000,0.17865,0.17865,0.17862,0.17863,277.0
XRP-USD-PERP.HYPERLIQUID,1771149840000,1.5864,1.5865,1.5855,1.5855,281.0
ZEC-USD-PERP.HYPERLIQUID,1771149840000,309.35,309.35,309.0,309.01,26.78
ZRO-USD-PERP.HYPERLIQUID,1771149840000,1.8736,1.8736,1.873,1.873,138.4
kFLOKI-USD-PERP.HYPERLIQUID,1771149840000,0.033876,0.033876,0.033876,0.033876,477.0
ARK-USD-PERP.HYPERLIQUID,1771149840000,0.20118,0.20118,0.20118,0.20118,78.0
BTC-USD-PERP.HYPERLIQUID,1771149840000,70389.0,70389.0,70382.0,70383.0,0.14419
DOGE-USD-PERP.HYPERLIQUID,1771149840000,0.11437,0.11437,0.11432,0.11432,6801.0
XRP-USD-PERP.HYPERLIQUID,1771149840000,1.5864,1.5865,1.5851,1.5851,407.0
ZEC-USD-PERP.HYPERLIQUID,1771149840000,309.35,309.35,309.0,309.08,35.27
ASTER-USD-PERP.HYPERLIQUID,1771149840000,0.7327,0.7327,0.7327,0.7327,82.0
BTC-USD-PERP.HYPERLIQUID,1771149840000,70389.0,70389.0,70382.0,70382.0,0.14519
ETH-USD-PERP.HYPERLIQUID,1771149840000,2067.4,2067.4,2066.7,2066.7,16.4245
HYPE-USD-PERP.HYPERLIQUID,1771149840000,31.074,31.074,31.05,31.05,162.01
MERL-USD-PERP.HYPERLIQUID,1771149840000,0.064333,0.064349,0.064333,0.064349,2591.0
SUI-USD-PERP.HYPERLIQUID,1771149840000,1.0206,1.0206,1.0206,1.0206,38.9
XRP-USD-PERP.HYPERLIQUID,1771149840000,1.5864,1.5865,1.5849,1.5849,432.0
BOME-USD-PERP.HYPERLIQUID,1771149840000,0.000453,0.000453,0.000453,0.000453,129534.0
SOL-USD-PERP.HYPERLIQUID,1771149840000,89.915,89.915,89.849,89.849,2.09
STRK-USD-PERP.HYPERLIQUID,1771149840000,0.05079,0.05079,0.05079,0.05079,17082.5
ZRO-USD-PERP.HYPERLIQUID,1771149840000,1.8736,1.8736,1.8728,1.8728,265.5
IMX-USD-PERP.HYPERLIQUID,1771149840000,0.17424,0.17424,0.17405,0.17413,1401.9
DOT-USD-PERP.HYPERLIQUID,1771149840000,1.4124,1.4124,1.4122,1.4122,59.7
ZEC-USD-PERP.HYPERLIQUID,1771149840000,309.35,309.35,309.0,309.03,36.75
ARB-USD-PERP.HYPERLIQUID,1771149840000,0.11883,0.11883,0.11876,0.11876,955.1
BLAST-USD-PERP.HYPERLIQUID,1771149840000,0.000638,0.000638,0.000638,0.000638,806810.0
BTC-USD-PERP.HYPERLIQUID,1771149840000,70389.0,70389.0,70372.0,70373.0,0.18069
LIT-USD-PERP.HYPERLIQUID,1771149840000,1.7089,1.7089,1.7079,1.7079,540.0
BTC-USD-PERP.HYPERLIQUID,1771149840000,70389.0,70389.0,70372.0,70372.0,0.19273
SOL-USD-PERP.HYPERLIQUID,1771149840000,89.915,89.915,89.844,89.844,39.59
kSHIB-USD-PERP.HYPERLIQUID,1771149840000,0.006849,0.006849,0.006849,0.006849,2244.0
ADA-USD-PERP.HYPERLIQUID,1771149840000,0.29485,0.29485,0.29485,0.29485,4976.0
CAKE-USD-PERP.HYPERLIQUID,1771149840000,1.3488,1.3488,1.3468,1.3477,112.9
CRV-USD-PERP.HYPERLIQUID,1771149840000,0.25976,0.25976,0.25976,0.25976,90.6
DOGE-USD-PERP.HYPERLIQUID,1771149840000,0.11437,0.11437,0.11427,0.11427,6896.0
HYPE-USD-PERP.HYPERLIQUID,1771149840000,31.074,31.074,31.05,31.05,199.94
IMX-USD-PERP.HYPERLIQUID,1771149840000,0.17424,0.17424,0.17405,0.17415,1484.9
LTC-USD-PERP.HYPERLIQUID,1771149840000,56.141,56.141,56.121,56.121,6.08
PEOPLE-USD-PERP.HYPERLIQUID,1771149840000,0.007289,0.007289,0.007289,0.007289,2546.0
XRP-USD-PERP.HYPERLIQUID,1771149840000,1.5864,1.5865,1.584,1.584,439.0
ZEC-USD-PERP.HYPERLIQUID,1771149840000,309.35,309.35,309.0,309.01,36.83
AAVE-USD-PERP.HYPERLIQUID,1771149840000,129.19,129.19,129.19,129.19,0.69
BTC-USD-PERP.HYPERLIQUID,1771149840000,70389.0,70389.0,70372.0,70373.0,0.19401
DOGE-USD-PERP.HYPERLIQUID,1771149840000,0.11437,0.11437,0.11425,0.11425,7314.0
LTC-USD-PERP.HYPERLIQUID,1771149840000,56.141,56.141,56.121,56.121,6.31
TRUMP-USD-PERP.HYPERLIQUID,1771149840000,3.5204,3.5204,3.5177,3.5177,19.0
ZEC-USD-PERP.HYPERLIQUID,1771149840000,309.35,309.35,309.0,309.01,36.99
ARB-USD-PERP.HYPERLIQUID,1771149840000,0.11883,0.11883,0.11876,0.11876,1087.8
CAKE-USD-PERP.HYPERLIQUID,1771149840000,1.3488,1.3488,1.3468,1.3477,162.0
DOT-USD-PERP.HYPERLIQUID,1771149840000,1.4124,1.4124,1.4122,1.4122,257.4
ETH-USD-PERP.HYPERLIQUID,1771149840000,2067.4,2067.4,2066.6,2066.6,17.4245
MNT-USD-PERP.HYPERLIQUID,1771149840000,0.67171,0.67181,0.67171,0.67171,1672.3
MOVE-USD-PERP.HYPERLIQUID,1771149840000,0.0252,0.0252,0.0252,0.0252,701.0
SOL-USD-PERP.HYPERLIQUID,1771149840000,89.915,89.915,89.844,89.845,39.79
TRX-USD-PERP.HYPERLIQUID,1771149840000,0.28091,0.28091,0.28091,0.28091,693.0
WLFI-USD-PERP.HYPERLIQUID,1771149840000,0.10683,0.10683,0.10683,0.10683,357.0
ZEC-USD-PERP.HYPERLIQUID,1771149840000,309.35,309.35,309.0,309.01,37.03
kPEPE-USD-PERP.HYPERLIQUID,1771149840000,0.00478,0.00478,0.00478,0.00478,183289.0
HYPE-USD-PERP.HYPERLIQUID,1771149840000,31.074,31.074,31.044,31.044,283.6
POPCAT-USD-PERP.HYPERLIQUID,1771149840000,0.056784,0.056784,0.056784,0.056784,290.0
ZEC-USD-PERP.HYPERLIQUID,1771149840000,309.35,309.35,309.0,309.01,49.31
ZRO-USD-PERP.HYPERLIQUID,1771149840000,1.8736,1.8736,1.8728,1.8728,395.9
BTC-USD-PERP.HYPERLIQUID,1771149840000,70389.0,70389.0,70370.0,70370.0,0.19515
DOT-USD-PERP.HYPERLIQUID,1771149840000,1.4124,1.4124,1.4121,1.4121,273.1
ETH-USD-PERP.HYPERLIQUID,1771149840000,2067.4,2067.4,2066.6,2066.6,18.7479
HYPE-USD-PERP.HYPERLIQUID,1771149840000,31.074,31.074,31.044,31.044,284.2
ARB-USD-PERP.HYPERLIQUID,1771149840000,0.11883,0.11883,0.11876,0.11876,1252.8
IP-USD-PERP.HYPERLIQUID,1771149840000,1.172,1.172,1.172,1.172,15.8
KAITO-USD-PERP.HYPERLIQUID,1771149840000,0.32595,0.32595,0.32595,0.32595,50.0
LTC-USD-PERP.HYPERLIQUID,1771149840000,56.141,56.141,56.121,56.121,7.51
MAVIA-USD-PERP.HYPERLIQUID,1771149840000,0.03988,0.03988,0.03988,0.03988,468.8
XRP-USD-PERP.HYPERLIQUID,1771149840000,1.5864,1.5865,1.5836,1.5836,529.0
ATOM-USD-PERP.HYPERLIQUID,1771149840000,2.1685,2.1685,2.1685,2.1685,8.13
BTC-USD-PERP.HYPERLIQUID,1771149840000,70389.0,70389.0,70367.0,70367.0,0.19843
CAKE-USD-PERP.HYPERLIQUID,1771149840000,1.3488,1.3488,1.3468,1.3477,173.5
CELO-USD-PERP.HYPERLIQUID,1771149840000,0.089171,0.089171,0.089098,0.089098,807.0
LINEA-USD-PERP.HYPERLIQUID,1771149840000,0.003855,0.003855,0.003855,0.003855,10438.0
ZEC-USD-PERP.HYPERLIQUID,1771149840000,309.35,309.35,309.0,309.06,75.54
ALGO-USD-PERP.HYPERLIQUID,1771149840000,0.098767,0.098767,0.098767,0.098767,804.0
LINK-USD-PERP.HYPERLIQUID,1771149840000,9.1088,9.1088,9.1088,9.1088,1.2
PENDLE-USD-PERP.HYPERLIQUID,1771149840000,1.2956,1.2956,1.2956,1.2956,21.0
SUSHI-USD-PERP.HYPERLIQUID,1771149840000,0.21593,0.21593,0.21593,0.21593,80.9
ZEC-USD-PERP.HYPERLIQUID,1771149840000,309.35,309.35,309.0,309.06,76.49
USTC-USD-PERP.HYPERLIQUID,1771149840000,0.00539,0.005392,0.005351,0.005351,57732.0
XRP-USD-PERP.HYPERLIQUID,1771149840000,1.5864,1.5865,1.5835,1.5835,4154.0
BTC-USD-PERP.HYPERLIQUID,1771149840000,70389.0,70389.0,70367.0,70367.0,0.20656
HYPE-USD-PERP.HYPERLIQUID,1771149840000,31.074,31.074,31.044,31.054,286.23
MNT-USD-PERP.HYPERLIQUID,1771149840000,0.67171,0.67181,0.67171,0.67171,1707.8
PUMP-USD-PERP.HYPERLIQUID,1771149840000,0.002288,0.002288,0.002288,0.002288,15768.0
TAO-USD-PERP.HYPERLIQUID,1771149840000,188.71,188.71,188.71,188.71,2.004
ASTER-USD-PERP.HYPERLIQUID,1771149840000,0.7327,0.7327,0.73254,0.73254,822.0
AVNT-USD-PERP.HYPERLIQUID,1771149840000,0.20825,0.20825,0.20816,0.20816,167.0
AZTEC-USD-PERP.HYPERLIQUID,1771149840000,0.023814,0.023831,0.023699,0.023699,23396.0
BTC-USD-PERP.HYPERLIQUID,1771149840000,70389.0,70389.0,70367.0,70368.0,0.23498
DOGE-USD-PERP.HYPERLIQUID,1771149840000,0.11437,0.11437,0.11425,0.11427,7411.0
SEI-USD-PERP.HYPERLIQUID,1771149840000,0.077662,0.077662,0.077662,0.077662,201.0
YGG-USD-PERP.HYPERLIQUID,1771149840000,0.042407,0.042407,0.042407,0.042407,450.0
ZEC-USD-PERP.HYPERLIQUID,1771149840000,309.35,309.35,309.0,309.04,106.05
ZRO-USD-PERP.HYPERLIQUID,1771149840000,1.8736,1.8736,1.8728,1.873,939.5
CAKE-USD-PERP.HYPERLIQUID,1771149840000,1.3488,1.3488,1.3468,1.3477,185.1
NEAR-USD-PERP.HYPERLIQUID,1771149840000,1.0781,1.0781,1.0777,1.0777,1044.2
STBL-USD-PERP.HYPERLIQUID,1771149840000,0.039591,0.039591,0.039591,0.039591,477.0
STX-USD-PERP.HYPERLIQUID,1771149840000,0.27481,0.27481,0.27481,0.27481,77.6
ADA-USD-PERP.HYPERLIQUID,1771149840000,0.29485,0.29487,0.29485,0.29487,5403.0
BTC-USD-PERP.HYPERLIQUID,1771149840000,70389.0,70389.0,70367.0,70367.0,0.23513
WLD-USD-PERP.HYPERLIQUID,1771149840000,0.42328,0.42328,0.42323,0.42325,834.2
ZEC-USD-PERP.HYPERLIQUID,1771149840000,309.35,309.35,309.0,309.08,106.29
FARTCOIN-USD-PERP.HYPERLIQUID,1771149840000,0.2111,0.2111,0.2111,0.2111,82.6
STX-USD-PERP.HYPERLIQUID,1771149840000,0.27481,0.27487,0.27481,0.27487,135.8
VVV-USD-PERP.HYPERLIQUID,1771149840000,3.9321,3.9366,3.9321,3.9366,119.24
ZRO-USD-PERP.HYPERLIQUID,1771149840000,1.8736,1.8736,1.8728,1.873,1025.5
BIO-USD-PERP.HYPERLIQUID,1771149840000,0.025468,0.025468,0.025468,0.025468,617.0
BTC-USD-PERP.HYPERLIQUID,1771149840000,70389.0,70389.0,70367.0,70371.0,0.23566
ETH-USD-PERP.HYPERLIQUID,1771149840000,2067.4,2067.4,2066.6,2066.6,18.7552
ICP-USD-PERP.HYPERLIQUID,1771149840000,2.509,2.509,2.509,2.509,7.2
TON-USD-PERP.HYPERLIQUID,1771149840000,1.4774,1.4774,1.4774,1.4774,11.6
ALGO-USD-PERP.HYPERLIQUID,1771149840000,0.098767,0.098767,0.098767,0.098767,1116.0
ASTER-USD-PERP.HYPERLIQUID,1771149840000,0.7327,0.7328,0.73254,0.7328,1660.0
BTC-USD-PERP.HYPERLIQUID,1771149840000,70389.0,70389.0,70367.0,70373.0,0.23588
DOGE-USD-PERP.HYPERLIQUID,1771149840000,0.11437,0.11437,0.11425,0.11432,13892.0
FARTCOIN-USD-PERP.HYPERLIQUID,1771149840000,0.2111,0.2111,0.2111,0.2111,1711.4
HYPE-USD-PERP.HYPERLIQUID,1771149840000,31.074,31.074,31.044,31.052,287.81
LIT-USD-PERP.HYPERLIQUID,1771149840000,1.7089,1.709,1.7079,1.709,586.0
PAXG-USD-PERP.HYPERLIQUID,1771149840000,5039.1,5039.1,5039.1,5039.1,0.002
PUMP-USD-PERP.HYPERLIQUID,1771149840000,0.002288,0.002289,0.002288,0.002289,25126.0
SOL-USD-PERP.HYPERLIQUID,1771149840000,89.915,89.915,89.844,89.861,52.65
SUI-USD-PERP.HYPERLIQUID,1771149840000,1.0206,1.0206,1.0205,1.0205,84.1
TAO-USD-PERP.HYPERLIQUID,1771149840000,188.71,188.72,188.71,188.72,2.795
VVV-USD-PERP.HYPERLIQUID,1771149840000,3.9321,3.9395,3.9321,3.9395,128.39
XRP-USD-PERP.HYPERLIQUID,1771149840000,1.5864,1.5865,1.5835,1.5845,4161.0
ZEC-USD-PERP.HYPERLIQUID,1771149840000,309.35,309.35,309.0,309.09,109.54
ZRO-USD-PERP.HYPERLIQUID,1771149840000,1.8736,1.8736,1.8728,1.8731,1055.5
kPEPE-USD-PERP.HYPERLIQUID,1771149840000,0.00478,0.004783,0.00478,0.004783,198169.0
BTC-USD-PERP.HYPERLIQUID,1771149840000,70389.0,70389.0,70367.0,70372.0,0.29451
HYPE-USD-PERP.HYPERLIQUID,1771149840000,31.074,31.074,31.044,31.052,300.51
TRX-USD-PERP.HYPERLIQUID,1771149840000,0.28091,0.28091,0.28091,0.28091,760.0
ZEC-USD-PERP.HYPERLIQUID,1771149840000,309.35,309.35,309.0,309.18,112.69
BTC-USD-PERP.HYPERLIQUID,1771149840000,70389.0,70389.0,70367.0,70372.0,0.43965
IO-USD-PERP.HYPERLIQUID,1771149840000,0.1102,0.1102,0.1102,0.1102,250.9
MNT-USD-PERP.HYPERLIQUID,1771149840000,0.67171,0.67181,0.67171,0.67171,1737.5
WLFI-USD-PERP.HYPERLIQUID,1771149840000,0.10683,0.10686,0.10683,0.10686,50357.0
HYPE-USD-PERP.HYPERLIQUID,1771149840000,31.074,31.074,31.044,31.057,300.88
MERL-USD-PERP.HYPERLIQUID,1771149840000,0.064333,0.064349,0.064307,0.064307,3786.0
TAO-USD-PERP.HYPERLIQUID,1771149840000,188.71,188.72,188.71,188.72,3.778
ZEC-USD-PERP.HYPERLIQUID,1771149840000,309.35,309.35,309.0,309.18,113.7
APEX-USD-PERP.HYPERLIQUID,1771149840000,0.36607,0.36607,0.36607,0.36607,32.0
JTO-USD-PERP.HYPERLIQUID,1771149840000,0.28053,0.28053,0.28053,0.28053,74.0
PAXG-USD-PERP.HYPERLIQUID,1771149840000,5039.1,5039.1,5038.5,5038.5,0.342
TAO-USD-PERP.HYPERLIQUID,1771149840000,188.71,188.74,188.71,188.74,6.613
XRP-USD-PERP.HYPERLIQUID,1771149840000,1.5864,1.5865,1.5835,1.5842,5887.0
ZEC-USD-PERP.HYPERLIQUID,1771149840000,309.35,309.35,309.0,309.18,122.32
ZK-USD-PERP.HYPERLIQUID,1771149840000,0.022472,0.022472,0.022472,0.022472,657.0
ZRO-USD-PERP.HYPERLIQUID,1771149840000,1.8736,1.8736,1.8728,1.8731,1201.7
CAKE-USD-PERP.HYPERLIQUID,1771149840000,1.3488,1.3488,1.3468,1.3477,192.9
HYPE-USD-PERP.HYPERLIQUID,1771149840000,31.074,31.074,31.044,31.056,301.25
SEI-USD-PERP.HYPERLIQUID,1771149840000,0.077662,0.077665,0.077662,0.077665,422.0
TRX-USD-PERP.HYPERLIQUID,1771149840000,0.28091,0.28091,0.28091,0.28091,941.0
USTC-USD-PERP.HYPERLIQUID,1771149840000,0.00539,0.005392,0.005351,0.005351,57849.0
XMR-USD-PERP.HYPERLIQUID,1771149840000,349.5,349.5,349.5,349.5,1.006
ZEC-USD-PERP.HYPERLIQUID,1771149840000,309.35,309.35,309.0,309.18,122.37
ADA-USD-PERP.HYPERLIQUID,1771149840000,0.29485,0.29493,0.29485,0.29493,5631.0
HYPE-USD-PERP.HYPERLIQUID,1771149840000,31.074,31.074,31.044,31.045,484.7
MON-USD-PERP.HYPERLIQUID,1771149840000,0.023484,0.023484,0.023484,0.023484,646.0
ZEC-USD-PERP.HYPERLIQUID,1771149840000,309.35,309.35,309.0,309.18,124.41
BANANA-USD-PERP.HYPERLIQUID,1771149840000,4.8018,4.8018,4.8018,4.8018,4.9
FARTCOIN-USD-PERP.HYPERLIQUID,1771149840000,0.2111,0.21121,0.2111,0.21121,1821.6
HYPE-USD-PERP.HYPERLIQUID,1771149840000,31.074,31.074,31.044,31.05,485.73
PUMP-USD-PERP.HYPERLIQUID,1771149840000,0.002288,0.002289,0.002287,0.002287,29579.0
ZEC-USD-PERP.HYPERLIQUID,1771149840000,309.35,309.35,309.0,309.22,124.55
BLUR-USD-PERP.HYPERLIQUID,1771149840000,0.022201,0.022201,0.022201,0.022201,717.0
LAYER-USD-PERP.HYPERLIQUID,1771149840000,0.093206,0.093206,0.093206,0.093206,160.0
ORDI-USD-PERP.HYPERLIQUID,1771149840000,2.8982,2.8982,2.8982,2.8982,5.73
POLYX-USD-PERP.HYPERLIQUID,1771149840000,0.046548,0.046548,0.046548,0.046548,371.0
TRX-USD-PERP.HYPERLIQUID,1771149840000,0.28091,0.28091,0.28091,0.28091,1091.0
VVV-USD-PERP.HYPERLIQUID,1771149840000,3.9321,3.9395,3.9321,3.939,382.45
CELO-USD-PERP.HYPERLIQUID,1771149840000,0.089171,0.089171,0.089098,0.089122,983.0
KAS-USD-PERP.HYPERLIQUID,1771149840000,0.033215,0.033215,0.033215,0.033215,315.0
XPL-USD-PERP.HYPERLIQUID,1771149840000,0.10111,0.10111,0.10106,0.10106,5918.0
BTC-USD-PERP.HYPERLIQUID,1771149840000,70389.0,70389.0,70367.0,70375.0,0.44535
ETH-USD-PERP.HYPERLIQUID,1771149840000,2067.4,2067.4,2066.6,2067.0,18.7608
HYPE-USD-PERP.HYPERLIQUID,1771149840000,31.074,31.074,31.044,31.049,486.54
MINA-USD-PERP.HYPERLIQUID,1771149840000,0.06815,0.06815,0.06815,0.06815,280.0
BTC-USD-PERP.HYPERLIQUID,1771149840000,70389.0,70389.0,70367.0,70376.0,0.44551
CAKE-USD-PERP.HYPERLIQUID,1771149840000,1.3488,1.3488,1.3468,1.3477,212.8
FET-USD-PERP.HYPERLIQUID,1771149840000,0.17865,0.17865,0.17852,0.17852,363.0
LIT-USD-PERP.HYPERLIQUID,1771149840000,1.7089,1.709,1.7079,1.709,593.0
MNT-USD-PERP.HYPERLIQUID,1771149840000,0.67171,0.67181,0.67171,0.6718,1761.5
NEAR-USD-PERP.HYPERLIQUID,1771149840000,1.0781,1.0781,1.0777,1.078,1064.7
TRX-USD-PERP.HYPERLIQUID,1771149840000,0.28091,0.28091,0.28091,0.28091,1910.0
ZEC-USD-PERP.HYPERLIQUID,1771149840000,309.35,309.35,309.0,309.26,126.16
ONDO-USD-PERP.HYPERLIQUID,1771149840000,0.2872,0.2872,0.28701,0.28701,383.0
TRX-USD-PERP.HYPERLIQUID,1771149840000,0.28091,0.28091,0.28091,0.28091,2071.0
ZEC-USD-PERP.HYPERLIQUID,1771149840000,309.35,309.35,309.0,309.26,126.23
BTC-USD-PERP.HYPERLIQUID,1771149840000,70389.0,70389.0,70367.0,70376.0,0.44593
CELO-USD-PERP.HYPERLIQUID,1771149840000,0.089171,0.089171,0.089098,0.0891,1629.0
ENA-USD-PERP.HYPERLIQUID,1771149840000,0.12706,0.12706,0.12706,0.12706,2502.0
HYPE-USD-PERP.HYPERLIQUID,1771149840000,31.074,31.074,31.044,31.045,491.04
LINK-USD-PERP.HYPERLIQUID,1771149840000,9.1088,9.1115,9.1088,9.1115,7.8
PUMP-USD-PERP.HYPERLIQUID,1771149840000,0.002288,0.002289,0.002287,0.002288,34032.0
ZEC-USD-PERP.HYPERLIQUID,1771149840000,309.35,309.35,309.0,309.26,126.44
BTC-USD-PERP.HYPERLIQUID,1771149840000,70389.0,70389.0,70367.0,70375.0,0.44886
OM-USD-PERP.HYPERLIQUID,1771149840000,0.06167,0.06167,0.06167,0.06167,710.7
TRX-USD-PERP.HYPERLIQUID,1771149840000,0.28091,0.28091,0.28091,0.28091,2838.0
XPL-USD-PERP.HYPERLIQUID,1771149840000,0.10111,0.10111,0.10106,0.10109,12673.0
BTC-USD-PERP.HYPERLIQUID,1771149840000,70389.0,70389.0,70367.0,70376.0,0.44902
CAKE-USD-PERP.HYPERLIQUID,1771149840000,1.3488,1.3488,1.3468,1.3477,233.7
DOT-USD-PERP.HYPERLIQUID,1771149840000,1.4124,1.4127,1.4121,1.4127,290.0
FET-USD-PERP.HYPERLIQUID,1771149840000,0.17865,0.17865,0.17852,0.17852,616.0
HYPE-USD-PERP.HYPERLIQUID,1771149840000,31.074,31.074,31.044,31.046,491.98
NEAR-USD-PERP.HYPERLIQUID,1771149840000,1.0781,1.0781,1.0777,1.0779,1277.2
ONDO-USD-PERP.HYPERLIQUID,1771149840000,0.2872,0.2872,0.28695,0.28695,588.0
PENDLE-USD-PERP.HYPERLIQUID,1771149840000,1.2956,1.2957,1.2956,1.2957,36.0
PENGU-USD-PERP.HYPERLIQUID,1771149840000,0.007586,0.007586,0.007581,0.007586,129331.0
SOL-USD-PERP.HYPERLIQUID,1771149840000,89.915,89.915,89.844,89.858,52.77
kPEPE-USD-PERP.HYPERLIQUID,1771149840000,0.00478,0.004783,0.00478,0.00478,200755.0
DOT-USD-PERP.HYPERLIQUID,1771149840000,1.4124,1.4127,1.4121,1.4123,317.4
FET-USD-PERP.HYPERLIQUID,1771149840000,0.17865,0.17865,0.17849,0.17849,1667.0
ZEC-USD-PERP.HYPERLIQUID,1771149840000,309.35,309.35,309.0,309.22,126.58
BTC-USD-PERP.HYPERLIQUID,1771149840000,70389.0,70389.0,70367.0,70376.0,0.47838
IO-USD-PERP.HYPERLIQUID,1771149840000,0.1102,0.1102,0.1102,0.1102,525.4
SUI-USD-PERP.HYPERLIQUID,1771149840000,1.0206,1.0206,1.0205,1.0206,142.2
ZEC-USD-PERP.HYPERLIQUID,1771149840000,309.35,309.35,309.0,309.21,127.28
DOT-USD-PERP.HYPERLIQUID,1771149840000,1.4124,1.4127,1.4121,1.4125,737.5
ZEC-USD-PERP.HYPERLIQUID,1771149840000,309.35,309.35,309.0,309.21,127.98
AVAX-USD-PERP.HYPERLIQUID,1771149840000,9.5813,9.5813,9.5784,9.5784,61.14
BTC-USD-PERP.HYPERLIQUID,1771149840000,70389.0,70389.0,70367.0,70375.0,0.47855
DOGE-USD-PERP.HYPERLIQUID,1771149840000,0.11437,0.11437,0.11425,0.11428,14409.0
MEME-USD-PERP.HYPERLIQUID,1771149840000,0.000752,0.000752,0.000752,0.000752,24161.0
MON-USD-PERP.HYPERLIQUID,1771149840000,0.023484,0.023484,0.023471,0.023471,1790.0
ZEC-USD-PERP.HYPERLIQUID,1771149840000,309.35,309.35,309.0,309.21,128.02
DOT-USD-PERP.HYPERLIQUID,1771149840000,1.4124,1.4127,1.4121,1.4124,751.1
IP-USD-PERP.HYPERLIQUID,1771149840000,1.172,1.1729,1.172,1.1729,30.1
XRP-USD-PERP.HYPERLIQUID,1771149840000,1.5864,1.5865,1.5835,1.5842,7248.0
ZEC-USD-PERP.HYPERLIQUID,1771149840000,309.35,309.35,309.0,309.21,130.04
ARB-USD-PERP.HYPERLIQUID,1771149840000,0.11883,0.11883,0.11876,0.11877,2398.0
INJ-USD-PERP.HYPERLIQUID,1771149840000,3.2399,3.2399,3.2399,3.2399,3.5
JTO-USD-PERP.HYPERLIQUID,1771149840000,0.28053,0.28053,0.28047,0.28047,216.0
SKR-USD-PERP.HYPERLIQUID,1771149840000,0.022655,0.022656,0.022655,0.022656,80000.0
WLFI-USD-PERP.HYPERLIQUID,1771149840000,0.10683,0.10696,0.10683,0.10696,50528.0
2Z-USD-PERP.HYPERLIQUID,1771149840000,0.080443,0.080443,0.080443,0.080443,239.0
BTC-USD-PERP.HYPERLIQUID,1771149840000,70389.0,70389.0,70367.0,70375.0,0.50696
SOL-USD-PERP.HYPERLIQUID,1771149840000,89.915,89.915,89.844,89.853,52.94
BTC-USD-PERP.HYPERLIQUID,1771149840000,70389.0,70389.0,70367.0,70376.0,0.50743
ONDO-USD-PERP.HYPERLIQUID,1771149840000,0.2872,0.2872,0.28695,0.28695,625.0
BLUR-USD-PERP.HYPERLIQUID,1771149840000,0.022201,0.022201,0.022201,0.022201,2114.0
BTC-USD-PERP.HYPERLIQUID,1771149840000,70389.0,70389.0,70367.0,70375.0,0.50818
DOGE-USD-PERP.HYPERLIQUID,1771149840000,0.11437,0.11437,0.11425,0.11427,15698.0
LIT-USD-PERP.HYPERLIQUID,1771149840000,1.7089,1.709,1.7079,1.708,611.0
ONDO-USD-PERP.HYPERLIQUID,1771149840000,0.2872,0.2872,0.28695,0.28699,2507.0
DOGE-USD-PERP.HYPERLIQUID,1771149840000,0.11437,0.11437,0.11425,0.11427,17448.0
DYDX-USD-PERP.HYPERLIQUID,1771149840000,0.11166,0.11166,0.11166,0.11166,100.0
HEMI-USD-PERP.HYPERLIQUID,1771149840000,0.010428,0.010428,0.010428,0.010428,1759.0
NEAR-USD-PERP.HYPERLIQUID,1771149840000,1.0781,1.0781,1.0777,1.0777,1315.8
BABY-USD-PERP.HYPERLIQUID,1771149840000,0.014,0.014,0.014,0.014,1088.0
SOL-USD-PERP.HYPERLIQUID,1771149840000,89.915,89.915,89.838,89.838,53.07
XRP-USD-PERP.HYPERLIQUID,1771149840000,1.5864,1.5865,1.5831,1.5832,7563.0
ONDO-USD-PERP.HYPERLIQUID,1771149840000,0.2872,0.2872,0.28695,0.28699,2548.0
BERA-USD-PERP.HYPERLIQUID,1771149840000,0.665,0.6656,0.66491,0.6652,6772.4
BTC-USD-PERP.HYPERLIQUID,1771149840000,70389.0,70389.0,70367.0,70375.0,0.53896
HYPE-USD-PERP.HYPERLIQUID,1771149840000,31.074,31.074,31.044,31.045,492.35
MNT-USD-PERP.HYPERLIQUID,1771149840000,0.67171,0.67181,0.67118,0.67118,3093.9
XRP-USD-PERP.HYPERLIQUID,1771149840000,1.5864,1.5865,1.5826,1.5826,7666.0
ZEC-USD-PERP.HYPERLIQUID,1771149840000,309.35,309.35,309.0,309.2,130.1
HYPER-USD-PERP.HYPERLIQUID,1771149840000,0.1055,0.1055,0.1055,0.1055,153.0
PUMP-USD-PERP.HYPERLIQUID,1771149840000,0.002288,0.002289,0.002287,0.002287,506570.0
TRX-USD-PERP.HYPERLIQUID,1771149840000,0.28091,0.28091,0.28091,0.28091,2922.0
BTC-USD-PERP.HYPERLIQUID,1771149840000,70389.0,70389.0,70367.0,70376.0,0.58398
ENA-USD-PERP.HYPERLIQUID,1771149840000,0.12706,0.12706,0.12704,0.12704,2822.0
PENGU-USD-PERP.HYPERLIQUID,1771149840000,0.007586,0.007586,0.007581,0.007585,133644.0
RENDER-USD-PERP.HYPERLIQUID,1771149840000,1.478,1.478,1.478,1.478,217.5
2Z-USD-PERP.HYPERLIQUID,1771149840000,0.080443,0.080443,0.080443,0.080443,437.0
ALGO-USD-PERP.HYPERLIQUID,1771149840000,0.098767,0.098767,0.098767,0.098767,1248.0
CC-USD-PERP.HYPERLIQUID,1771149840000,0.16065,0.16065,0.16065,0.16065,103.0
FET-USD-PERP.HYPERLIQUID,1771149840000,0.17865,0.17865,0.17849,0.17849,1828.0
TRX-USD-PERP.HYPERLIQUID,1771149840000,0.28091,0.28091,0.28091,0.28091,2967.0
ASTER-USD-PERP.HYPERLIQUID,1771149840000,0.7327,0.73281,0.73254,0.73281,1676.0
CC-USD-PERP.HYPERLIQUID,1771149840000,0.16065,0.16065,0.16058,0.16058,338.0
DOT-USD-PERP.HYPERLIQUID,1771149840000,1.4124,1.4127,1.4121,1.4122,769.5
ETH-USD-PERP.HYPERLIQUID,1771149840000,2067.4,2067.4,2066.6,2066.7,18.7664
FET-USD-PERP.HYPERLIQUID,1771149840000,0.17865,0.17865,0.17849,0.17849,1903.0
HYPE-USD-PERP.HYPERLIQUID,1771149840000,31.074,31.074,31.044,31.045,493.22
TAO-USD-PERP.HYPERLIQUID,1771149840000,188.71,188.74,188.71,188.71,6.759
UMA-USD-PERP.HYPERLIQUID,1771149840000,0.51807,0.51807,0.51807,0.51807,56.6
XRP-USD-PERP.HYPERLIQUID,1771149840000,1.5864,1.5865,1.5826,1.5828,20301.0
LTC-USD-PERP.HYPERLIQUID,1771149840000,56.141,56.141,56.121,56.121,7.77
OM-USD-PERP.HYPERLIQUID,1771149840000,0.06167,0.06167,0.06164,0.06164,1729.3
VVV-USD-PERP.HYPERLIQUID,1771149840000,3.9321,3.9395,3.9321,3.936,430.02
BTC-USD-PERP.HYPERLIQUID,1771149840000,70389.0,70389.0,70367.0,70375.0,0.58439
DOT-USD-PERP.HYPERLIQUID,1771149840000,1.4124,1.4127,1.4121,1.4122,808.9
XRP-USD-PERP.HYPERLIQUID,1771149840000,1.5864,1.5865,1.5826,1.5829,20349.0
ZEC-USD-PERP.HYPERLIQUID,1771149840000,309.35,309.35,309.0,309.19,133.1
BTC-USD-PERP.HYPERLIQUID,1771149840000,70389.0,70389.0,70367.0,70375.0,0.6128
BTC-USD-PERP.HYPERLIQUID,1771149840000,70389.0,70389.0,70367.0,70376.0,0.61864
CELO-USD-PERP.HYPERLIQUID,1771149840000,0.089171,0.089171,0.089094,0.089094,7212.0
ETH-USD-PERP.HYPERLIQUID,1771149840000,2067.4,2067.4,2066.6,2066.6,18.7905
FET-USD-PERP.HYPERLIQUID,1771149840000,0.17865,0.17865,0.17849,0.17849,2086.0
LTC-USD-PERP.HYPERLIQUID,1771149840000,56.141,56.141,56.121,56.121,7.97
MORPHO-USD-PERP.HYPERLIQUID,1771149840000,1.4194,1.4198,1.4194,1.4198,67.6
XRP-USD-PERP.HYPERLIQUID,1771149840000,1.5864,1.5865,1.5826,1.5828,20403.0
ZEC-USD-PERP.HYPERLIQUID,1771149840000,309.35,309.35,309.0,309.19,134.4
BLUR-USD-PERP.HYPERLIQUID,1771149840000,0.022201,0.022201,0.022201,0.022201,2957.0
BTC-USD-PERP.HYPERLIQUID,1771149840000,70389.0,70389.0,70367.0,70376.0,0.61963
EIGEN-USD-PERP.HYPERLIQUID,1771149840000,0.2148,0.2148,0.2148,0.2148,84.57
LIT-USD-PERP.HYPERLIQUID,1771149840000,1.7089,1.709,1.7079,1.708,622.0
LTC-USD-PERP.HYPERLIQUID,1771149840000,56.141,56.141,56.12,56.12,8.37
ETH-USD-PERP.HYPERLIQUID,1771149840000,2067.4,2067.4,2066.6,2066.7,18.7959
SEI-USD-PERP.HYPERLIQUID,1771149840000,0.077662,0.077708,0.077662,0.077708,654.0
VIRTUAL-USD-PERP.HYPERLIQUID,1771149840000,0.67434,0.67434,0.67417,0.67417,274.9
XRP-USD-PERP.HYPERLIQUID,1771149840000,1.5864,1.5865,1.5823,1.5823,33036.0
BTC-USD-PERP.HYPERLIQUID,1771149840000,70389.0,70389.0,70367.0,70375.0,0.62113
ETH-USD-PERP.HYPERLIQUID,1771149840000,2067.4,2067.4,2066.6,2066.7,18.8558
LTC-USD-PERP.HYPERLIQUID,1771149840000,56.141,56.141,56.11,56.11,8.56
ZEC-USD-PERP.HYPERLIQUID,1771149840000,309.35,309.35,309.0,309.21,134.44
FIL-USD-PERP.HYPERLIQUID,1771149840000,1.0016,1.0016,1.0016,1.0016,15.4
PENGU-USD-PERP.HYPERLIQUID,1771149840000,0.007586,0.007586,0.007581,0.007584,151223.0
HYPE-USD-PERP.HYPERLIQUID,1771149840000,31.074,31.074,31.043,31.043,493.58
ZEC-USD-PERP.HYPERLIQUID,1771149840000,309.35,309.35,309.0,309.24,134.76
APT-USD-PERP.HYPERLIQUID,1771149840000,0.9694,0.9696,0.9688,0.9696,2039.43
NEAR-USD-PERP.HYPERLIQUID,1771149840000,1.0781,1.0781,1.0777,1.0777,1335.5
SOL-USD-PERP.HYPERLIQUID,1771149840000,89.915,89.915,89.838,89.841,57.53
TRX-USD-PERP.HYPERLIQUID,1771149840000,0.28091,0.28091,0.28091,0.28091,3012.0
ZEC-USD-PERP.HYPERLIQUID,1771149840000,309.35,309.35,309.0,309.23,134.84
AVAX-USD-PERP.HYPERLIQUID,1771149840000,9.5813,9.5813,9.5772,9.5772,63.83
BTC-USD-PERP.HYPERLIQUID,1771149840000,70389.0,70389.0,70367.0,70376.0,0.64954
CC-USD-PERP.HYPERLIQUID,1771149840000,0.16065,0.16065,0.16058,0.16058,461.0
IMX-USD-PERP.HYPERLIQUID,1771149840000,0.17424,0.17424,0.17405,0.17407,1544.4
TRX-USD-PERP.HYPERLIQUID,1771149840000,0.28091,0.28091,0.28088,0.28088,12967.0
WIF-USD-PERP.HYPERLIQUID,1771149840000,0.24417,0.24417,0.24417,0.24417,64.0
XPL-USD-PERP.HYPERLIQUID,1771149840000,0.10111,0.10111,0.10106,0.10108,18657.0
BTC-USD-PERP.HYPERLIQUID,1771149840000,70389.0,70389.0,70367.0,70374.0,0.64969
DYDX-USD-PERP.HYPERLIQUID,1771149840000,0.11166,0.11166,0.11164,0.11164,273.9
FARTCOIN-USD-PERP.HYPERLIQUID,1771149840000,0.2111,0.21121,0.211,0.211,1952.1
GOAT-USD-PERP.HYPERLIQUID,1771149840000,0.02496,0.02496,0.024937,0.024937,2192.0
LINK-USD-PERP.HYPERLIQUID,1771149840000,9.1088,9.1115,9.1088,9.1096,10.2
PENGU-USD-PERP.HYPERLIQUID,1771149840000,0.007586,0.007586,0.007581,0.007582,153024.0
SOL-USD-PERP.HYPERLIQUID,1771149840000,89.915,89.915,89.834,89.834,57.7
SUI-USD-PERP.HYPERLIQUID,1771149840000,1.0206,1.0206,1.0203,1.0203,202.9
TAO-USD-PERP.HYPERLIQUID,1771149840000,188.71,188.74,188.7,188.7,7.991
UNI-USD-PERP.HYPERLIQUID,1771149840000,3.5886,3.5886,3.5886,3.5886,9.7
XRP-USD-PERP.HYPERLIQUID,1771149840000,1.5864,1.5865,1.5823,1.5827,33044.0
ALGO-USD-PERP.HYPERLIQUID,1771149840000,0.098767,0.098767,0.098767,0.098767,1467.0
HYPE-USD-PERP.HYPERLIQUID,1771149840000,31.074,31.074,31.043,31.043,494.08
MORPHO-USD-PERP.HYPERLIQUID,1771149840000,1.4194,1.4198,1.4194,1.4195,115.3
SOL-USD-PERP.HYPERLIQUID,1771149840000,89.915,89.915,89.81,89.81,104.52
TRUMP-USD-PERP.HYPERLIQUID,1771149840000,3.5204,3.5204,3.5177,3.5177,25.2
XRP-USD-PERP.HYPERLIQUID,1771149840000,1.5864,1.5865,1.5823,1.5824,33092.0
ATOM-USD-PERP.HYPERLIQUID,1771149840000,2.1685,2.1685,2.1685,2.1685,368.13
BTC-USD-PERP.HYPERLIQUID,1771149840000,70389.0,70389.0,70367.0,70373.0,0.65
DOGE-USD-PERP.HYPERLIQUID,1771149840000,0.11437,0.11437,0.11425,0.11427,24204.0
DYM-USD-PERP.HYPERLIQUID,1771149840000,0.0464,0.0464,0.0464,0.0464,905.9
NEAR-USD-PERP.HYPERLIQUID,1771149840000,1.0781,1.0781,1.0777,1.0777,1383.1
ONDO-USD-PERP.HYPERLIQUID,1771149840000,0.2872,0.2872,0.2868,0.2868,2693.0
RESOLV-USD-PERP.HYPERLIQUID,1771149840000,0.062009,0.062009,0.062009,0.062009,250.0
TON-USD-PERP.HYPERLIQUID,1771149840000,1.4774,1.4779,1.4774,1.4779,27.8
XRP-USD-PERP.HYPERLIQUID,1771149840000,1.5864,1.5865,1.5823,1.5827,45727.0
ARB-USD-PERP.HYPERLIQUID,1771149840000,0.11883,0.11883,0.11876,0.11878,2515.3
BTC-USD-PERP.HYPERLIQUID,1771149840000,70389.0,70389.0,70365.0,70365.0,0.67841
ETH-USD-PERP.HYPERLIQUID,1771149840000,2067.4,2067.4,2066.5,2066.5,18.8617
LIT-USD-PERP.HYPERLIQUID,1771149840000,1.7089,1.709,1.7068,1.7068,1205.0
RENDER-USD-PERP.HYPERLIQUID,1771149840000,1.478,1.478,1.478,1.478,242.0
XPL-USD-PERP.HYPERLIQUID,1771149840000,0.10111,0.10111,0.10106,0.10107,21437.0
XRP-USD-PERP.HYPERLIQUID,1771149840000,1.5864,1.5865,1.5823,1.5828,47353.0
kBONK-USD-PERP.HYPERLIQUID,1771149840000,0.006958,0.006958,0.006958,0.006958,71892.0
BTC-USD-PERP.HYPERLIQUID,1771149840000,70389.0,70389.0,70365.0,70366.0,0.67894
IP-USD-PERP.HYPERLIQUID,1771149840000,1.172,1.1729,1.1709,1.1709,2286.1
ONDO-USD-PERP.HYPERLIQUID,1771149840000,0.2872,0.2872,0.2868,0.28689,2857.0
SEI-USD-PERP.HYPERLIQUID,1771149840000,0.077662,0.077708,0.077662,0.077704,876.0
SKY-USD-PERP.HYPERLIQUID,1771149840000,0.067598,0.067598,0.067598,0.067598,241.0
HYPE-USD-PERP.HYPERLIQUID,1771149840000,31.074,31.074,31.043,31.044,494.45
NEO-USD-PERP.HYPERLIQUID,1771149840000,2.9139,2.9139,2.9135,2.9135,34.99
SOL-USD-PERP.HYPERLIQUID,1771149840000,89.915,89.915,89.81,89.814,392.24
MORPHO-USD-PERP.HYPERLIQUID,1771149840000,1.4194,1.4198,1.4169,1.4169,163.6
NEAR-USD-PERP.HYPERLIQUID,1771149840000,1.0781,1.0781,1.0777,1.0777,1500.6
TRX-USD-PERP.HYPERLIQUID,1771149840000,0.28091,0.28091,0.28088,0.28091,13173.0
ZEN-USD-PERP.HYPERLIQUID,1771149840000,6.5304,6.5304,6.5304,6.5304,2.34
APT-USD-PERP.HYPERLIQUID,1771149840000,0.9694,0.9696,0.9688,0.9695,2784.48
AXS-USD-PERP.HYPERLIQUID,1771149840000,1.4333,1.4333,1.4333,1.4333,12.7
HYPE-USD-PERP.HYPERLIQUID,1771149840000,31.074,31.074,31.042,31.042,516.75
INJ-USD-PERP.HYPERLIQUID,1771149840000,3.2399,3.2399,3.2393,3.2393,173.0
MORPHO-USD-PERP.HYPERLIQUID,1771149840000,1.4194,1.4198,1.4169,1.4169,269.3
ARB-USD-PERP.HYPERLIQUID,1771149840000,0.11883,0.11883,0.11876,0.11878,2687.5
HYPE-USD-PERP.HYPERLIQUID,1771149840000,31.074,31.074,31.042,31.042,517.17
NXPC-USD-PERP.HYPERLIQUID,1771149840000,0.27859,0.27859,0.27859,0.27859,62.0
SOL-USD-PERP.HYPERLIQUID,1771149840000,89.915,89.915,89.81,89.822,392.44
ZEC-USD-PERP.HYPERLIQUID,1771149840000,309.35,309.35,309.0,309.09,135.97
COMP-USD-PERP.HYPERLIQUID,1771149840000,23.233,23.233,23.233,23.233,3.08
BTC-USD-PERP.HYPERLIQUID,1771149840000,70389.0,70389.0,70365.0,70368.0,0.68113
CFX-USD-PERP.HYPERLIQUID,1771149840000,0.056627,0.056627,0.056627,0.056627,319.0
HYPE-USD-PERP.HYPERLIQUID,1771149840000,31.074,31.074,31.042,31.042,530.36
ZEC-USD-PERP.HYPERLIQUID,1771149840000,309.35,309.35,308.99,308.99,136.13
BTC-USD-PERP.HYPERLIQUID,1771149840000,70389.0,70389.0,70365.0,70367.0,0.68697
DOGE-USD-PERP.HYPERLIQUID,1771149840000,0.11437,0.11437,0.11425,0.11427,26219.0
ETH-USD-PERP.HYPERLIQUID,1771149840000,2067.4,2067.4,2066.5,2066.5,19.3617
LINK-USD-PERP.HYPERLIQUID,1771149840000,9.1088,9.1115,9.1088,9.1107,35.4
ONDO-USD-PERP.HYPERLIQUID,1771149840000,0.2872,0.2872,0.2868,0.28688,3024.0
SUI-USD-PERP.HYPERLIQUID,1771149840000,1.0206,1.0206,1.0203,1.0205,233.2
USTC-USD-PERP.HYPERLIQUID,1771149840000,0.00539,0.005392,0.005351,0.005368,57851.0
WIF-USD-PERP.HYPERLIQUID,1771149840000,0.24417,0.24419,0.24417,0.24419,134.0
BTC-USD-PERP.HYPERLIQUID,1771149840000,70389.0,70389.0,70365.0,70367.0,0.71867
FET-USD-PERP.HYPERLIQUID,1771149840000,0.17865,0.17865,0.17849,0.17849,2148.0
PNUT-USD-PERP.HYPERLIQUID,1771149840000,0.0528,0.0528,0.05276,0.05276,9063.1
ZEC-USD-PERP.HYPERLIQUID,1771149840000,309.35,309.35,308.99,309.05,136.29
LTC-USD-PERP.HYPERLIQUID,1771149840000,56.141,56.141,56.106,56.106,8.81
ZEC-USD-PERP.HYPERLIQUID,1771149840000,309.35,309.35,308.99,309.05,136.41
MNT-USD-PERP.HYPERLIQUID,1771149840000,0.67171,0.6726,0.67118,0.6726,3175.9
PENGU-USD-PERP.HYPERLIQUID,1771149840000,0.007586,0.007586,0.007581,0.007584,183012.0
SKY-USD-PERP.HYPERLIQUID,1771149840000,0.067598,0.067614,0.067598,0.067614,517.0
HYPE-USD-PERP.HYPERLIQUID,1771149840000,31.074,31.074,31.042,31.048,532.39
PUMP-USD-PERP.HYPERLIQUID,1771149840000,0.002288,0.002289,0.002287,0.002288,519092.0
ZETA-USD-PERP.HYPERLIQUID,1771149840000,0.05773,0.05773,0.05773,0.05773,346.2
kPEPE-USD-PERP.HYPERLIQUID,1771149840000,0.00478,0.004783,0.004776,0.004776,222470.0
BTC-USD-PERP.HYPERLIQUID,1771149840000,70389.0,70389.0,70365.0,70367.0,1.19699
LINK-USD-PERP.HYPERLIQUID,1771149840000,9.1088,9.1115,9.1088,9.1099,37.1
MNT-USD-PERP.HYPERLIQUID,1771149840000,0.67171,0.6726,0.67118,0.6726,3201.4
OP-USD-PERP.HYPERLIQUID,1771149840000,0.19487,0.19487,0.19471,0.19471,469.3
STX-USD-PERP.HYPERLIQUID,1771149840000,0.27481,0.27487,0.2748,0.2748,183.5
VVV-USD-PERP.HYPERLIQUID,1771149840000,3.9321,3.9402,3.9321,3.9383,1316.67
BTC-USD-PERP.HYPERLIQUID,1771149840000,70389.0,70389.0,70365.0,70368.0,1.19799
HYPE-USD-PERP.HYPERLIQUID,1771149840000,31.074,31.074,31.042,31.044,533.35
LTC-USD-PERP.HYPERLIQUID,1771149840000,56.141,56.141,56.106,56.106,9.24
ONDO-USD-PERP.HYPERLIQUID,1771149840000,0.2872,0.2872,0.2868,0.28682,3166.0
ALGO-USD-PERP.HYPERLIQUID,1771149840000,0.098767,0.098767,0.098767,0.098767,2264.0
AZTEC-USD-PERP.HYPERLIQUID,1771149840000,0.023814,0.023831,0.023699,0.023812,23900.0
BTC-USD-PERP.HYPERLIQUID,1771149840000,70389.0,70389.0,70365.0,70367.0,2.14289
CAKE-USD-PERP.HYPERLIQUID,1771149840000,1.3488,1.3488,1.3468,1.3477,257.7
MEGA-USD-PERP.HYPERLIQUID,1771149840000,0.13696,0.13698,0.13696,0.13698,365.0
POPCAT-USD-PERP.HYPERLIQUID,1771149840000,0.056784,0.056784,0.056772,0.056772,617.0
DOGE-USD-PERP.HYPERLIQUID,1771149840000,0.11437,0.11437,0.11425,0.11426,30355.0
FARTCOIN-USD-PERP.HYPERLIQUID,1771149840000,0.2111,0.21121,0.21096,0.21096,2034.7
LTC-USD-PERP.HYPERLIQUID,1771149840000,56.141,56.141,56.105,56.105,10.77
MINA-USD-PERP.HYPERLIQUID,1771149840000,0.06815,0.06815,0.068127,0.068127,3421.0
ZEC-USD-PERP.HYPERLIQUID,1771149840000,309.35,309.35,308.99,309.02,137.17
APT-USD-PERP.HYPERLIQUID,1771149840000,0.9694,0.9696,0.9688,0.9693,3284.99
GMT-USD-PERP.HYPERLIQUID,1771149840000,0.012961,0.012961,0.012961,0.012961,888.0
ONDO-USD-PERP.HYPERLIQUID,1771149840000,0.2872,0.2872,0.2868,0.28682,3264.0
TRX-USD-PERP.HYPERLIQUID,1771149840000,0.28091,0.28091,0.28088,0.28089,13514.0
ZEC-USD-PERP.HYPERLIQUID,1771149840000,309.35,309.35,308.99,309.02,137.37
APT-USD-PERP.HYPERLIQUID,1771149840000,0.9694,0.9696,0.9688,0.9693,3785.5
BLUR-USD-PERP.HYPERLIQUID,1771149840000,0.022201,0.022201,0.022159,0.022159,15561.0
HYPE-USD-PERP.HYPERLIQUID,1771149840000,31.074,31.074,31.042,31.044,533.97
IMX-USD-PERP.HYPERLIQUID,1771149840000,0.17424,0.17424,0.17405,0.17405,1624.3
MINA-USD-PERP.HYPERLIQUID,1771149840000,0.06815,0.06815,0.068121,0.068121,5614.0
PAXG-USD-PERP.HYPERLIQUID,1771149840000,5039.1,5039.1,5037.7,5037.7,0.344
RUNE-USD-PERP.HYPERLIQUID,1771149840000,0.41695,0.41695,0.41695,0.41695,381.6
TRUMP-USD-PERP.HYPERLIQUID,1771149840000,3.5204,3.5204,3.517,3.517,29.0
TRX-USD-PERP.HYPERLIQUID,1771149840000,0.28091,0.28091,0.28088,0.28089,13907.0
XRP-USD-PERP.HYPERLIQUID,1771149840000,1.5864,1.5865,1.5823,1.5823,47361.0
ZEC-USD-PERP.HYPERLIQUID,1771149840000,309.35,309.35,308.99,309.02,137.41
2Z-USD-PERP.HYPERLIQUID,1771149840000,0.080443,0.080464,0.080443,0.080464,665.0
GALA-USD-PERP.HYPERLIQUID,1771149840000,0.004287,0.00429,0.004287,0.00429,13013.0
NEAR-USD-PERP.HYPERLIQUID,1771149840000,1.0781,1.0781,1.0777,1.0777,1518.1
RUNE-USD-PERP.HYPERLIQUID,1771149840000,0.41695,0.41695,0.41695,0.41695,762.6
TAO-USD-PERP.HYPERLIQUID,1771149840000,188.71,188.74,188.64,188.64,8.631
HYPE-USD-PERP.HYPERLIQUID,1771149840000,31.074,31.074,31.042,31.049,534.34
ARB-USD-PERP.HYPERLIQUID,1771149840000,0.11883,0.11883,0.11874,0.11874,9473.6
CAKE-USD-PERP.HYPERLIQUID,1771149840000,1.3488,1.3488,1.3468,1.3477,281.6
FET-USD-PERP.HYPERLIQUID,1771149840000,0.17865,0.17865,0.17841,0.17841,2483.0
HYPE-USD-PERP.HYPERLIQUID,1771149840000,31.074,31.074,31.042,31.046,547.02
LINK-USD-PERP.HYPERLIQUID,1771149840000,9.1088,9.1115,9.1081,9.1081,107.5
ONDO-USD-PERP.HYPERLIQUID,1771149840000,0.2872,0.2872,0.2868,0.28682,3353.0
SOL-USD-PERP.HYPERLIQUID,1771149840000,89.915,89.915,89.804,89.804,459.24
XRP-USD-PERP.HYPERLIQUID,1771149840000,1.5864,1.5865,1.5823,1.5823,47978.0
FARTCOIN-USD-PERP.HYPERLIQUID,1771149840000,0.2111,0.21121,0.21079,0.21079,16386.2
HYPE-USD-PERP.HYPERLIQUID,1771149840000,31.074,31.074,31.042,31.047,547.39
STX-USD-PERP.HYPERLIQUID,1771149840000,0.27481,0.27487,0.27477,0.27477,231.1
WLD-USD-PERP.HYPERLIQUID,1771149840000,0.42328,0.42328,0.42291,0.42291,873.7
XMR-USD-PERP.HYPERLIQUID,1771149840000,349.5,349.5,349.16,349.16,2.012
XRP-USD-PERP.HYPERLIQUID,1771149840000,1.5864,1.5865,1.5823,1.5823,59016.0
ZEC-USD-PERP.HYPERLIQUID,1771149840000,309.35,309.35,308.99,309.05,137.51
kLUNC-USD-PERP.HYPERLIQUID,1771149840000,0.036711,0.036711,0.036711,0.036711,458.0
ALGO-USD-PERP.HYPERLIQUID,1771149840000,0.098767,0.098767,0.098767,0.098767,2683.0
ALT-USD-PERP.HYPERLIQUID,1771149840000,0.008915,0.008915,0.008915,0.008915,3995.0
BTC-USD-PERP.HYPERLIQUID,1771149840000,70389.0,70389.0,70365.0,70365.0,2.1439
FET-USD-PERP.HYPERLIQUID,1771149840000,0.17865,0.17865,0.17833,0.17833,3576.0
MOODENG-USD-PERP.HYPERLIQUID,1771149840000,0.060094,0.060094,0.060094,0.060094,322.0
XRP-USD-PERP.HYPERLIQUID,1771149840000,1.5864,1.5865,1.5823,1.5823,60374.0
FARTCOIN-USD-PERP.HYPERLIQUID,1771149840000,0.2111,0.21121,0.21079,0.21095,16496.6
HYPE-USD-PERP.HYPERLIQUID,1771149840000,31.074,31.074,31.042,31.048,548.41
WIF-USD-PERP.HYPERLIQUID,1771149840000,0.24417,0.24419,0.2441,0.2441,197.0
ZEC-USD-PERP.HYPERLIQUID,1771149840000,309.35,309.35,308.99,309.05,137.64
MELANIA-USD-PERP.HYPERLIQUID,1771149840000,0.12437,0.12437,0.12437,0.12437,123.2
OP-USD-PERP.HYPERLIQUID,1771149840000,0.19487,0.19487,0.19471,0.19471,524.0
SKY-USD-PERP.HYPERLIQUID,1771149840000,0.067598,0.067614,0.067598,0.067598,1129.0
AR-USD-PERP.HYPERLIQUID,1771149840000,2.0653,2.0653,2.0653,2.0653,9.29
FET-USD-PERP.HYPERLIQUID,1771149840000,0.17865,0.17865,0.1783,0.1783,3817.0
LTC-USD-PERP.HYPERLIQUID,1771149840000,56.141,56.141,56.092,56.092,14.02
SOL-USD-PERP.HYPERLIQUID,1771149840000,89.915,89.915,89.804,89.831,704.56
TIA-USD-PERP.HYPERLIQUID,1771149840000,0.354,0.354,0.354,0.354,50.2
DOT-USD-PERP.HYPERLIQUID,1771149840000,1.4124,1.4127,1.4119,1.4119,838.6
ETH-USD-PERP.HYPERLIQUID,1771149840000,2067.4,2067.4,2066.5,2066.6,19.3673
GRASS-USD-PERP.HYPERLIQUID,1771149840000,0.22228,0.22228,0.22228,0.22228,600.2
HYPE-USD-PERP.HYPERLIQUID,1771149840000,31.074,31.074,31.042,31.048,549.22
OP-USD-PERP.HYPERLIQUID,1771149840000,0.19487,0.19487,0.19471,0.19471,598.6
ZEC-USD-PERP.HYPERLIQUID,1771149840000,309.35,309.35,308.99,309.04,139.24
kNEIRO-USD-PERP.HYPERLIQUID,1771149840000,0.08051,0.08051,0.08051,0.08051,8962.4
ARB-USD-PERP.HYPERLIQUID,1771149840000,0.11883,0.11883,0.11874,0.11876,9565.9
BIGTIME-USD-PERP.HYPERLIQUID,1771149840000,0.016052,0.016052,0.016052,0.016052,1164.0
BTC-USD-PERP.HYPERLIQUID,1771149840000,70389.0,70389.0,70365.0,70374.0,2.30318
CAKE-USD-PERP.HYPERLIQUID,1771149840000,1.3488,1.3488,1.3468,1.3477,295.5
NEAR-USD-PERP.HYPERLIQUID,1771149840000,1.0781,1.0781,1.0777,1.0777,1532.3
BTC-USD-PERP.HYPERLIQUID,1771149840000,70389.0,70389.0,70365.0,70375.0,2.30334
LIT-USD-PERP.HYPERLIQUID,1771149840000,1.7089,1.709,1.7068,1.7088,1211.0
TRB-USD-PERP.HYPERLIQUID,1771149840000,16.415,16.415,16.415,16.415,1.4
HYPE-USD-PERP.HYPERLIQUID,1771149840000,31.074,31.074,31.038,31.038,605.52
ZEC-USD-PERP.HYPERLIQUID,1771149840000,309.35,309.35,308.99,309.08,194.63
BTC-USD-PERP.HYPERLIQUID,1771149840000,70389.0,70389.0,70365.0,70375.0,2.30377
LINK-USD-PERP.HYPERLIQUID,1771149840000,9.1088,9.1115,9.1078,9.1078,116.2
ONDO-USD-PERP.HYPERLIQUID,1771149840000,0.2872,0.2872,0.2868,0.28689,3450.0
SOL-USD-PERP.HYPERLIQUID,1771149840000,89.915,89.915,89.804,89.821,705.22
ZEC-USD-PERP.HYPERLIQUID,1771149840000,309.35,309.35,308.99,309.08,194.92
MNT-USD-PERP.HYPERLIQUID,1771149840000,0.67171,0.6726,0.67118,0.67259,3227.3
USTC-USD-PERP.HYPERLIQUID,1771149840000,0.00539,0.005392,0.005351,0.005361,57853.0
ZEC-USD-PERP.HYPERLIQUID,1771149840000,309.35,309.35,308.99,309.04,195.0
BTC-USD-PERP.HYPERLIQUID,1771149840000,70389.0,70389.0,70365.0,70374.0,2.30418
HYPE-USD-PERP.HYPERLIQUID,1771149840000,31.074,31.074,31.038,31.048,606.78
MERL-USD-PERP.HYPERLIQUID,1771149840000,0.064333,0.064398,0.064307,0.064398,4176.0
SOL-USD-PERP.HYPERLIQUID,1771149840000,89.915,89.915,89.804,89.827,705.35
ALGO-USD-PERP.HYPERLIQUID,1771149840000,0.098767,0.098767,0.098767,0.098767,2856.0
BTC-USD-PERP.HYPERLIQUID,1771149840000,70389.0,70389.0,70365.0,70374.0,2.35872
IMX-USD-PERP.HYPERLIQUID,1771149840000,0.17424,0.17424,0.17405,0.17406,1705.5
LDO-USD-PERP.HYPERLIQUID,1771149840000,0.3554,0.3554,0.3554,0.3554,118.2
OP-USD-PERP.HYPERLIQUID,1771149840000,0.19487,0.19487,0.19471,0.19471,672.5
RSR-USD-PERP.HYPERLIQUID,1771149840000,0.001625,0.001625,0.001625,0.001625,8652.0
STABLE-USD-PERP.HYPERLIQUID,1771149840000,0.024106,0.024106,0.024106,0.024106,678.0
TRUMP-USD-PERP.HYPERLIQUID,1771149840000,3.5204,3.5204,3.517,3.517,38.1
TRX-USD-PERP.HYPERLIQUID,1771149840000,0.28091,0.28091,0.28088,0.28089,14945.0
XRP-USD-PERP.HYPERLIQUID,1771149840000,1.5864,1.5865,1.5823,1.5837,60381.0
ASTER-USD-PERP.HYPERLIQUID,1771149840000,0.7327,0.73281,0.73254,0.73268,1831.0
BTC-USD-PERP.HYPERLIQUID,1771149840000,70389.0,70389.0,70365.0,70375.0,2.35967
LTC-USD-PERP.HYPERLIQUID,1771149840000,56.141,56.141,56.092,56.092,51.61
TAO-USD-PERP.HYPERLIQUID,1771149840000,188.71,188.74,188.64,188.69,11.391
XLM-USD-PERP.HYPERLIQUID,1771149840000,0.17717,0.17717,0.17717,0.17717,970.0
DASH-USD-PERP.HYPERLIQUID,1771149840000,39.766,39.766,39.747,39.747,0.73
FOGO-USD-PERP.HYPERLIQUID,1771149840000,0.022877,0.022877,0.022877,0.022877,1719.0
ZEC-USD-PERP.HYPERLIQUID,1771149840000,309.35,309.35,308.99,309.17,198.75
HYPE-USD-PERP.HYPERLIQUID,1771149840000,31.074,31.074,31.038,31.056,607.78
BTC-USD-PERP.HYPERLIQUID,1771149840000,70389.0,70389.0,70365.0,70374.0,2.35984
DOGE-USD-PERP.HYPERLIQUID,1771149840000,0.11437,0.11437,0.11425,0.11428,30488.0
MNT-USD-PERP.HYPERLIQUID,1771149840000,0.67171,0.6726,0.67118,0.67259,3352.2
VVV-USD-PERP.HYPERLIQUID,1771149840000,3.9321,3.9402,3.9321,3.9364,1443.43
ZEREBRO-USD-PERP.HYPERLIQUID,1771149840000,0.008911,0.008911,0.008911,0.008911,1291.0
MOVE-USD-PERP.HYPERLIQUID,1771149840000,0.0252,0.0252,0.025177,0.025177,1813.0
OP-USD-PERP.HYPERLIQUID,1771149840000,0.19487,0.19487,0.19471,0.19471,782.0
TRX-USD-PERP.HYPERLIQUID,1771149840000,0.28091,0.28091,0.28088,0.28089,15287.0
MNT-USD-PERP.HYPERLIQUID,1771149840000,0.67171,0.6727,0.67118,0.6727,3408.4
MOODENG-USD-PERP.HYPERLIQUID,1771149840000,0.060094,0.060094,0.06004,0.06004,496.0
TIA-USD-PERP.HYPERLIQUID,1771149840000,0.354,0.35404,0.354,0.35404,101.2
TRUMP-USD-PERP.HYPERLIQUID,1771149840000,3.5204,3.5204,3.517,3.517,115.4
CAKE-USD-PERP.HYPERLIQUID,1771149840000,1.3488,1.3488,1.3468,1.3477,306.9
MELANIA-USD-PERP.HYPERLIQUID,1771149840000,0.12437,0.12437,0.12437,0.12437,245.9
ONDO-USD-PERP.HYPERLIQUID,1771149840000,0.2872,0.2872,0.2868,0.28691,3489.0
BTC-USD-PERP.HYPERLIQUID,1771149840000,70389.0,70389.0,70365.0,70374.0,2.3606
DOT-USD-PERP.HYPERLIQUID,1771149840000,1.4124,1.4127,1.4119,1.412,981.5
LIT-USD-PERP.HYPERLIQUID,1771149840000,1.7089,1.709,1.7068,1.7082,1230.0
MET-USD-PERP.HYPERLIQUID,1771149840000,0.23059,0.23059,0.23059,0.23059,68.0
ZORA-USD-PERP.HYPERLIQUID,1771149840000,0.021791,0.021791,0.021791,0.021791,1653.0
SOL-USD-PERP.HYPERLIQUID,1771149840000,89.915,89.915,89.804,89.82,764.34
VIRTUAL-USD-PERP.HYPERLIQUID,1771149840000,0.67434,0.67434,0.67414,0.67414,462.1
WIF-USD-PERP.HYPERLIQUID,1771149840000,0.24417,0.24419,0.2441,0.24414,259.0
ZEC-USD-PERP.HYPERLIQUID,1771149840000,309.35,309.35,308.99,309.24,200.48
BTC-USD-PERP.HYPERLIQUID,1771149840000,70389.0,70389.0,70362.0,70362.0,2.42773
HYPE-USD-PERP.HYPERLIQUID,1771149840000,31.074,31.074,31.038,31.044,623.38
ONDO-USD-PERP.HYPERLIQUID,1771149840000,0.2872,0.2872,0.2868,0.28691,3555.0
SOL-USD-PERP.HYPERLIQUID,1771149840000,89.915,89.915,89.804,89.819,764.51
TRX-USD-PERP.HYPERLIQUID,1771149840000,0.28091,0.28091,0.28088,0.28089,15692.0
ZEC-USD-PERP.HYPERLIQUID,1771149840000,309.35,309.37,308.99,309.37,205.74
BERA-USD-PERP.HYPERLIQUID,1771149900000,0.66513,0.66513,0.66511,0.66511,1156.2
DOT-USD-PERP.HYPERLIQUID,1771149840000,1.4124,1.4127,1.4119,1.412,993.6
FIL-USD-PERP.HYPERLIQUID,1771149840000,1.0016,1.0022,1.0016,1.0022,27.5
HYPE-USD-PERP.HYPERLIQUID,1771149900000,31.045,31.045,31.045,31.045,0.37
MNT-USD-PERP.HYPERLIQUID,1771149900000,0.67249,0.67249,0.67228,0.67228,1332.5
WIF-USD-PERP.HYPERLIQUID,1771149840000,0.24417,0.24424,0.2441,0.24424,18224.0
XRP-USD-PERP.HYPERLIQUID,1771149900000,1.5837,1.5837,1.5837,1.5837,168.0
ZEC-USD-PERP.HYPERLIQUID,1771149840000,309.35,309.6,308.99,309.6,205.78
BIGTIME-USD-PERP.HYPERLIQUID,1771149900000,0.016051,0.016051,0.016051,0.016051,1102.0
BTC-USD-PERP.HYPERLIQUID,1771149900000,70363.0,70363.0,70363.0,70363.0,0.00826
GRASS-USD-PERP.HYPERLIQUID,1771149900000,0.22235,0.22235,0.22235,0.22235,78.6
HYPE-USD-PERP.HYPERLIQUID,1771149900000,31.045,31.045,31.043,31.043,24.87
LTC-USD-PERP.HYPERLIQUID,1771149900000,56.092,56.092,56.092,56.092,0.35
W-USD-PERP.HYPERLIQUID,1771149900000,0.021,0.021,0.021,0.021,812.9
XLM-USD-PERP.HYPERLIQUID,1771149900000,0.1773,0.1773,0.1773,0.1773,220.0
ARB-USD-PERP.HYPERLIQUID,1771149900000,0.11877,0.11877,0.11877,0.11877,288.3
AVNT-USD-PERP.HYPERLIQUID,1771149900000,0.20825,0.20825,0.20825,0.20825,202.0
CELO-USD-PERP.HYPERLIQUID,1771149900000,0.089092,0.089092,0.089092,0.089092,3199.0
BTC-USD-PERP.HYPERLIQUID,1771149900000,70363.0,70363.0,70362.0,70362.0,0.02487
DOT-USD-PERP.HYPERLIQUID,1771149900000,1.412,1.412,1.412,1.412,46.6
ENA-USD-PERP.HYPERLIQUID,1771149900000,0.12706,0.12706,0.12706,0.12706,242.0
XRP-USD-PERP.HYPERLIQUID,1771149900000,1.5837,1.5848,1.5837,1.5848,508.0
BTC-USD-PERP.HYPERLIQUID,1771149900000,70363.0,70364.0,70362.0,70364.0,0.02503
CELO-USD-PERP.HYPERLIQUID,1771149900000,0.089092,0.089092,0.089092,0.089092,11078.0
HYPE-USD-PERP.HYPERLIQUID,1771149900000,31.045,31.051,31.043,31.051,25.24
OM-USD-PERP.HYPERLIQUID,1771149900000,0.06166,0.06166,0.06166,0.06166,275.9
WLFI-USD-PERP.HYPERLIQUID,1771149900000,0.10689,0.10689,0.10689,0.10689,22616.0
DYM-USD-PERP.HYPERLIQUID,1771149900000,0.0464,0.0464,0.0464,0.0464,353.8
ALGO-USD-PERP.HYPERLIQUID,1771149900000,0.098767,0.098767,0.098767,0.098767,287.0
BTC-USD-PERP.HYPERLIQUID,1771149900000,70363.0,70365.0,70362.0,70365.0,0.0252
LTC-USD-PERP.HYPERLIQUID,1771149900000,56.092,56.092,56.092,56.092,0.84
SNX-USD-PERP.HYPERLIQUID,1771149900000,0.30577,0.30577,0.30577,0.30577,59.3
ZEC-USD-PERP.HYPERLIQUID,1771149900000,309.56,309.56,309.56,309.56,0.04
LTC-USD-PERP.HYPERLIQUID,1771149900000,56.092,56.092,56.092,56.092,1.04
ZEC-USD-PERP.HYPERLIQUID,1771149900000,309.56,309.56,309.56,309.56,0.4
BTC-USD-PERP.HYPERLIQUID,1771149900000,70363.0,70373.0,70362.0,70373.0,0.02614
LIT-USD-PERP.HYPERLIQUID,1771149900000,1.7089,1.7089,1.7089,1.7089,11.0
LTC-USD-PERP.HYPERLIQUID,1771149900000,56.092,56.092,56.092,56.092,1.61
PENGU-USD-PERP.HYPERLIQUID,1771149900000,0.007583,0.007583,0.007583,0.007583,2405.0
ZEC-USD-PERP.HYPERLIQUID,1771149900000,309.56,309.56,309.56,309.56,0.44
CAKE-USD-PERP.HYPERLIQUID,1771149900000,1.3477,1.3477,1.3477,1.3477,48.7
NIL-USD-PERP.HYPERLIQUID,1771149900000,0.054816,0.054816,0.054816,0.054816,646.0
OP-USD-PERP.HYPERLIQUID,1771149900000,0.19471,0.19471,0.19471,0.19471,60.0
XRP-USD-PERP.HYPERLIQUID,1771149900000,1.5837,1.5848,1.5837,1.5847,509.0
BNB-USD-PERP.HYPERLIQUID,1771149900000,629.81,629.81,629.74,629.74,0.505
BTC-USD-PERP.HYPERLIQUID,1771149900000,70363.0,70373.0,70362.0,70372.0,0.02891
CAKE-USD-PERP.HYPERLIQUID,1771149900000,1.3477,1.3477,1.3477,1.3477,58.5
kPEPE-USD-PERP.HYPERLIQUID,1771149900000,0.004779,0.004779,0.004779,0.004779,93747.0
ETH-USD-PERP.HYPERLIQUID,1771149900000,2066.7,2066.7,2066.7,2066.7,0.0085
NEAR-USD-PERP.HYPERLIQUID,1771149900000,1.0777,1.0777,1.0777,1.0777,11.5
W-USD-PERP.HYPERLIQUID,1771149900000,0.021,0.021,0.021,0.021,1625.6
AVNT-USD-PERP.HYPERLIQUID,1771149900000,0.20825,0.20825,0.20815,0.20815,264.0
BTC-USD-PERP.HYPERLIQUID,1771149900000,70363.0,70374.0,70362.0,70374.0,0.03022
MOODENG-USD-PERP.HYPERLIQUID,1771149900000,0.060138,0.060138,0.060138,0.060138,174.0
OM-USD-PERP.HYPERLIQUID,1771149900000,0.06166,0.06167,0.06166,0.06167,551.7
SUI-USD-PERP.HYPERLIQUID,1771149900000,1.0207,1.0207,1.0207,1.0207,32.4
USUAL-USD-PERP.HYPERLIQUID,1771149900000,0.01574,0.01574,0.01574,0.01574,1167.9
ZEC-USD-PERP.HYPERLIQUID,1771149900000,309.56,309.56,309.51,309.51,1.28
kPEPE-USD-PERP.HYPERLIQUID,1771149900000,0.004779,0.004779,0.004778,0.004778,161290.0
PUMP-USD-PERP.HYPERLIQUID,1771149900000,0.00229,0.00229,0.00229,0.00229,25146.0
ZRO-USD-PERP.HYPERLIQUID,1771149900000,1.8728,1.873,1.8728,1.873,25.2
ARB-USD-PERP.HYPERLIQUID,1771149900000,0.11877,0.11878,0.11877,0.11878,445.8
XRP-USD-PERP.HYPERLIQUID,1771149900000,1.5837,1.5848,1.5837,1.5848,645.0
NEAR-USD-PERP.HYPERLIQUID,1771149900000,1.0777,1.0777,1.0777,1.0777,22.6
RESOLV-USD-PERP.HYPERLIQUID,1771149900000,0.062082,0.0621,0.062082,0.0621,476.0
XRP-USD-PERP.HYPERLIQUID,1771149900000,1.5837,1.5848,1.5837,1.5848,652.0
kPEPE-USD-PERP.HYPERLIQUID,1771149900000,0.004779,0.004779,0.004778,0.004778,238479.0
DOGE-USD-PERP.HYPERLIQUID,1771149900000,0.11427,0.11427,0.11427,0.11427,310.0
XLM-USD-PERP.HYPERLIQUID,1771149900000,0.1773,0.17732,0.1773,0.17732,458.0
XRP-USD-PERP.HYPERLIQUID,1771149900000,1.5837,1.5848,1.5837,1.5847,708.0
BTC-USD-PERP.HYPERLIQUID,1771149900000,70363.0,70374.0,70362.0,70369.0,0.03147
ETC-USD-PERP.HYPERLIQUID,1771149900000,9.0341,9.0341,9.0341,9.0341,3.72
HYPE-USD-PERP.HYPERLIQUID,1771149900000,31.045,31.051,31.041,31.041,46.14
SOL-USD-PERP.HYPERLIQUID,1771149900000,89.81,89.81,89.81,89.81,0.17
AVAX-USD-PERP.HYPERLIQUID,1771149900000,9.5775,9.5775,9.5775,9.5775,3.0
BABY-USD-PERP.HYPERLIQUID,1771149900000,0.013992,0.013992,0.013992,0.013992,1921.0
BTC-USD-PERP.HYPERLIQUID,1771149900000,70363.0,70374.0,70362.0,70367.0,0.0326
CAKE-USD-PERP.HYPERLIQUID,1771149900000,1.3477,1.3477,1.3477,1.3477,77.2
CELO-USD-PERP.HYPERLIQUID,1771149900000,0.089092,0.089092,0.089066,0.089066,13702.0
DYM-USD-PERP.HYPERLIQUID,1771149900000,0.0464,0.0464,0.0464,0.0464,691.7
PENDLE-USD-PERP.HYPERLIQUID,1771149900000,1.2949,1.2949,1.2949,1.2949,23.0
SOL-USD-PERP.HYPERLIQUID,1771149900000,89.81,89.81,89.806,89.806,83.18
kPEPE-USD-PERP.HYPERLIQUID,1771149900000,0.004779,0.004779,0.004776,0.004776,762774.0
DOGE-USD-PERP.HYPERLIQUID,1771149900000,0.11427,0.11427,0.11424,0.11424,1317.0
ONDO-USD-PERP.HYPERLIQUID,1771149900000,0.287,0.287,0.287,0.287,49.0
WLD-USD-PERP.HYPERLIQUID,1771149900000,0.42295,0.42295,0.42295,0.42295,141.3
DOGE-USD-PERP.HYPERLIQUID,1771149900000,0.11427,0.11427,0.11423,0.11423,2134.0
ETH-USD-PERP.HYPERLIQUID,1771149900000,2066.7,2066.7,2066.5,2066.5,0.0144
LIT-USD-PERP.HYPERLIQUID,1771149900000,1.7089,1.7089,1.7072,1.7072,594.0
JTO-USD-PERP.HYPERLIQUID,1771149900000,0.28069,0.28069,0.28069,0.28069,104.0
ZRO-USD-PERP.HYPERLIQUID,1771149900000,1.8728,1.873,1.8726,1.8726,89.5
kPEPE-USD-PERP.HYPERLIQUID,1771149900000,0.004779,0.004779,0.004776,0.004776,1390520.0
IMX-USD-PERP.HYPERLIQUID,1771149900000,0.17406,0.17406,0.17406,0.17406,68.1
SUSHI-USD-PERP.HYPERLIQUID,1771149900000,0.21603,0.21603,0.21603,0.21603,81.3
0G-USD-PERP.HYPERLIQUID,1771149900000,0.68424,0.68424,0.68424,0.68424,33.0
IP-USD-PERP.HYPERLIQUID,1771149900000,1.1711,1.1711,1.1711,1.1711,28.6
AERO-USD-PERP.HYPERLIQUID,1771149900000,0.32992,0.32992,0.32992,0.32992,334.0
BTC-USD-PERP.HYPERLIQUID,1771149900000,70363.0,70374.0,70362.0,70368.0,0.06347
SOL-USD-PERP.HYPERLIQUID,1771149900000,89.81,89.81,89.793,89.793,83.38
ZEC-USD-PERP.HYPERLIQUID,1771149900000,309.56,309.56,309.41,309.41,1.33
0G-USD-PERP.HYPERLIQUID,1771149900000,0.68424,0.68456,0.68424,0.68456,48.0
BTC-USD-PERP.HYPERLIQUID,1771149900000,70363.0,70374.0,70362.0,70368.0,0.06497
CAKE-USD-PERP.HYPERLIQUID,1771149900000,1.3477,1.3477,1.3477,1.3477,88.5
WIF-USD-PERP.HYPERLIQUID,1771149900000,0.24413,0.24413,0.24413,0.24413,550.0
ALGO-USD-PERP.HYPERLIQUID,1771149900000,0.098767,0.098767,0.098767,0.098767,526.0
APT-USD-PERP.HYPERLIQUID,1771149900000,0.9693,0.9693,0.9693,0.9693,822.91
BTC-USD-PERP.HYPERLIQUID,1771149900000,70363.0,70374.0,70362.0,70362.0,0.06649
ETH-USD-PERP.HYPERLIQUID,1771149900000,2066.7,2066.7,2066.4,2066.4,0.0428
SYRUP-USD-PERP.HYPERLIQUID,1771149900000,0.2754,0.2754,0.2754,0.2754,134.0
ZRO-USD-PERP.HYPERLIQUID,1771149900000,1.8728,1.873,1.8702,1.8702,488.4
APEX-USD-PERP.HYPERLIQUID,1771149900000,0.36557,0.36557,0.36557,0.36557,516.0
BTC-USD-PERP.HYPERLIQUID,1771149900000,70363.0,70374.0,70357.0,70357.0,0.0724
DOGE-USD-PERP.HYPERLIQUID,1771149900000,0.11427,0.11427,0.11422,0.11422,2512.0
ETH-USD-PERP.HYPERLIQUID,1771149900000,2066.7,2066.7,2065.5,2065.5,0.4544
HYPE-USD-PERP.HYPERLIQUID,1771149900000,31.045,31.051,31.036,31.036,47.74
LTC-USD-PERP.HYPERLIQUID,1771149900000,56.092,56.092,56.091,56.091,5.53
PEOPLE-USD-PERP.HYPERLIQUID,1771149900000,0.007288,0.007288,0.007288,0.007288,2644.0
SOL-USD-PERP.HYPERLIQUID,1771149900000,89.81,89.81,89.775,89.775,93.83
kBONK-USD-PERP.HYPERLIQUID,1771149900000,0.006955,0.006955,0.006955,0.006955,1590.0
kFLOKI-USD-PERP.HYPERLIQUID,1771149900000,0.033864,0.033864,0.033864,0.033864,20783.0
APEX-USD-PERP.HYPERLIQUID,1771149900000,0.36557,0.36557,0.36557,0.36557,1176.0
ARB-USD-PERP.HYPERLIQUID,1771149900000,0.11877,0.11878,0.11871,0.11871,961.4
BTC-USD-PERP.HYPERLIQUID,1771149900000,70363.0,70374.0,70347.0,70347.0,0.07605
CAKE-USD-PERP.HYPERLIQUID,1771149900000,1.3477,1.3477,1.3477,1.3477,101.4
MNT-USD-PERP.HYPERLIQUID,1771149900000,0.67249,0.67287,0.67228,0.67287,1406.1
POL-USD-PERP.HYPERLIQUID,1771149900000,0.10958,0.10958,0.10958,0.10958,402.0
SOL-USD-PERP.HYPERLIQUID,1771149900000,89.81,89.81,89.771,89.771,94.97
SUI-USD-PERP.HYPERLIQUID,1771149900000,1.0207,1.0207,1.02,1.02,43.2
kPEPE-USD-PERP.HYPERLIQUID,1771149900000,0.004779,0.004779,0.004774,0.004774,1475554.0
AVAX-USD-PERP.HYPERLIQUID,1771149900000,9.5775,9.5775,9.5732,9.5732,10.2
DOGE-USD-PERP.HYPERLIQUID,1771149900000,0.11427,0.11427,0.11419,0.11419,4050.0
FARTCOIN-USD-PERP.HYPERLIQUID,1771149900000,0.21089,0.21089,0.21089,0.21089,175.1
NEAR-USD-PERP.HYPERLIQUID,1771149900000,1.0777,1.0777,1.0777,1.0777,37.5
VVV-USD-PERP.HYPERLIQUID,1771149900000,3.9395,3.9395,3.9395,3.9395,3.64
ZEC-USD-PERP.HYPERLIQUID,1771149900000,309.56,309.56,309.29,309.29,3.01
ZRO-USD-PERP.HYPERLIQUID,1771149900000,1.8728,1.873,1.87,1.87,841.6
ETH-USD-PERP.HYPERLIQUID,1771149900000,2066.7,2066.7,2065.5,2065.5,4.7728
HBAR-USD-PERP.HYPERLIQUID,1771149900000,0.10334,0.10334,0.10334,0.10334,389.0
HYPE-USD-PERP.HYPERLIQUID,1771149900000,31.045,31.051,31.036,31.04,49.77
AVNT-USD-PERP.HYPERLIQUID,1771149900000,0.20825,0.20825,0.20815,0.2082,343.0
BTC-USD-PERP.HYPERLIQUID,1771149900000,70363.0,70374.0,70347.0,70348.0,0.0769
HBAR-USD-PERP.HYPERLIQUID,1771149900000,0.10334,0.10334,0.10334,0.10334,691.0
IMX-USD-PERP.HYPERLIQUID,1771149900000,0.17406,0.17406,0.17403,0.17403,271.7
STRK-USD-PERP.HYPERLIQUID,1771149900000,0.05078,0.05078,0.05078,0.05078,567.2
TIA-USD-PERP.HYPERLIQUID,1771149900000,0.35397,0.35397,0.3539,0.3539,115.7
XPL-USD-PERP.HYPERLIQUID,1771149900000,0.10107,0.10107,0.10107,0.10107,2467.0
XRP-USD-PERP.HYPERLIQUID,1771149900000,1.5837,1.5848,1.5837,1.5841,1205.0
ZEC-USD-PERP.HYPERLIQUID,1771149900000,309.56,309.56,309.29,309.35,3.05
ZRO-USD-PERP.HYPERLIQUID,1771149900000,1.8728,1.873,1.87,1.87,996.4
ATOM-USD-PERP.HYPERLIQUID,1771149900000,2.1693,2.1693,2.1693,2.1693,17.91
BTC-USD-PERP.HYPERLIQUID,1771149900000,70363.0,70374.0,70347.0,70348.0,0.10533
CHILLGUY-USD-PERP.HYPERLIQUID,1771149900000,0.012157,0.012157,0.012157,0.012157,1285.0
FOGO-USD-PERP.HYPERLIQUID,1771149900000,0.022897,0.022897,0.022897,0.022897,1304.0
LINK-USD-PERP.HYPERLIQUID,1771149900000,9.1043,9.1043,9.1043,9.1043,1.5
PUMP-USD-PERP.HYPERLIQUID,1771149900000,0.00229,0.00229,0.002288,0.002288,42770.0
TRX-USD-PERP.HYPERLIQUID,1771149900000,0.2809,0.2809,0.2809,0.2809,126.0
VIRTUAL-USD-PERP.HYPERLIQUID,1771149900000,0.67374,0.67374,0.67374,0.67374,821.9
XLM-USD-PERP.HYPERLIQUID,1771149900000,0.1773,0.17732,0.17722,0.17722,566.0
ZRO-USD-PERP.HYPERLIQUID,1771149900000,1.8728,1.873,1.87,1.87,1129.1
NEAR-USD-PERP.HYPERLIQUID,1771149900000,1.0777,1.0777,1.0777,1.0777,69.2
CELO-USD-PERP.HYPERLIQUID,1771149900000,0.089092,0.089092,0.089033,0.089033,15189.0
DYDX-USD-PERP.HYPERLIQUID,1771149900000,0.11165,0.11165,0.11162,0.11162,264.0
FARTCOIN-USD-PERP.HYPERLIQUID,1771149900000,0.21089,0.21089,0.21089,0.21089,257.6
JUP-USD-PERP.HYPERLIQUID,1771149900000,0.16668,0.16668,0.16668,0.16668,104.0
XRP-USD-PERP.HYPERLIQUID,1771149900000,1.5837,1.5848,1.5837,1.5841,1337.0
AVAX-USD-PERP.HYPERLIQUID,1771149900000,9.5775,9.5775,9.5732,9.5753,12.43
BTC-USD-PERP.HYPERLIQUID,1771149900000,70363.0,70374.0,70347.0,70348.0,0.10549
FET-USD-PERP.HYPERLIQUID,1771149900000,0.17836,0.17836,0.17836,0.17836,508.0
MNT-USD-PERP.HYPERLIQUID,1771149900000,0.67249,0.67291,0.67228,0.67291,1447.3
APE-USD-PERP.HYPERLIQUID,1771149900000,0.13548,0.13548,0.13548,0.13548,885.0
BTC-USD-PERP.HYPERLIQUID,1771149900000,70363.0,70374.0,70347.0,70347.0,0.12324
PAXG-USD-PERP.HYPERLIQUID,1771149900000,5037.6,5037.6,5037.6,5037.6,0.002
SOL-USD-PERP.HYPERLIQUID,1771149900000,89.81,89.81,89.767,89.772,98.28
XRP-USD-PERP.HYPERLIQUID,1771149900000,1.5837,1.5848,1.5837,1.5837,1344.0
ZK-USD-PERP.HYPERLIQUID,1771149900000,0.022464,0.022464,0.022464,0.022464,1886.0
ADA-USD-PERP.HYPERLIQUID,1771149900000,0.29491,0.29491,0.29491,0.29491,132.0
CELO-USD-PERP.HYPERLIQUID,1771149900000,0.089092,0.089092,0.089033,0.089033,16315.0
ETH-USD-PERP.HYPERLIQUID,1771149900000,2066.7,2066.7,2065.4,2065.4,4.789
LINK-USD-PERP.HYPERLIQUID,1771149900000,9.1043,9.1043,9.103,9.103,16.7
STX-USD-PERP.HYPERLIQUID,1771149900000,0.27456,0.27456,0.27456,0.27456,813.7
BTC-USD-PERP.HYPERLIQUID,1771149900000,70363.0,70374.0,70347.0,70347.0,0.15167
FET-USD-PERP.HYPERLIQUID,1771149900000,0.17836,0.17836,0.17836,0.17836,601.0
LINEA-USD-PERP.HYPERLIQUID,1771149900000,0.003851,0.003851,0.003851,0.003851,7614.0
kPEPE-USD-PERP.HYPERLIQUID,1771149900000,0.004779,0.004779,0.004773,0.004773,1636467.0
ADA-USD-PERP.HYPERLIQUID,1771149900000,0.29491,0.29491,0.29491,0.29491,169.0
BTC-USD-PERP.HYPERLIQUID,1771149900000,70363.0,70374.0,70347.0,70348.0,0.17951
CELO-USD-PERP.HYPERLIQUID,1771149900000,0.089092,0.089092,0.089026,0.089026,18183.0
HYPE-USD-PERP.HYPERLIQUID,1771149900000,31.045,31.051,31.036,31.043,50.14
IP-USD-PERP.HYPERLIQUID,1771149900000,1.1711,1.1711,1.1703,1.1703,43.6
SUI-USD-PERP.HYPERLIQUID,1771149900000,1.0207,1.0207,1.0198,1.0198,100.5
TRX-USD-PERP.HYPERLIQUID,1771149900000,0.2809,0.28091,0.2809,0.28091,228.0
AAVE-USD-PERP.HYPERLIQUID,1771149900000,129.21,129.21,129.21,129.21,0.14
BTC-USD-PERP.HYPERLIQUID,1771149900000,70363.0,70374.0,70347.0,70348.0,0.20897
LTC-USD-PERP.HYPERLIQUID,1771149900000,56.092,56.092,56.064,56.064,5.77
ONDO-USD-PERP.HYPERLIQUID,1771149900000,0.287,0.287,0.28683,0.28683,90.0
OP-USD-PERP.HYPERLIQUID,1771149900000,0.19471,0.19471,0.19464,0.19464,200.8
SKR-USD-PERP.HYPERLIQUID,1771149900000,0.02264,0.02264,0.02264,0.02264,762.0
WLD-USD-PERP.HYPERLIQUID,1771149900000,0.42295,0.42295,0.42267,0.42267,585.7
JUP-USD-PERP.HYPERLIQUID,1771149900000,0.16668,0.16668,0.16667,0.16667,962.0
SOL-USD-PERP.HYPERLIQUID,1771149900000,89.81,89.81,89.765,89.765,140.25
XMR-USD-PERP.HYPERLIQUID,1771149900000,349.14,349.14,349.14,349.14,1.006
XRP-USD-PERP.HYPERLIQUID,1771149900000,1.5837,1.5848,1.5837,1.584,4880.0
ZEC-USD-PERP.HYPERLIQUID,1771149900000,309.56,309.56,309.29,309.35,3.3
ZRO-USD-PERP.HYPERLIQUID,1771149900000,1.8728,1.873,1.87,1.8703,1723.3
SAND-USD-PERP.HYPERLIQUID,1771149900000,0.091361,0.091361,0.091361,0.091361,189.0
TIA-USD-PERP.HYPERLIQUID,1771149900000,0.35397,0.35397,0.35384,0.35384,164.3
ZEC-USD-PERP.HYPERLIQUID,1771149900000,309.56,309.56,309.29,309.34,3.66
FARTCOIN-USD-PERP.HYPERLIQUID,1771149900000,0.21089,0.21102,0.21089,0.21102,368.0
HYPE-USD-PERP.HYPERLIQUID,1771149900000,31.045,31.052,31.036,31.052,51.17
ICP-USD-PERP.HYPERLIQUID,1771149900000,2.507,2.507,2.507,2.507,200.0
ZEC-USD-PERP.HYPERLIQUID,1771149900000,309.56,309.56,309.29,309.35,3.89
2Z-USD-PERP.HYPERLIQUID,1771149900000,0.080444,0.080444,0.080444,0.080444,208.0
DOGE-USD-PERP.HYPERLIQUID,1771149900000,0.11427,0.11427,0.11414,0.11414,4789.0
DOT-USD-PERP.HYPERLIQUID,1771149900000,1.412,1.412,1.4117,1.4117,129.8
EIGEN-USD-PERP.HYPERLIQUID,1771149900000,0.2148,0.2148,0.2148,0.2148,91.93
ENA-USD-PERP.HYPERLIQUID,1771149900000,0.12706,0.12706,0.12696,0.12696,552.0
HYPE-USD-PERP.HYPERLIQUID,1771149900000,31.045,31.086,31.036,31.086,5051.17
JUP-USD-PERP.HYPERLIQUID,1771149900000,0.16668,0.16668,0.16662,0.16662,2312.0
MINA-USD-PERP.HYPERLIQUID,1771149900000,0.068114,0.068114,0.068114,0.068114,5681.0
PENGU-USD-PERP.HYPERLIQUID,1771149900000,0.007583,0.007583,0.007569,0.007569,6733.0
PUMP-USD-PERP.HYPERLIQUID,1771149900000,0.00229,0.00229,0.002286,0.002286,47221.0
SOL-USD-PERP.HYPERLIQUID,1771149900000,89.81,89.81,89.712,89.712,3825.93
SYRUP-USD-PERP.HYPERLIQUID,1771149900000,0.2754,0.2754,0.27539,0.27539,203.0
TAO-USD-PERP.HYPERLIQUID,1771149900000,188.69,188.69,188.69,188.69,1.971
WIF-USD-PERP.HYPERLIQUID,1771149900000,0.24413,0.24413,0.24388,0.24388,5633.0
kSHIB-USD-PERP.HYPERLIQUID,1771149900000,0.006847,0.006847,0.006847,0.006847,8324.0
BLUR-USD-PERP.HYPERLIQUID,1771149900000,0.022158,0.022158,0.022158,0.022158,38942.0
BTC-USD-PERP.HYPERLIQUID,1771149900000,70363.0,70374.0,70344.0,70344.0,0.4011
FET-USD-PERP.HYPERLIQUID,1771149900000,0.17836,0.17836,0.17836,0.17836,668.0
HYPE-USD-PERP.HYPERLIQUID,1771149900000,31.045,31.086,31.036,31.048,5051.63
ONDO-USD-PERP.HYPERLIQUID,1771149900000,0.287,0.287,0.28679,0.28679,390.0
STX-USD-PERP.HYPERLIQUID,1771149900000,0.27456,0.27467,0.27456,0.27467,868.8
TRX-USD-PERP.HYPERLIQUID,1771149900000,0.2809,0.28091,0.2809,0.28091,568.0
AIXBT-USD-PERP.HYPERLIQUID,1771149900000,0.022042,0.022042,0.022042,0.022042,741.0
ASTER-USD-PERP.HYPERLIQUID,1771149900000,0.73211,0.73211,0.7321,0.7321,1044.0
AVAX-USD-PERP.HYPERLIQUID,1771149900000,9.5775,9.5775,9.573,9.573,15.43
ENS-USD-PERP.HYPERLIQUID,1771149900000,6.9037,6.9037,6.9028,6.9028,434.65
ETH-USD-PERP.HYPERLIQUID,1771149900000,2066.7,2066.7,2065.4,2065.5,4.7946
HYPE-USD-PERP.HYPERLIQUID,1771149900000,31.045,31.086,31.036,31.074,5052.44
ICP-USD-PERP.HYPERLIQUID,1771149900000,2.507,2.507,2.5053,2.5053,212.0
LINK-USD-PERP.HYPERLIQUID,1771149900000,9.1043,9.1043,9.1022,9.1022,18.1
NEO-USD-PERP.HYPERLIQUID,1771149900000,2.9125,2.9125,2.9125,2.9125,5.26
OP-USD-PERP.HYPERLIQUID,1771149900000,0.19471,0.19471,0.19464,0.19464,336.7
ZEC-USD-PERP.HYPERLIQUID,1771149900000,309.56,309.56,309.28,309.28,4.85
DOT-USD-PERP.HYPERLIQUID,1771149900000,1.412,1.412,1.4113,1.4113,151.6
FET-USD-PERP.HYPERLIQUID,1771149900000,0.17836,0.17836,0.17815,0.17815,1663.0
FIL-USD-PERP.HYPERLIQUID,1771149900000,1.0004,1.0004,0.99863,0.99863,1394.9
HBAR-USD-PERP.HYPERLIQUID,1771149900000,0.10334,0.10334,0.10324,0.10324,803.0
BTC-USD-PERP.HYPERLIQUID,1771149900000,70363.0,70374.0,70344.0,70345.0,0.42969
CELO-USD-PERP.HYPERLIQUID,1771149900000,0.089092,0.089092,0.088984,0.088984,21254.0
COMP-USD-PERP.HYPERLIQUID,1771149900000,23.12,23.12,23.091,23.091,51.33
DOGE-USD-PERP.HYPERLIQUID,1771149900000,0.11427,0.11427,0.11412,0.11412,6566.0
ETHFI-USD-PERP.HYPERLIQUID,1771149900000,0.49522,0.49522,0.49522,0.49522,50.5
FARTCOIN-USD-PERP.HYPERLIQUID,1771149900000,0.21089,0.21102,0.21087,0.21087,4924.0
LIT-USD-PERP.HYPERLIQUID,1771149900000,1.7089,1.7089,1.7072,1.7079,601.0
ONDO-USD-PERP.HYPERLIQUID,1771149900000,0.287,0.287,0.28672,0.28672,3374.0
ZEC-USD-PERP.HYPERLIQUID,1771149900000,309.56,309.56,309.28,309.28,4.91
CELO-USD-PERP.HYPERLIQUID,1771149900000,0.089092,0.089092,0.088879,0.088879,30751.0
HBAR-USD-PERP.HYPERLIQUID,1771149900000,0.10334,0.10334,0.10324,0.10329,962.0
OP-USD-PERP.HYPERLIQUID,1771149900000,0.19471,0.19471,0.19451,0.19451,554.3
ZEC-USD-PERP.HYPERLIQUID,1771149900000,309.56,309.56,309.27,309.27,4.95
ADA-USD-PERP.HYPERLIQUID,1771149900000,0.29491,0.29491,0.29464,0.29464,7177.0
AIXBT-USD-PERP.HYPERLIQUID,1771149900000,0.022042,0.022042,0.022042,0.022042,2548.0
APT-USD-PERP.HYPERLIQUID,1771149900000,0.9693,0.9693,0.9674,0.9674,1319.72
ATOM-USD-PERP.HYPERLIQUID,1771149900000,2.1693,2.1693,2.1673,2.1673,752.84
AVAX-USD-PERP.HYPERLIQUID,1771149900000,9.5775,9.5775,9.5702,9.5702,102.81
BTC-USD-PERP.HYPERLIQUID,1771149900000,70363.0,70374.0,70336.0,70343.0,0.68562
ETH-USD-PERP.HYPERLIQUID,1771149900000,2066.7,2066.7,2065.4,2065.4,9.7335
HYPE-USD-PERP.HYPERLIQUID,1771149900000,31.045,31.086,31.036,31.053,5108.74
LINK-USD-PERP.HYPERLIQUID,1771149900000,9.1043,9.1043,9.0976,9.0976,74.2
LTC-USD-PERP.HYPERLIQUID,1771149900000,56.092,56.092,56.039,56.039,7.15
MNT-USD-PERP.HYPERLIQUID,1771149900000,0.67249,0.67291,0.67228,0.67255,1484.7
ONDO-USD-PERP.HYPERLIQUID,1771149900000,0.287,0.287,0.28667,0.28667,4013.0
PUMP-USD-PERP.HYPERLIQUID,1771149900000,0.00229,0.00229,0.002286,0.002287,51672.0
SCR-USD-PERP.HYPERLIQUID,1771149900000,0.0508,0.0508,0.0508,0.0508,616.1
SKR-USD-PERP.HYPERLIQUID,1771149900000,0.02264,0.022667,0.02264,0.022667,40762.0
SOL-USD-PERP.HYPERLIQUID,1771149900000,89.81,89.81,89.705,89.705,3828.88
TST-USD-PERP.HYPERLIQUID,1771149900000,0.01171,0.01171,0.01171,0.01171,1312.0
XLM-USD-PERP.HYPERLIQUID,1771149900000,0.1773,0.17732,0.1771,0.1771,2566.0
ZEC-USD-PERP.HYPERLIQUID,1771149900000,309.56,309.56,309.27,309.27,5.16
kBONK-USD-PERP.HYPERLIQUID,1771149900000,0.006955,0.006955,0.006942,0.006942,3180.0
BTC-USD-PERP.HYPERLIQUID,1771149900000,70363.0,70374.0,70336.0,70336.0,0.68657
OP-USD-PERP.HYPERLIQUID,1771149900000,0.19471,0.19471,0.19451,0.19456,1038.4
WCT-USD-PERP.HYPERLIQUID,1771149900000,0.065171,0.065171,0.065171,0.065171,446.0
AVNT-USD-PERP.HYPERLIQUID,1771149900000,0.20825,0.20825,0.20809,0.20809,419.0
BTC-USD-PERP.HYPERLIQUID,1771149900000,70363.0,70374.0,70336.0,70336.0,0.68704
HYPE-USD-PERP.HYPERLIQUID,1771149900000,31.045,31.086,31.036,31.053,5109.67
PYTH-USD-PERP.HYPERLIQUID,1771149900000,0.056792,0.056792,0.056792,0.056792,331.0
SOL-USD-PERP.HYPERLIQUID,1771149900000,89.81,89.81,89.702,89.702,3829.0
TAO-USD-PERP.HYPERLIQUID,1771149900000,188.69,188.69,188.54,188.54,2.04
kPEPE-USD-PERP.HYPERLIQUID,1771149900000,0.004779,0.004779,0.004768,0.004768,1639060.0
AIXBT-USD-PERP.HYPERLIQUID,1771149900000,0.022042,0.022042,0.022042,0.022042,10741.0
BTC-USD-PERP.HYPERLIQUID,1771149900000,70363.0,70374.0,70332.0,70332.0,0.71547
CC-USD-PERP.HYPERLIQUID,1771149900000,0.16054,0.16054,0.16054,0.16054,124.0
DOGE-USD-PERP.HYPERLIQUID,1771149900000,0.11427,0.11427,0.11407,0.11407,7988.0
ETH-USD-PERP.HYPERLIQUID,1771149900000,2066.7,2066.7,2065.0,2065.0,10.5198
MOODENG-USD-PERP.HYPERLIQUID,1771149900000,0.060138,0.060138,0.059945,0.059945,2420.0
SOL-USD-PERP.HYPERLIQUID,1771149900000,89.81,89.81,89.696,89.696,3829.31
AR-USD-PERP.HYPERLIQUID,1771149900000,2.0629,2.0629,2.0629,2.0629,77.55
BTC-USD-PERP.HYPERLIQUID,1771149900000,70363.0,70374.0,70332.0,70333.0,0.71641
CC-USD-PERP.HYPERLIQUID,1771149900000,0.16054,0.16054,0.16053,0.16053,224.0
DOGE-USD-PERP.HYPERLIQUID,1771149900000,0.11427,0.11427,0.11407,0.11407,26663.0
DOT-USD-PERP.HYPERLIQUID,1771149900000,1.412,1.412,1.4105,1.4105,166.2
FARTCOIN-USD-PERP.HYPERLIQUID,1771149900000,0.21089,0.21102,0.21073,0.21073,5393.7
HYPE-USD-PERP.HYPERLIQUID,1771149900000,31.045,31.086,31.036,31.044,5197.85
IO-USD-PERP.HYPERLIQUID,1771149900000,0.11002,0.11002,0.11002,0.11002,4116.0
MET-USD-PERP.HYPERLIQUID,1771149900000,0.23045,0.23045,0.23045,0.23045,489.0
MON-USD-PERP.HYPERLIQUID,1771149900000,0.023464,0.023464,0.023464,0.023464,20000.0
ONDO-USD-PERP.HYPERLIQUID,1771149900000,0.287,0.287,0.28647,0.28647,7021.0
PENDLE-USD-PERP.HYPERLIQUID,1771149900000,1.2949,1.2949,1.2937,1.2937,423.0
POL-USD-PERP.HYPERLIQUID,1771149900000,0.10958,0.10958,0.10947,0.10947,5402.0
SOL-USD-PERP.HYPERLIQUID,1771149900000,89.81,89.81,89.68,89.68,3829.99
TRX-USD-PERP.HYPERLIQUID,1771149900000,0.2809,0.28091,0.2809,0.28091,901.0
ADA-USD-PERP.HYPERLIQUID,1771149900000,0.29491,0.29491,0.29438,0.29438,9900.0
ARB-USD-PERP.HYPERLIQUID,1771149900000,0.11877,0.11878,0.11858,0.11858,1054.2
BNB-USD-PERP.HYPERLIQUID,1771149900000,629.81,629.81,629.24,629.24,0.643
BTC-USD-PERP.HYPERLIQUID,1771149900000,70363.0,70374.0,70328.0,70328.0,0.72433
SPX-USD-PERP.HYPERLIQUID,1771149900000,0.33076,0.33076,0.33065,0.33065,7692.5
AAVE-USD-PERP.HYPERLIQUID,1771149900000,129.21,129.21,129.06,129.06,6.12
APEX-USD-PERP.HYPERLIQUID,1771149900000,0.36557,0.36557,0.3654,0.3654,2975.0
AVAX-USD-PERP.HYPERLIQUID,1771149900000,9.5775,9.5775,9.5656,9.5656,174.55
BNB-USD-PERP.HYPERLIQUID,1771149900000,629.81,629.81,629.03,629.03,1.972
BTC-USD-PERP.HYPERLIQUID,1771149900000,70363.0,70374.0,70310.0,70310.0,1.3746
CAKE-USD-PERP.HYPERLIQUID,1771149900000,1.3477,1.3477,1.3455,1.3455,754.6
DOGE-USD-PERP.HYPERLIQUID,1771149900000,0.11427,0.11427,0.114,0.114,46170.0
ETH-USD-PERP.HYPERLIQUID,1771149900000,2066.7,2066.7,2063.5,2063.5,17.4527
ETHFI-USD-PERP.HYPERLIQUID,1771149900000,0.49522,0.49522,0.49512,0.49512,405.7
FARTCOIN-USD-PERP.HYPERLIQUID,1771149900000,0.21089,0.21102,0.21072,0.21072,7071.0
FET-USD-PERP.HYPERLIQUID,1771149900000,0.17836,0.17836,0.17811,0.17811,5663.0
HYPE-USD-PERP.HYPERLIQUID,1771149900000,31.045,31.086,31.026,31.026,5255.95
HYPER-USD-PERP.HYPERLIQUID,1771149900000,0.10534,0.10534,0.10534,0.10534,904.0
ICP-USD-PERP.HYPERLIQUID,1771149900000,2.507,2.507,2.5044,2.5044,512.0
IP-USD-PERP.HYPERLIQUID,1771149900000,1.1711,1.1711,1.1697,1.1697,343.6
JTO-USD-PERP.HYPERLIQUID,1771149900000,0.28069,0.28069,0.28021,0.28021,1261.0
LTC-USD-PERP.HYPERLIQUID,1771149900000,56.092,56.092,56.016,56.016,7.35
MELANIA-USD-PERP.HYPERLIQUID,1771149900000,0.12424,0.12424,0.12424,0.12424,4114.8
MET-USD-PERP.HYPERLIQUID,1771149900000,0.23045,0.23045,0.23045,0.23045,1000.0
MINA-USD-PERP.HYPERLIQUID,1771149900000,0.068114,0.068114,0.06805,0.06805,11779.0
MON-USD-PERP.HYPERLIQUID,1771149900000,0.023464,0.023464,0.023461,0.023461,114922.0
OP-USD-PERP.HYPERLIQUID,1771149900000,0.19471,0.19471,0.19441,0.19441,3038.4
PENDLE-USD-PERP.HYPERLIQUID,1771149900000,1.2949,1.2949,1.2933,1.2933,823.0
PNUT-USD-PERP.HYPERLIQUID,1771149900000,0.05269,0.05269,0.05269,0.05269,11522.5
PUMP-USD-PERP.HYPERLIQUID,1771149900000,0.00229,0.00229,0.002284,0.002284,541899.0
RENDER-USD-PERP.HYPERLIQUID,1771149900000,1.4766,1.4766,1.4766,1.4766,200.0
S-USD-PERP.HYPERLIQUID,1771149900000,0.049787,0.049787,0.049787,0.049787,2112.0
SAND-USD-PERP.HYPERLIQUID,1771149900000,0.091361,0.091361,0.091308,0.091308,3614.0
SEI-USD-PERP.HYPERLIQUID,1771149900000,0.077596,0.077596,0.077596,0.077596,158.0
SOL-USD-PERP.HYPERLIQUID,1771149900000,89.81,89.81,89.647,89.647,3953.44
SUI-USD-PERP.HYPERLIQUID,1771149900000,1.0207,1.0207,1.0185,1.0185,111.4
TIA-USD-PERP.HYPERLIQUID,1771149900000,0.35397,0.35397,0.35375,0.35375,223.4
TRB-USD-PERP.HYPERLIQUID,1771149900000,16.414,16.414,16.414,16.414,0.91
TRUMP-USD-PERP.HYPERLIQUID,1771149900000,3.5125,3.5125,3.5125,3.5125,3.2
TRX-USD-PERP.HYPERLIQUID,1771149900000,0.2809,0.28091,0.2809,0.28091,2607.0
UNI-USD-PERP.HYPERLIQUID,1771149900000,3.5807,3.5807,3.5803,3.5803,191.3
VVV-USD-PERP.HYPERLIQUID,1771149900000,3.9395,3.9395,3.9322,3.9322,103.64
WLFI-USD-PERP.HYPERLIQUID,1771149900000,0.10689,0.10689,0.10683,0.10683,32616.0
XLM-USD-PERP.HYPERLIQUID,1771149900000,0.1773,0.17732,0.177,0.177,4566.0
XMR-USD-PERP.HYPERLIQUID,1771149900000,349.14,349.14,348.86,348.86,2.811
XPL-USD-PERP.HYPERLIQUID,1771149900000,0.10107,0.10107,0.10092,0.10092,2576.0
XRP-USD-PERP.HYPERLIQUID,1771149900000,1.5837,1.5848,1.582,1.582,9739.0
kFLOKI-USD-PERP.HYPERLIQUID,1771149900000,0.033864,0.033864,0.03382,0.03382,30783.0
kPEPE-USD-PERP.HYPERLIQUID,1771149900000,0.004779,0.004779,0.004766,0.004766,1909246.0
kSHIB-USD-PERP.HYPERLIQUID,1771149900000,0.006847,0.006847,0.00684,0.00684,58324.0
AR-USD-PERP.HYPERLIQUID,1771149900000,2.0629,2.0629,2.0623,2.0623,296.84
BCH-USD-PERP.HYPERLIQUID,1771149900000,559.65,559.65,559.65,559.65,1.0
BRETT-USD-PERP.HYPERLIQUID,1771149900000,0.008333,0.008333,0.008333,0.008333,8662.0
BTC-USD-PERP.HYPERLIQUID,1771149900000,70363.0,70374.0,70306.0,70306.0,2.37936
CRV-USD-PERP.HYPERLIQUID,1771149900000,0.25963,0.25963,0.25963,0.25963,913.1
DOGE-USD-PERP.HYPERLIQUID,1771149900000,0.11427,0.11427,0.114,0.114,47276.0
DYDX-USD-PERP.HYPERLIQUID,1771149900000,0.11165,0.11165,0.11162,0.11162,600.0
HYPER-USD-PERP.HYPERLIQUID,1771149900000,0.10534,0.10534,0.10534,0.10534,5000.0
IO-USD-PERP.HYPERLIQUID,1771149900000,0.11002,0.11002,0.11002,0.11002,5000.0
LTC-USD-PERP.HYPERLIQUID,1771149900000,56.092,56.092,56.01,56.01,7.92
MELANIA-USD-PERP.HYPERLIQUID,1771149900000,0.12424,0.12424,0.12406,0.12406,5758.7
MON-USD-PERP.HYPERLIQUID,1771149900000,0.023464,0.023464,0.023461,0.023461,124241.0
PENDLE-USD-PERP.HYPERLIQUID,1771149900000,1.2949,1.2949,1.2931,1.2931,1223.0
RUNE-USD-PERP.HYPERLIQUID,1771149900000,0.41645,0.41645,0.41645,0.41645,1000.0
SNX-USD-PERP.HYPERLIQUID,1771149900000,0.30577,0.30577,0.30517,0.30517,2503.6
TRX-USD-PERP.HYPERLIQUID,1771149900000,0.2809,0.28091,0.2809,0.2809,5033.0
ARK-USD-PERP.HYPERLIQUID,1771149900000,0.20091,0.20091,0.20091,0.20091,1000.0
AVAX-USD-PERP.HYPERLIQUID,1771149900000,9.5775,9.5775,9.5656,9.5658,181.25
BTC-USD-PERP.HYPERLIQUID,1771149900000,70363.0,70374.0,70298.0,70299.0,3.01637
ETH-USD-PERP.HYPERLIQUID,1771149900000,2066.7,2066.7,2063.5,2063.6,20.0947
FET-USD-PERP.HYPERLIQUID,1771149900000,0.17836,0.17836,0.17791,0.17791,6658.0
HYPE-USD-PERP.HYPERLIQUID,1771149900000,31.045,31.086,31.024,31.024,5304.95
MEME-USD-PERP.HYPERLIQUID,1771149900000,0.000752,0.000752,0.000752,0.000752,21723.0
MINA-USD-PERP.HYPERLIQUID,1771149900000,0.068114,0.068114,0.06805,0.068054,15163.0
MNT-USD-PERP.HYPERLIQUID,1771149900000,0.67249,0.67291,0.67228,0.67247,1984.7
SAGA-USD-PERP.HYPERLIQUID,1771149900000,0.03335,0.03335,0.03335,0.03335,10974.5
SOL-USD-PERP.HYPERLIQUID,1771149900000,89.81,89.81,89.647,89.659,4309.98
SUI-USD-PERP.HYPERLIQUID,1771149900000,1.0207,1.0207,1.0182,1.0182,130.7
XRP-USD-PERP.HYPERLIQUID,1771149900000,1.5837,1.5848,1.5816,1.5816,9803.0
ZEC-USD-PERP.HYPERLIQUID,1771149900000,309.56,309.56,309.02,309.02,5.2
kPEPE-USD-PERP.HYPERLIQUID,1771149900000,0.004779,0.004779,0.004765,0.004765,1914257.0
APEX-USD-PERP.HYPERLIQUID,1771149900000,0.36557,0.36557,0.36508,0.36508,3661.0
ETH-USD-PERP.HYPERLIQUID,1771149900000,2066.7,2066.7,2063.5,2063.9,21.0947
FET-USD-PERP.HYPERLIQUID,1771149900000,0.17836,0.17836,0.17791,0.17794,7016.0
NEAR-USD-PERP.HYPERLIQUID,1771149900000,1.0777,1.0777,1.0757,1.0757,118.0
OP-USD-PERP.HYPERLIQUID,1771149900000,0.19471,0.19471,0.19441,0.19442,3107.1
SUSHI-USD-PERP.HYPERLIQUID,1771149900000,0.21603,0.21603,0.21558,0.21558,2081.3
ZEC-USD-PERP.HYPERLIQUID,1771149900000,309.56,309.56,309.02,309.03,5.32
AR-USD-PERP.HYPERLIQUID,1771149900000,2.0629,2.0629,2.0623,2.0623,455.38
BERA-USD-PERP.HYPERLIQUID,1771149900000,0.66513,0.66513,0.66454,0.66454,1684.9
BLAST-USD-PERP.HYPERLIQUID,1771149900000,0.000639,0.000639,0.000639,0.000639,31100.0
BTC-USD-PERP.HYPERLIQUID,1771149900000,70363.0,70374.0,70298.0,70307.0,3.01867
PENGU-USD-PERP.HYPERLIQUID,1771149900000,0.007583,0.007583,0.00756,0.00756,18078.0
ZEC-USD-PERP.HYPERLIQUID,1771149900000,309.56,309.56,309.02,309.16,8.4
kNEIRO-USD-PERP.HYPERLIQUID,1771149900000,0.08039,0.08039,0.08039,0.08039,377.1
BTC-USD-PERP.HYPERLIQUID,1771149900000,70363.0,70374.0,70298.0,70311.0,3.04276
HBAR-USD-PERP.HYPERLIQUID,1771149900000,0.10334,0.10334,0.10318,0.10318,1120.0
LIT-USD-PERP.HYPERLIQUID,1771149900000,1.7089,1.7089,1.7072,1.7072,619.0
MAVIA-USD-PERP.HYPERLIQUID,1771149900000,0.03983,0.03983,0.03983,0.03983,1121.8
XPL-USD-PERP.HYPERLIQUID,1771149900000,0.10107,0.10107,0.10092,0.10092,5251.0
DOT-USD-PERP.HYPERLIQUID,1771149900000,1.412,1.412,1.4104,1.4104,189.3
SKY-USD-PERP.HYPERLIQUID,1771149900000,0.067517,0.067517,0.067517,0.067517,426.0
WIF-USD-PERP.HYPERLIQUID,1771149900000,0.24413,0.24413,0.24371,0.24371,6633.0
BTC-USD-PERP.HYPERLIQUID,1771149900000,70363.0,70374.0,70298.0,70312.0,3.04476
OM-USD-PERP.HYPERLIQUID,1771149900000,0.06166,0.06167,0.06161,0.06161,15551.7
SKR-USD-PERP.HYPERLIQUID,1771149900000,0.02264,0.022667,0.02264,0.022647,41592.0
SOL-USD-PERP.HYPERLIQUID,1771149900000,89.81,89.81,89.647,89.689,4310.11
ZEC-USD-PERP.HYPERLIQUID,1771149900000,309.56,309.56,309.02,309.17,10.14
XRP-USD-PERP.HYPERLIQUID,1771149900000,1.5837,1.5848,1.5816,1.5816,9866.0
APEX-USD-PERP.HYPERLIQUID,1771149900000,0.36557,0.36557,0.36492,0.36505,5428.0
BERA-USD-PERP.HYPERLIQUID,1771149900000,0.66513,0.66513,0.66454,0.66496,2841.1
DOT-USD-PERP.HYPERLIQUID,1771149900000,1.412,1.412,1.4098,1.4098,239.3
ENA-USD-PERP.HYPERLIQUID,1771149900000,0.12706,0.12706,0.12691,0.12691,836.0
HYPE-USD-PERP.HYPERLIQUID,1771149900000,31.045,31.086,31.024,31.041,5305.32
MNT-USD-PERP.HYPERLIQUID,1771149900000,0.67249,0.67291,0.67166,0.67166,3317.1
SYRUP-USD-PERP.HYPERLIQUID,1771149900000,0.2754,0.2754,0.27516,0.27516,269.0
TRUMP-USD-PERP.HYPERLIQUID,1771149900000,3.5125,3.5126,3.5125,3.5126,8.8
XRP-USD-PERP.HYPERLIQUID,1771149900000,1.5837,1.5848,1.5816,1.5816,10031.0
ZEC-USD-PERP.HYPERLIQUID,1771149900000,309.56,309.56,309.02,309.07,10.21
ZEN-USD-PERP.HYPERLIQUID,1771149900000,6.5304,6.5304,6.5304,6.5304,3.02
BTC-USD-PERP.HYPERLIQUID,1771149900000,70363.0,70374.0,70298.0,70314.0,3.04704
CC-USD-PERP.HYPERLIQUID,1771149900000,0.16054,0.16054,0.16053,0.16053,325.0
SOL-USD-PERP.HYPERLIQUID,1771149900000,89.81,89.81,89.647,89.694,4334.03
ASTER-USD-PERP.HYPERLIQUID,1771149900000,0.73211,0.73211,0.73181,0.73181,1060.0
BTC-USD-PERP.HYPERLIQUID,1771149900000,70363.0,70374.0,70298.0,70321.0,3.22745
LINK-USD-PERP.HYPERLIQUID,1771149900000,9.1043,9.1043,9.0966,9.0966,97.6
STRK-USD-PERP.HYPERLIQUID,1771149900000,0.05078,0.05078,0.05071,0.05071,1563.2
TAO-USD-PERP.HYPERLIQUID,1771149900000,188.69,188.71,188.54,188.71,2.658
TRX-USD-PERP.HYPERLIQUID,1771149900000,0.2809,0.28091,0.28088,0.28088,5252.0
XRP-USD-PERP.HYPERLIQUID,1771149900000,1.5837,1.5848,1.5816,1.5819,10853.0
ETH-USD-PERP.HYPERLIQUID,1771149900000,2066.7,2066.7,2063.5,2064.7,21.2051
FARTCOIN-USD-PERP.HYPERLIQUID,1771149900000,0.21089,0.21102,0.21072,0.21092,7850.4
NEAR-USD-PERP.HYPERLIQUID,1771149900000,1.0777,1.0777,1.0757,1.0766,138.5
PENGU-USD-PERP.HYPERLIQUID,1771149900000,0.007583,0.007583,0.00756,0.007562,29423.0
SUI-USD-PERP.HYPERLIQUID,1771149900000,1.0207,1.0207,1.0182,1.0187,1257.2
TAO-USD-PERP.HYPERLIQUID,1771149900000,188.69,188.71,188.54,188.71,4.87
XRP-USD-PERP.HYPERLIQUID,1771149900000,1.5837,1.5848,1.5816,1.582,13169.0
ZEC-USD-PERP.HYPERLIQUID,1771149900000,309.56,309.56,309.02,309.13,10.94
ATOM-USD-PERP.HYPERLIQUID,1771149900000,2.1693,2.1693,2.1643,2.1643,772.84
BTC-USD-PERP.HYPERLIQUID,1771149900000,70363.0,70374.0,70298.0,70322.0,3.25589
ETH-USD-PERP.HYPERLIQUID,1771149900000,2066.7,2066.7,2063.5,2064.7,21.2107
HYPE-USD-PERP.HYPERLIQUID,1771149900000,31.045,31.086,31.024,31.041,5331.49
TAO-USD-PERP.HYPERLIQUID,1771149900000,188.69,188.71,188.54,188.71,6.04
ADA-USD-PERP.HYPERLIQUID,1771149900000,0.29491,0.29491,0.29438,0.29439,9958.0
BTC-USD-PERP.HYPERLIQUID,1771149900000,70363.0,70374.0,70298.0,70322.0,3.25837
HEMI-USD-PERP.HYPERLIQUID,1771149900000,0.010426,0.010426,0.010426,0.010426,1691.0
BTC-USD-PERP.HYPERLIQUID,1771149900000,70363.0,70374.0,70298.0,70321.0,3.26481
ZEC-USD-PERP.HYPERLIQUID,1771149900000,309.56,309.56,309.02,309.17,11.6
kPEPE-USD-PERP.HYPERLIQUID,1771149900000,0.004779,0.004779,0.004765,0.004769,2331443.0
APT-USD-PERP.HYPERLIQUID,1771149900000,0.9693,0.9693,0.9674,0.9677,1443.74
BTC-USD-PERP.HYPERLIQUID,1771149900000,70363.0,70374.0,70298.0,70321.0,3.49108
ENS-USD-PERP.HYPERLIQUID,1771149900000,6.9037,6.9037,6.8961,6.8961,439.05
ETH-USD-PERP.HYPERLIQUID,1771149900000,2066.7,2066.7,2063.5,2064.5,26.2047
FET-USD-PERP.HYPERLIQUID,1771149900000,0.17836,0.17836,0.17791,0.17811,8012.0
SOL-USD-PERP.HYPERLIQUID,1771149900000,89.81,89.81,89.647,89.701,4459.14
UNI-USD-PERP.HYPERLIQUID,1771149900000,3.5807,3.5824,3.5803,3.5824,202.7
XMR-USD-PERP.HYPERLIQUID,1771149900000,349.14,349.14,348.61,348.61,4.203
XRP-USD-PERP.HYPERLIQUID,1771149900000,1.5837,1.5848,1.5814,1.5814,17112.0
ZEC-USD-PERP.HYPERLIQUID,1771149900000,309.56,309.56,309.02,309.21,17.14
kPEPE-USD-PERP.HYPERLIQUID,1771149900000,0.004779,0.004779,0.004765,0.004769,2780137.0
BTC-USD-PERP.HYPERLIQUID,1771149900000,70363.0,70374.0,70298.0,70321.0,3.5138
CAKE-USD-PERP.HYPERLIQUID,1771149900000,1.3477,1.3477,1.3455,1.3476,764.2
DOGE-USD-PERP.HYPERLIQUID,1771149900000,0.11427,0.11427,0.114,0.11413,51530.0
ZEC-USD-PERP.HYPERLIQUID,1771149900000,309.56,309.56,309.02,309.21,17.22
BTC-USD-PERP.HYPERLIQUID,1771149900000,70363.0,70374.0,70298.0,70322.0,3.51466
LIT-USD-PERP.HYPERLIQUID,1771149900000,1.7089,1.7089,1.7072,1.7072,629.0
XRP-USD-PERP.HYPERLIQUID,1771149900000,1.5837,1.5848,1.5813,1.5813,17126.0
AIXBT-USD-PERP.HYPERLIQUID,1771149900000,0.022042,0.022042,0.022039,0.022039,11517.0
BERA-USD-PERP.HYPERLIQUID,1771149900000,0.66513,0.66513,0.66454,0.66481,6593.1
BTC-USD-PERP.HYPERLIQUID,1771149900000,70363.0,70374.0,70298.0,70321.0,3.5431
COMP-USD-PERP.HYPERLIQUID,1771149900000,23.12,23.155,23.091,23.155,54.93
OM-USD-PERP.HYPERLIQUID,1771149900000,0.06166,0.06167,0.06161,0.06164,57253.5
XRP-USD-PERP.HYPERLIQUID,1771149900000,1.5837,1.5848,1.581,1.581,22140.0
ZEC-USD-PERP.HYPERLIQUID,1771149900000,309.56,309.56,309.02,309.2,17.93
BCH-USD-PERP.HYPERLIQUID,1771149900000,559.65,559.65,559.61,559.61,1.02
BRETT-USD-PERP.HYPERLIQUID,1771149900000,0.008333,0.008344,0.008333,0.008344,10825.0
BTC-USD-PERP.HYPERLIQUID,1771149900000,70363.0,70374.0,70298.0,70322.0,3.5461
CAKE-USD-PERP.HYPERLIQUID,1771149900000,1.3477,1.3477,1.3455,1.3476,775.8
ETH-USD-PERP.HYPERLIQUID,1771149900000,2066.7,2066.7,2063.5,2063.8,176.3532
LINK-USD-PERP.HYPERLIQUID,1771149900000,9.1043,9.1043,9.0952,9.0952,99.4
SOL-USD-PERP.HYPERLIQUID,1771149900000,89.81,89.81,89.647,89.69,4459.26
BTC-USD-PERP.HYPERLIQUID,1771149900000,70363.0,70374.0,70298.0,70321.0,4.95628
CFX-USD-PERP.HYPERLIQUID,1771149900000,0.056556,0.056556,0.056556,0.056556,331.0
DOGE-USD-PERP.HYPERLIQUID,1771149900000,0.11427,0.11427,0.114,0.11411,51958.0
ETH-USD-PERP.HYPERLIQUID,1771149900000,2066.7,2066.7,2063.5,2063.8,176.36
IMX-USD-PERP.HYPERLIQUID,1771149900000,0.17406,0.17406,0.17393,0.17393,340.9
NEAR-USD-PERP.HYPERLIQUID,1771149900000,1.0777,1.0777,1.0757,1.0766,151.8
SOL-USD-PERP.HYPERLIQUID,1771149900000,89.81,89.81,89.647,89.693,4461.8
TAO-USD-PERP.HYPERLIQUID,1771149900000,188.69,188.71,188.54,188.69,6.713
TRX-USD-PERP.HYPERLIQUID,1771149900000,0.2809,0.28091,0.28085,0.28085,5964.0
XRP-USD-PERP.HYPERLIQUID,1771149900000,1.5837,1.5848,1.5802,1.5804,30698.0
ONDO-USD-PERP.HYPERLIQUID,1771149900000,0.287,0.287,0.28647,0.28658,7201.0
OP-USD-PERP.HYPERLIQUID,1771149900000,0.19471,0.19471,0.19441,0.19453,3183.5
ALGO-USD-PERP.HYPERLIQUID,1771149900000,0.098767,0.098767,0.098672,0.098672,1086.0
BIO-USD-PERP.HYPERLIQUID,1771149900000,0.025455,0.025455,0.025455,0.025455,643.0
OM-USD-PERP.HYPERLIQUID,1771149900000,0.06166,0.06167,0.06161,0.06167,72253.5
VVV-USD-PERP.HYPERLIQUID,1771149900000,3.9395,3.9395,3.9322,3.9367,1520.29
XPL-USD-PERP.HYPERLIQUID,1771149900000,0.10107,0.10107,0.10092,0.101,12041.0
AVAX-USD-PERP.HYPERLIQUID,1771149900000,9.5775,9.5775,9.5656,9.5675,240.23
LTC-USD-PERP.HYPERLIQUID,1771149900000,56.092,56.092,56.01,56.024,8.11
NEAR-USD-PERP.HYPERLIQUID,1771149900000,1.0777,1.0777,1.0757,1.0766,178.7
SUI-USD-PERP.HYPERLIQUID,1771149900000,1.0207,1.0207,1.0182,1.0186,1847.5
TRUMP-USD-PERP.HYPERLIQUID,1771149900000,3.5125,3.5132,3.5125,3.5132,28.0
VVV-USD-PERP.HYPERLIQUID,1771149900000,3.9395,3.9395,3.9283,3.9283,1525.14
XPL-USD-PERP.HYPERLIQUID,1771149900000,0.10107,0.10107,0.10092,0.10099,21755.0
XRP-USD-PERP.HYPERLIQUID,1771149900000,1.5837,1.5848,1.5802,1.581,30706.0
AAVE-USD-PERP.HYPERLIQUID,1771149900000,129.21,129.21,129.06,129.12,6.31
BTC-USD-PERP.HYPERLIQUID,1771149900000,70363.0,70374.0,70298.0,70318.0,4.95778
KAITO-USD-PERP.HYPERLIQUID,1771149900000,0.32591,0.32591,0.32591,0.32591,50.0
SOL-USD-PERP.HYPERLIQUID,1771149900000,89.81,89.81,89.647,89.682,4465.14
SUI-USD-PERP.HYPERLIQUID,1771149900000,1.0207,1.0207,1.0182,1.0185,1951.3
TRX-USD-PERP.HYPERLIQUID,1771149900000,0.2809,0.28091,0.28085,0.28086,6700.0
XPL-USD-PERP.HYPERLIQUID,1771149900000,0.10107,0.10107,0.10092,0.101,30952.0
DOGE-USD-PERP.HYPERLIQUID,1771149900000,0.11427,0.11427,0.114,0.1141,55066.0
XRP-USD-PERP.HYPERLIQUID,1771149900000,1.5837,1.5848,1.5802,1.5805,30745.0
AAVE-USD-PERP.HYPERLIQUID,1771149900000,129.21,129.21,129.06,129.09,11.31
DASH-USD-PERP.HYPERLIQUID,1771149900000,39.786,39.786,39.753,39.753,82.92
ETH-USD-PERP.HYPERLIQUID,1771149900000,2066.7,2066.7,2063.5,2063.9,176.3659
ETH-USD-PERP.HYPERLIQUID,1771149900000,2066.7,2066.7,2063.5,2063.9,176.7659
BTC-USD-PERP.HYPERLIQUID,1771149900000,70363.0,70374.0,70298.0,70319.0,4.98622
LIT-USD-PERP.HYPERLIQUID,1771149900000,1.7089,1.7089,1.706,1.706,1174.0
SOL-USD-PERP.HYPERLIQUID,1771149900000,89.81,89.81,89.647,89.692,4465.42
ETC-USD-PERP.HYPERLIQUID,1771149900000,9.0341,9.0341,9.0259,9.0259,15.01
VVV-USD-PERP.HYPERLIQUID,1771149900000,3.9395,3.9395,3.9283,3.9336,1530.05
ALGO-USD-PERP.HYPERLIQUID,1771149900000,0.098767,0.098767,0.098672,0.098672,1403.0
BTC-USD-PERP.HYPERLIQUID,1771149900000,70363.0,70374.0,70298.0,70319.0,4.99249
HYPE-USD-PERP.HYPERLIQUID,1771149900000,31.045,31.086,31.024,31.039,5331.86
S-USD-PERP.HYPERLIQUID,1771149900000,0.049787,0.049822,0.049787,0.049822,22270.0
ARB-USD-PERP.HYPERLIQUID,1771149900000,0.11877,0.11878,0.11858,0.11866,1183.9
BNB-USD-PERP.HYPERLIQUID,1771149900000,629.81,629.81,629.03,629.29,2.334
BTC-USD-PERP.HYPERLIQUID,1771149900000,70363.0,70374.0,70298.0,70315.0,4.9959
CC-USD-PERP.HYPERLIQUID,1771149900000,0.16054,0.16054,0.16049,0.16049,673.0
CRV-USD-PERP.HYPERLIQUID,1771149900000,0.25963,0.25965,0.25963,0.25965,2194.8
DOT-USD-PERP.HYPERLIQUID,1771149900000,1.412,1.412,1.4098,1.4102,251.4
ETH-USD-PERP.HYPERLIQUID,1771149900000,2066.7,2066.7,2063.5,2063.9,181.8875
HYPE-USD-PERP.HYPERLIQUID,1771149900000,31.045,31.086,31.024,31.032,5416.03
LINK-USD-PERP.HYPERLIQUID,1771149900000,9.1043,9.1043,9.0946,9.0946,101.6
ME-USD-PERP.HYPERLIQUID,1771149900000,0.14882,0.14882,0.14882,0.14882,117.6
ONDO-USD-PERP.HYPERLIQUID,1771149900000,0.287,0.287,0.28647,0.2866,7245.0
kPEPE-USD-PERP.HYPERLIQUID,1771149900000,0.004779,0.004779,0.004765,0.004768,2833163.0
BTC-USD-PERP.HYPERLIQUID,1771149900000,70363.0,70374.0,70298.0,70314.0,4.99677
DOGE-USD-PERP.HYPERLIQUID,1771149900000,0.11427,0.11427,0.114,0.11409,58573.0
ETH-USD-PERP.HYPERLIQUID,1771149900000,2066.7,2066.7,2063.5,2063.6,181.9765
FET-USD-PERP.HYPERLIQUID,1771149900000,0.17836,0.17836,0.17791,0.17811,9008.0
SOL-USD-PERP.HYPERLIQUID,1771149900000,89.81,89.81,89.647,89.672,4465.62
TON-USD-PERP.HYPERLIQUID,1771149900000,1.4766,1.4766,1.4766,1.4766,19.1
ZEC-USD-PERP.HYPERLIQUID,1771149900000,309.56,309.56,309.02,309.09,17.98
BTC-USD-PERP.HYPERLIQUID,1771149900000,70363.0,70374.0,70298.0,70313.0,5.02521
COMP-USD-PERP.HYPERLIQUID,1771149900000,23.12,23.155,23.086,23.086,59.25
ETH-USD-PERP.HYPERLIQUID,1771149900000,2066.7,2066.7,2063.5,2063.9,181.9835
LTC-USD-PERP.HYPERLIQUID,1771149900000,56.092,56.092,56.01,56.02,8.32
kLUNC-USD-PERP.HYPERLIQUID,1771149900000,0.036744,0.036744,0.036744,0.036744,590.0
DOT-USD-PERP.HYPERLIQUID,1771149900000,1.412,1.412,1.4098,1.4101,268.3
ETH-USD-PERP.HYPERLIQUID,1771149900000,2066.7,2066.7,2063.5,2063.9,182.0921
ZEC-USD-PERP.HYPERLIQUID,1771149900000,309.56,309.56,309.02,309.05,21.92
BTC-USD-PERP.HYPERLIQUID,1771149900000,70363.0,70374.0,70298.0,70313.0,5.02581
CRV-USD-PERP.HYPERLIQUID,1771149900000,0.25963,0.25966,0.25963,0.25966,4121.2
MNT-USD-PERP.HYPERLIQUID,1771149900000,0.67249,0.67291,0.67166,0.67238,3344.1
NEO-USD-PERP.HYPERLIQUID,1771149900000,2.9125,2.9125,2.9086,2.9086,13.14
ZEC-USD-PERP.HYPERLIQUID,1771149900000,309.56,309.56,309.02,309.05,22.69
BTC-USD-PERP.HYPERLIQUID,1771149900000,70363.0,70374.0,70298.0,70313.0,5.02731
POLYX-USD-PERP.HYPERLIQUID,1771149900000,0.046489,0.046489,0.046489,0.046489,567.0
SUI-USD-PERP.HYPERLIQUID,1771149900000,1.0207,1.0207,1.0182,1.0183,2055.1
WLD-USD-PERP.HYPERLIQUID,1771149900000,0.42295,0.42295,0.4226,0.4226,634.7
XRP-USD-PERP.HYPERLIQUID,1771149900000,1.5837,1.5848,1.5802,1.5803,31098.0
BTC-USD-PERP.HYPERLIQUID,1771149900000,70363.0,70374.0,70298.0,70312.0,5.03059
ARB-USD-PERP.HYPERLIQUID,1771149900000,0.11877,0.11878,0.11858,0.11863,1729.7
DYDX-USD-PERP.HYPERLIQUID,1771149900000,0.11165,0.11165,0.11161,0.11161,2144.7
ETH-USD-PERP.HYPERLIQUID,1771149900000,2066.7,2066.7,2063.4,2063.4,187.23
NEAR-USD-PERP.HYPERLIQUID,1771149900000,1.0777,1.0777,1.0757,1.0766,258.7
POL-USD-PERP.HYPERLIQUID,1771149900000,0.10958,0.10958,0.10941,0.10941,5702.0
PURR-USD-PERP.HYPERLIQUID,1771149900000,0.07175,0.07175,0.07175,0.07175,274.0
VIRTUAL-USD-PERP.HYPERLIQUID,1771149900000,0.67374,0.67374,0.67262,0.67262,1076.6
XRP-USD-PERP.HYPERLIQUID,1771149900000,1.5837,1.5848,1.5802,1.5805,32386.0
ARB-USD-PERP.HYPERLIQUID,1771149900000,0.11877,0.11878,0.11858,0.11862,2043.7
DOT-USD-PERP.HYPERLIQUID,1771149900000,1.412,1.412,1.4097,1.4097,1094.8
HYPE-USD-PERP.HYPERLIQUID,1771149900000,31.045,31.086,31.024,31.029,5418.06
OP-USD-PERP.HYPERLIQUID,1771149900000,0.19471,0.19471,0.19441,0.19448,3252.6
PUMP-USD-PERP.HYPERLIQUID,1771149900000,0.00229,0.00229,0.002284,0.002286,555194.0
XRP-USD-PERP.HYPERLIQUID,1771149900000,1.5837,1.5848,1.5802,1.5808,37885.0
ETHFI-USD-PERP.HYPERLIQUID,1771149900000,0.49522,0.49523,0.49512,0.49523,445.2
IMX-USD-PERP.HYPERLIQUID,1771149900000,0.17406,0.17406,0.17376,0.17376,440.4
PENDLE-USD-PERP.HYPERLIQUID,1771149900000,1.2949,1.2949,1.2927,1.2927,1463.0
ETH-USD-PERP.HYPERLIQUID,1771149900000,2066.7,2066.7,2063.3,2063.3,192.3096
KAITO-USD-PERP.HYPERLIQUID,1771149900000,0.32591,0.32591,0.32563,0.32563,357.0
NEO-USD-PERP.HYPERLIQUID,1771149900000,2.9125,2.9125,2.9086,2.9092,47.45
VIRTUAL-USD-PERP.HYPERLIQUID,1771149900000,0.67374,0.67374,0.67262,0.67272,2269.6
XRP-USD-PERP.HYPERLIQUID,1771149900000,1.5837,1.5848,1.5802,1.5803,38773.0
BTC-USD-PERP.HYPERLIQUID,1771149900000,70363.0,70374.0,70298.0,70303.0,5.03472
CAKE-USD-PERP.HYPERLIQUID,1771149900000,1.3477,1.3477,1.3455,1.3476,827.0
DOT-USD-PERP.HYPERLIQUID,1771149900000,1.412,1.412,1.4096,1.4096,1219.5
ETC-USD-PERP.HYPERLIQUID,1771149900000,9.0341,9.0341,9.0254,9.0254,16.56
ETH-USD-PERP.HYPERLIQUID,1771149900000,2066.7,2066.7,2062.8,2062.8,192.5774
GMX-USD-PERP.HYPERLIQUID,1771149900000,6.6618,6.6618,6.6618,6.6618,2.36
HYPE-USD-PERP.HYPERLIQUID,1771149900000,31.045,31.086,31.02,31.02,5435.46
LTC-USD-PERP.HYPERLIQUID,1771149900000,56.092,56.092,56.008,56.008,8.54
SOL-USD-PERP.HYPERLIQUID,1771149900000,89.81,89.81,89.631,89.631,4490.69
SUI-USD-PERP.HYPERLIQUID,1771149900000,1.0207,1.0207,1.0181,1.0181,2324.8
BCH-USD-PERP.HYPERLIQUID,1771149900000,559.65,559.65,559.6,559.6,1.039
BNB-USD-PERP.HYPERLIQUID,1771149900000,629.81,629.81,629.03,629.04,2.352
ETC-USD-PERP.HYPERLIQUID,1771149900000,9.0341,9.0341,9.0119,9.0119,22.1
ETH-USD-PERP.HYPERLIQUID,1771149900000,2066.7,2066.7,2062.8,2062.8,192.6194
FARTCOIN-USD-PERP.HYPERLIQUID,1771149900000,0.21089,0.21102,0.2106,0.2106,7933.0
WLD-USD-PERP.HYPERLIQUID,1771149900000,0.42295,0.42295,0.42246,0.42246,734.7
XRP-USD-PERP.HYPERLIQUID,1771149900000,1.5837,1.5848,1.58,1.58,40997.0
kPEPE-USD-PERP.HYPERLIQUID,1771149900000,0.004779,0.004779,0.004761,0.004761,2912412.0
ADA-USD-PERP.HYPERLIQUID,1771149900000,0.29491,0.29491,0.29418,0.29418,10245.0
ALGO-USD-PERP.HYPERLIQUID,1771149900000,0.098767,0.098767,0.098602,0.098615,6773.0
APEX-USD-PERP.HYPERLIQUID,1771149900000,0.36557,0.36557,0.36492,0.36492,7884.0
AVAX-USD-PERP.HYPERLIQUID,1771149900000,9.5775,9.5775,9.5622,9.5622,243.23
BLUR-USD-PERP.HYPERLIQUID,1771149900000,0.022158,0.022158,0.022124,0.022124,53157.0
BNB-USD-PERP.HYPERLIQUID,1771149900000,629.81,629.81,628.75,628.75,3.572
BRETT-USD-PERP.HYPERLIQUID,1771149900000,0.008333,0.008344,0.008312,0.008312,33839.0
BTC-USD-PERP.HYPERLIQUID,1771149900000,70363.0,70374.0,70292.0,70292.0,5.6807
CRV-USD-PERP.HYPERLIQUID,1771149900000,0.25963,0.25966,0.25957,0.25957,4871.2
DOGE-USD-PERP.HYPERLIQUID,1771149900000,0.11427,0.11427,0.11394,0.11394,84397.0
DOT-USD-PERP.HYPERLIQUID,1771149900000,1.412,1.412,1.4088,1.4088,2388.4
DYDX-USD-PERP.HYPERLIQUID,1771149900000,0.11165,0.11165,0.11155,0.11155,3698.6
ETC-USD-PERP.HYPERLIQUID,1771149900000,9.0341,9.0341,9.0119,9.0119,33.18
ETH-USD-PERP.HYPERLIQUID,1771149900000,2066.7,2066.7,2062.2,2062.5,192.8717
FARTCOIN-USD-PERP.HYPERLIQUID,1771149900000,0.21089,0.21102,0.21048,0.21048,16251.4
FET-USD-PERP.HYPERLIQUID,1771149900000,0.17836,0.17836,0.17791,0.17807,9191.0
HYPE-USD-PERP.HYPERLIQUID,1771149900000,31.045,31.086,31.011,31.011,5475.25
IO-USD-PERP.HYPERLIQUID,1771149900000,0.11002,0.11002,0.10984,0.10984,16503.8
LDO-USD-PERP.HYPERLIQUID,1771149900000,0.35491,0.35491,0.35489,0.35489,1183.3
LINK-USD-PERP.HYPERLIQUID,1771149900000,9.1043,9.1043,9.0903,9.0903,135.5
LIT-USD-PERP.HYPERLIQUID,1771149900000,1.7089,1.7089,1.7056,1.7056,1181.0
LTC-USD-PERP.HYPERLIQUID,1771149900000,56.092,56.092,55.99,55.99,9.2
MELANIA-USD-PERP.HYPERLIQUID,1771149900000,0.12424,0.12424,0.12404,0.12404,10724.4
NEAR-USD-PERP.HYPERLIQUID,1771149900000,1.0777,1.0777,1.0757,1.0757,276.8
PENDLE-USD-PERP.HYPERLIQUID,1771149900000,1.2949,1.2949,1.2918,1.2918,1623.0
PNUT-USD-PERP.HYPERLIQUID,1771149900000,0.05269,0.05269,0.05268,0.05268,23860.2
RENDER-USD-PERP.HYPERLIQUID,1771149900000,1.4766,1.4766,1.4759,1.4759,424.8
SAND-USD-PERP.HYPERLIQUID,1771149900000,0.091361,0.091361,0.091254,0.091254,5795.0
SEI-USD-PERP.HYPERLIQUID,1771149900000,0.077596,0.077596,0.077563,0.077563,304.0
SOL-USD-PERP.HYPERLIQUID,1771149900000,89.81,89.81,89.62,89.62,4495.53
SUI-USD-PERP.HYPERLIQUID,1771149900000,1.0207,1.0207,1.0176,1.0176,2874.5
TIA-USD-PERP.HYPERLIQUID,1771149900000,0.35397,0.35397,0.35351,0.35351,276.7
UMA-USD-PERP.HYPERLIQUID,1771149900000,0.5167,0.5167,0.5167,0.5167,123.3
WIF-USD-PERP.HYPERLIQUID,1771149900000,0.24413,0.24413,0.24345,0.24345,6679.0
WLD-USD-PERP.HYPERLIQUID,1771149900000,0.42295,0.42295,0.42229,0.42229,2653.3
WLFI-USD-PERP.HYPERLIQUID,1771149900000,0.10689,0.10689,0.10683,0.10684,32876.0
XRP-USD-PERP.HYPERLIQUID,1771149900000,1.5837,1.5848,1.5793,1.5793,53136.0
ZEC-USD-PERP.HYPERLIQUID,1771149900000,309.56,309.56,309.01,309.01,22.75
kPEPE-USD-PERP.HYPERLIQUID,1771149900000,0.004779,0.004779,0.004742,0.004742,7010709.0
kSHIB-USD-PERP.HYPERLIQUID,1771149900000,0.006847,0.006847,0.006836,0.006836,115317.0
ADA-USD-PERP.HYPERLIQUID,1771149900000,0.29491,0.29491,0.29408,0.29408,10296.0
BTC-USD-PERP.HYPERLIQUID,1771149900000,70363.0,70374.0,70290.0,70291.0,5.92849
DOT-USD-PERP.HYPERLIQUID,1771149900000,1.412,1.412,1.4088,1.4092,2453.0
ETH-USD-PERP.HYPERLIQUID,1771149900000,2066.7,2066.7,2062.2,2062.2,192.8985
GOAT-USD-PERP.HYPERLIQUID,1771149900000,0.024868,0.024868,0.024868,0.024868,701.0
GRIFFAIN-USD-PERP.HYPERLIQUID,1771149900000,0.010288,0.010288,0.010288,0.010288,1469.0
HYPE-USD-PERP.HYPERLIQUID,1771149900000,31.045,31.086,31.006,31.006,5563.73
LINK-USD-PERP.HYPERLIQUID,1771149900000,9.1043,9.1043,9.086,9.086,148.3
MET-USD-PERP.HYPERLIQUID,1771149900000,0.23045,0.23045,0.23017,0.23017,3686.0
MORPHO-USD-PERP.HYPERLIQUID,1771149900000,1.4155,1.4155,1.4155,1.4155,49.5
RENDER-USD-PERP.HYPERLIQUID,1771149900000,1.4766,1.4766,1.4759,1.4762,432.2
SPX-USD-PERP.HYPERLIQUID,1771149900000,0.33076,0.33076,0.33013,0.33013,13287.6
WLD-USD-PERP.HYPERLIQUID,1771149900000,0.42295,0.42295,0.42229,0.42234,2769.5
XRP-USD-PERP.HYPERLIQUID,1771149900000,1.5837,1.5848,1.5787,1.5794,74312.0
ZEC-USD-PERP.HYPERLIQUID,1771149900000,309.56,309.56,308.89,308.89,22.79
kFLOKI-USD-PERP.HYPERLIQUID,1771149900000,0.033864,0.033864,0.033777,0.033777,50272.0
kPEPE-USD-PERP.HYPERLIQUID,1771149900000,0.004779,0.004779,0.004741,0.004741,7082964.0
AZTEC-USD-PERP.HYPERLIQUID,1771149900000,0.023675,0.023675,0.023675,0.023675,681.0
BTC-USD-PERP.HYPERLIQUID,1771149900000,70363.0,70374.0,70290.0,70290.0,5.92962
CAKE-USD-PERP.HYPERLIQUID,1771149900000,1.3477,1.3477,1.3455,1.3475,838.8
GRIFFAIN-USD-PERP.HYPERLIQUID,1771149900000,0.010288,0.010288,0.010288,0.010288,5710.0
HYPE-USD-PERP.HYPERLIQUID,1771149900000,31.045,31.086,31.006,31.013,5576.93
MAVIA-USD-PERP.HYPERLIQUID,1771149900000,0.03983,0.03983,0.03978,0.03978,1584.3
NIL-USD-PERP.HYPERLIQUID,1771149900000,0.054816,0.054816,0.054811,0.054811,941.0
ORDI-USD-PERP.HYPERLIQUID,1771149900000,2.8943,2.8943,2.8943,2.8943,12.71
PAXG-USD-PERP.HYPERLIQUID,1771149900000,5037.6,5037.6,5037.6,5037.6,0.004
WIF-USD-PERP.HYPERLIQUID,1771149900000,0.24413,0.24413,0.24334,0.24334,7549.0
XRP-USD-PERP.HYPERLIQUID,1771149900000,1.5837,1.5848,1.5787,1.5796,74319.0
ZEC-USD-PERP.HYPERLIQUID,1771149900000,309.56,309.56,308.89,309.02,22.91
ZETA-USD-PERP.HYPERLIQUID,1771149900000,0.0576,0.0576,0.0576,0.0576,257.7
ARB-USD-PERP.HYPERLIQUID,1771149900000,0.11877,0.11878,0.11856,0.11856,2213.0
BTC-USD-PERP.HYPERLIQUID,1771149900000,70363.0,70374.0,70290.0,70290.0,8.92962
DOGE-USD-PERP.HYPERLIQUID,1771149900000,0.11427,0.11427,0.11394,0.11397,84493.0
NEAR-USD-PERP.HYPERLIQUID,1771149900000,1.0777,1.0777,1.0757,1.0757,428.1
XRP-USD-PERP.HYPERLIQUID,1771149900000,1.5837,1.5848,1.5787,1.5789,90072.0
ZEC-USD-PERP.HYPERLIQUID,1771149900000,309.56,309.56,308.89,309.02,23.03
kBONK-USD-PERP.HYPERLIQUID,1771149900000,0.006955,0.006955,0.006929,0.006929,4770.0
kPEPE-USD-PERP.HYPERLIQUID,1771149900000,0.004779,0.004779,0.004741,0.004749,7575508.0
APEX-USD-PERP.HYPERLIQUID,1771149900000,0.36557,0.36557,0.36492,0.36516,8237.0
AR-USD-PERP.HYPERLIQUID,1771149900000,2.0629,2.0629,2.0617,2.0617,626.14
HYPE-USD-PERP.HYPERLIQUID,1771149900000,31.045,31.086,31.006,31.024,5577.3
LDO-USD-PERP.HYPERLIQUID,1771149900000,0.35491,0.35491,0.35489,0.3549,3030.5
MNT-USD-PERP.HYPERLIQUID,1771149900000,0.67249,0.67291,0.67166,0.67182,5078.8
ONDO-USD-PERP.HYPERLIQUID,1771149900000,0.287,0.287,0.28639,0.28639,7295.0
kPEPE-USD-PERP.HYPERLIQUID,1771149900000,0.004779,0.004779,0.004741,0.004749,11124922.0
BTC-USD-PERP.HYPERLIQUID,1771149900000,70363.0,70374.0,70289.0,70289.0,8.92978
DOT-USD-PERP.HYPERLIQUID,1771149900000,1.412,1.412,1.4088,1.4088,2783.3
ETH-USD-PERP.HYPERLIQUID,1771149900000,2066.7,2066.7,2062.2,2062.7,192.9293
FET-USD-PERP.HYPERLIQUID,1771149900000,0.17836,0.17836,0.1779,0.1779,10187.0
LTC-USD-PERP.HYPERLIQUID,1771149900000,56.092,56.092,55.985,55.985,9.55
ARB-USD-PERP.HYPERLIQUID,1771149900000,0.11877,0.11878,0.11852,0.11852,2321.7
BTC-USD-PERP.HYPERLIQUID,1771149900000,70363.0,70374.0,70288.0,70288.0,8.95822
CAKE-USD-PERP.HYPERLIQUID,1771149900000,1.3477,1.3477,1.3455,1.3475,850.0
HBAR-USD-PERP.HYPERLIQUID,1771149900000,0.10334,0.10334,0.103,0.103,33106.0
HYPE-USD-PERP.HYPERLIQUID,1771149900000,31.045,31.086,31.006,31.018,5594.35
MNT-USD-PERP.HYPERLIQUID,1771149900000,0.67249,0.67291,0.67166,0.67229,5216.2
OP-USD-PERP.HYPERLIQUID,1771149900000,0.19471,0.19471,0.19434,0.19434,3309.9
XMR-USD-PERP.HYPERLIQUID,1771149900000,349.14,349.14,348.31,348.31,5.209
ZEC-USD-PERP.HYPERLIQUID,1771149900000,309.56,309.56,308.89,309.02,23.08
kBONK-USD-PERP.HYPERLIQUID,1771149900000,0.006955,0.006955,0.006927,0.006927,6320.0
kNEIRO-USD-PERP.HYPERLIQUID,1771149900000,0.08039,0.08039,0.08039,0.08039,734.6
BNB-USD-PERP.HYPERLIQUID,1771149900000,629.81,629.81,628.75,628.89,3.667
BTC-USD-PERP.HYPERLIQUID,1771149900000,70363.0,70374.0,70288.0,70288.0,8.95982
COMP-USD-PERP.HYPERLIQUID,1771149900000,23.12,23.155,23.056,23.056,62.33
DOGE-USD-PERP.HYPERLIQUID,1771149900000,0.11427,0.11427,0.11393,0.11393,84977.0
DOT-USD-PERP.HYPERLIQUID,1771149900000,1.412,1.412,1.4088,1.4088,3113.6
FET-USD-PERP.HYPERLIQUID,1771149900000,0.17836,0.17836,0.1779,0.17805,10266.0
KAS-USD-PERP.HYPERLIQUID,1771149900000,0.033151,0.033151,0.033151,0.033151,478.0
SOL-USD-PERP.HYPERLIQUID,1771149900000,89.81,89.81,89.607,89.607,4497.63
WLD-USD-PERP.HYPERLIQUID,1771149900000,0.42295,0.42295,0.42229,0.4223,2799.5
kPEPE-USD-PERP.HYPERLIQUID,1771149900000,0.004779,0.004779,0.004739,0.004739,12424725.0
BTC-USD-PERP.HYPERLIQUID,1771149900000,70363.0,70374.0,70288.0,70289.0,8.96082
ETH-USD-PERP.HYPERLIQUID,1771149900000,2066.7,2066.7,2062.2,2062.6,242.5719
KAS-USD-PERP.HYPERLIQUID,1771149900000,0.033151,0.033151,0.033151,0.033151,1709.0
LTC-USD-PERP.HYPERLIQUID,1771149900000,56.092,56.092,55.974,55.974,9.81
ZEC-USD-PERP.HYPERLIQUID,1771149900000,309.56,309.56,308.89,309.02,24.23
kPEPE-USD-PERP.HYPERLIQUID,1771149900000,0.004779,0.004779,0.004739,0.00474,12862252.0
ARB-USD-PERP.HYPERLIQUID,1771149900000,0.11877,0.11878,0.11851,0.11851,2452.8
FARTCOIN-USD-PERP.HYPERLIQUID,1771149900000,0.21089,0.21102,0.21048,0.21056,16306.7
HYPE-USD-PERP.HYPERLIQUID,1771149900000,31.045,31.086,31.006,31.021,5595.38
ZEC-USD-PERP.HYPERLIQUID,1771149900000,309.56,309.56,308.89,309.02,24.36
BTC-USD-PERP.HYPERLIQUID,1771149900000,70363.0,70374.0,70283.0,70283.0,9.01118
HYPE-USD-PERP.HYPERLIQUID,1771149900000,31.045,31.086,31.006,31.011,5598.38
SAND-USD-PERP.HYPERLIQUID,1771149900000,0.091361,0.091361,0.091235,0.091235,7725.0
XRP-USD-PERP.HYPERLIQUID,1771149900000,1.5837,1.5848,1.5785,1.5785,90127.0
kPEPE-USD-PERP.HYPERLIQUID,1771149900000,0.004779,0.004779,0.004737,0.004737,15281653.0
ETH-USD-PERP.HYPERLIQUID,1771149900000,2066.7,2066.7,2062.2,2062.5,242.5775
HYPE-USD-PERP.HYPERLIQUID,1771149900000,31.045,31.086,31.006,31.017,5599.19
XRP-USD-PERP.HYPERLIQUID,1771149900000,1.5837,1.5848,1.5785,1.5786,98758.0
AR-USD-PERP.HYPERLIQUID,1771149900000,2.0629,2.0629,2.0617,2.0617,736.66
DOGE-USD-PERP.HYPERLIQUID,1771149900000,0.11427,0.11427,0.11392,0.11392,85074.0
DOT-USD-PERP.HYPERLIQUID,1771149900000,1.412,1.412,1.4087,1.4087,3139.7
DYDX-USD-PERP.HYPERLIQUID,1771149900000,0.11165,0.11165,0.11149,0.11149,3798.6
ETH-USD-PERP.HYPERLIQUID,1771149900000,2066.7,2066.7,2062.2,2062.3,242.8188
HYPE-USD-PERP.HYPERLIQUID,1771149900000,31.045,31.086,31.004,31.004,5652.59
MNT-USD-PERP.HYPERLIQUID,1771149900000,0.67249,0.67291,0.67166,0.67229,5232.0
OP-USD-PERP.HYPERLIQUID,1771149900000,0.19471,0.19471,0.19434,0.19434,4000.9
XRP-USD-PERP.HYPERLIQUID,1771149900000,1.5837,1.5848,1.5774,1.5774,107537.0
ZEC-USD-PERP.HYPERLIQUID,1771149900000,309.56,309.56,308.88,308.88,24.4
ZRO-USD-PERP.HYPERLIQUID,1771149900000,1.8728,1.873,1.8672,1.8672,1729.3
ADA-USD-PERP.HYPERLIQUID,1771149900000,0.29491,0.29491,0.29406,0.29406,10334.0
ASTER-USD-PERP.HYPERLIQUID,1771149900000,0.73211,0.73211,0.7311,0.7311,1098.0
BTC-USD-PERP.HYPERLIQUID,1771149900000,70363.0,70374.0,70283.0,70284.0,9.01134
DASH-USD-PERP.HYPERLIQUID,1771149900000,39.786,39.786,39.745,39.745,83.19
DOGE-USD-PERP.HYPERLIQUID,1771149900000,0.11427,0.11427,0.1139,0.1139,88109.0
DOOD-USD-PERP.HYPERLIQUID,1771149900000,0.003879,0.003879,0.003879,0.003879,4814.0
DOT-USD-PERP.HYPERLIQUID,1771149900000,1.412,1.412,1.4085,1.4085,3380.1
ETH-USD-PERP.HYPERLIQUID,1771149900000,2066.7,2066.7,2062.1,2062.1,247.9422
LINK-USD-PERP.HYPERLIQUID,1771149900000,9.1043,9.1043,9.0846,9.0846,152.4
LIT-USD-PERP.HYPERLIQUID,1771149900000,1.7089,1.7089,1.7048,1.7048,1187.0
MORPHO-USD-PERP.HYPERLIQUID,1771149900000,1.4155,1.4155,1.415,1.415,283.6
NEAR-USD-PERP.HYPERLIQUID,1771149900000,1.0777,1.0777,1.075,1.075,1789.4
OM-USD-PERP.HYPERLIQUID,1771149900000,0.06166,0.06169,0.06161,0.06169,74453.5
SKY-USD-PERP.HYPERLIQUID,1771149900000,0.067517,0.06753,0.067517,0.06753,1627.0
SOL-USD-PERP.HYPERLIQUID,1771149900000,89.81,89.81,89.592,89.592,4554.29
TIA-USD-PERP.HYPERLIQUID,1771149900000,0.35397,0.35397,0.35316,0.35316,307.9
WIF-USD-PERP.HYPERLIQUID,1771149900000,0.24413,0.24413,0.24318,0.24318,12628.0
XLM-USD-PERP.HYPERLIQUID,1771149900000,0.1773,0.17732,0.1768,0.1768,10026.0
ZEC-USD-PERP.HYPERLIQUID,1771149900000,309.56,309.56,308.84,308.84,24.83
APT-USD-PERP.HYPERLIQUID,1771149900000,0.9693,0.9693,0.9663,0.9663,1640.04
AR-USD-PERP.HYPERLIQUID,1771149900000,2.0629,2.0629,2.06,2.06,836.66
ARB-USD-PERP.HYPERLIQUID,1771149900000,0.11877,0.11878,0.1185,0.1185,2568.7
AVAX-USD-PERP.HYPERLIQUID,1771149900000,9.5775,9.5775,9.5583,9.5583,247.39
BNB-USD-PERP.HYPERLIQUID,1771149900000,629.81,629.81,628.74,628.74,3.737
DOT-USD-PERP.HYPERLIQUID,1771149900000,1.412,1.412,1.4083,1.4083,3901.4
ETH-USD-PERP.HYPERLIQUID,1771149900000,2066.7,2066.7,2062.0,2062.0,250.2153
MOODENG-USD-PERP.HYPERLIQUID,1771149900000,0.060138,0.060138,0.059882,0.059882,6387.0
NEAR-USD-PERP.HYPERLIQUID,1771149900000,1.0777,1.0777,1.075,1.075,2197.8
RENDER-USD-PERP.HYPERLIQUID,1771149900000,1.4766,1.4766,1.4754,1.4754,439.7
SAND-USD-PERP.HYPERLIQUID,1771149900000,0.091361,0.091361,0.091214,0.091214,8846.0
SOL-USD-PERP.HYPERLIQUID,1771149900000,89.81,89.81,89.577,89.577,4558.19
SUI-USD-PERP.HYPERLIQUID,1771149900000,1.0207,1.0207,1.017,1.017,2885.4
TAO-USD-PERP.HYPERLIQUID,1771149900000,188.69,188.71,188.47,188.47,7.405
ALGO-USD-PERP.HYPERLIQUID,1771149900000,0.098767,0.098767,0.098536,0.098536,7396.0
APE-USD-PERP.HYPERLIQUID,1771149900000,0.13548,0.13548,0.13533,0.13533,1085.0
BTC-USD-PERP.HYPERLIQUID,1771149900000,70363.0,70374.0,70273.0,70273.0,9.58516
DOT-USD-PERP.HYPERLIQUID,1771149900000,1.412,1.412,1.4078,1.4078,3966.3
ETH-USD-PERP.HYPERLIQUID,1771149900000,2066.7,2066.7,2061.8,2061.8,250.4024
HYPE-USD-PERP.HYPERLIQUID,1771149900000,31.045,31.086,31.0,31.0,5726.11
HYPER-USD-PERP.HYPERLIQUID,1771149900000,0.10534,0.10534,0.10508,0.10508,5627.0
ONDO-USD-PERP.HYPERLIQUID,1771149900000,0.287,0.287,0.28614,0.28614,7883.0
PUMP-USD-PERP.HYPERLIQUID,1771149900000,0.00229,0.00229,0.00228,0.00228,1387578.0
SPX-USD-PERP.HYPERLIQUID,1771149900000,0.33076,0.33076,0.32947,0.32947,19787.2
SUI-USD-PERP.HYPERLIQUID,1771149900000,1.0207,1.0207,1.0163,1.0163,3218.1
WLFI-USD-PERP.HYPERLIQUID,1771149900000,0.10689,0.10689,0.10667,0.10667,46839.0
ZEC-USD-PERP.HYPERLIQUID,1771149900000,309.56,309.56,308.83,308.83,25.05
AXS-USD-PERP.HYPERLIQUID,1771149900000,1.4303,1.4303,1.4303,1.4303,7.7
BNB-USD-PERP.HYPERLIQUID,1771149900000,629.81,629.81,628.74,628.74,4.247
BTC-USD-PERP.HYPERLIQUID,1771149900000,70363.0,70374.0,70266.0,70266.0,9.84795
CRV-USD-PERP.HYPERLIQUID,1771149900000,0.25963,0.25966,0.25922,0.25922,9537.6
ETH-USD-PERP.HYPERLIQUID,1771149900000,2066.7,2066.7,2061.4,2061.4,252.486
FIL-USD-PERP.HYPERLIQUID,1771149900000,1.0004,1.0004,0.99833,0.99833,1414.2
LINK-USD-PERP.HYPERLIQUID,1771149900000,9.1043,9.1043,9.0815,9.0815,160.5
LIT-USD-PERP.HYPERLIQUID,1771149900000,1.7089,1.7089,1.7037,1.7037,1297.0
MINA-USD-PERP.HYPERLIQUID,1771149900000,0.068114,0.068114,0.067947,0.067947,18029.0
ONDO-USD-PERP.HYPERLIQUID,1771149900000,0.287,0.287,0.28607,0.28607,10631.0
SKY-USD-PERP.HYPERLIQUID,1771149900000,0.067517,0.06753,0.067479,0.067479,2368.0
SOL-USD-PERP.HYPERLIQUID,1771149900000,89.81,89.81,89.559,89.572,4940.22
SUI-USD-PERP.HYPERLIQUID,1771149900000,1.0207,1.0207,1.0162,1.0162,3335.3
TRX-USD-PERP.HYPERLIQUID,1771149900000,0.2809,0.28091,0.28085,0.28086,7224.0
WIF-USD-PERP.HYPERLIQUID,1771149900000,0.24413,0.24413,0.2431,0.2431,18020.0
WLD-USD-PERP.HYPERLIQUID,1771149900000,0.42295,0.42295,0.42197,0.42197,3647.1
XPL-USD-PERP.HYPERLIQUID,1771149900000,0.10107,0.10107,0.10073,0.10073,32383.0
XRP-USD-PERP.HYPERLIQUID,1771149900000,1.5837,1.5848,1.5773,1.5773,111857.0
kPEPE-USD-PERP.HYPERLIQUID,1771149900000,0.004779,0.004779,0.004736,0.004736,15356087.0
ALGO-USD-PERP.HYPERLIQUID,1771149900000,0.098767,0.098767,0.098534,0.098534,8122.0
BTC-USD-PERP.HYPERLIQUID,1771149900000,70363.0,70374.0,70266.0,70267.0,9.84924
DOGE-USD-PERP.HYPERLIQUID,1771149900000,0.11427,0.11427,0.11381,0.11383,94849.0
HYPE-USD-PERP.HYPERLIQUID,1771149900000,31.045,31.086,31.0,31.002,5742.21
REZ-USD-PERP.HYPERLIQUID,1771149900000,0.003082,0.003082,0.003082,0.003082,100000.0
SOL-USD-PERP.HYPERLIQUID,1771149900000,89.81,89.81,89.559,89.581,4943.45
TAO-USD-PERP.HYPERLIQUID,1771149900000,188.69,188.71,188.4,188.4,7.517
TRX-USD-PERP.HYPERLIQUID,1771149900000,0.2809,0.28091,0.28085,0.28085,10601.0
kPEPE-USD-PERP.HYPERLIQUID,1771149900000,0.004779,0.004779,0.004736,0.004738,15358695.0
ASTER-USD-PERP.HYPERLIQUID,1771149900000,0.73211,0.73211,0.73076,0.73076,1180.0
IP-USD-PERP.HYPERLIQUID,1771149900000,1.1711,1.1711,1.168,1.168,353.1
WLD-USD-PERP.HYPERLIQUID,1771149900000,0.42295,0.42295,0.42197,0.42197,3765.0
ZEC-USD-PERP.HYPERLIQUID,1771149900000,309.56,309.56,308.83,308.93,26.72
FARTCOIN-USD-PERP.HYPERLIQUID,1771149900000,0.21089,0.21102,0.21024,0.21024,16766.1
TRX-USD-PERP.HYPERLIQUID,1771149900000,0.2809,0.28091,0.28085,0.28087,10697.0
XRP-USD-PERP.HYPERLIQUID,1771149900000,1.5837,1.5848,1.5773,1.5777,113134.0
ZEC-USD-PERP.HYPERLIQUID,1771149900000,309.56,309.56,308.83,308.83,26.96
BTC-USD-PERP.HYPERLIQUID,1771149900000,70363.0,70374.0,70266.0,70269.0,9.85169
ETH-USD-PERP.HYPERLIQUID,1771149900000,2066.7,2066.7,2061.4,2061.9,252.5803
HYPE-USD-PERP.HYPERLIQUID,1771149900000,31.045,31.086,31.0,31.006,5743.15
SUI-USD-PERP.HYPERLIQUID,1771149900000,1.0207,1.0207,1.016,1.016,3439.2
XRP-USD-PERP.HYPERLIQUID,1771149900000,1.5837,1.5848,1.5773,1.5773,113142.0
ZEC-USD-PERP.HYPERLIQUID,1771149900000,309.56,309.56,308.83,308.83,27.04
BTC-USD-PERP.HYPERLIQUID,1771149900000,70363.0,70374.0,70266.0,70269.0,9.88102
ETH-USD-PERP.HYPERLIQUID,1771149900000,2066.7,2066.7,2061.4,2062.0,252.5947
LTC-USD-PERP.HYPERLIQUID,1771149900000,56.092,56.092,55.95,55.95,10.03
MNT-USD-PERP.HYPERLIQUID,1771149900000,0.67249,0.67291,0.67166,0.67227,5256.2
POL-USD-PERP.HYPERLIQUID,1771149900000,0.10958,0.10958,0.10918,0.10918,19365.0
TAO-USD-PERP.HYPERLIQUID,1771149900000,188.69,188.71,188.22,188.22,14.185
AR-USD-PERP.HYPERLIQUID,1771149900000,2.0629,2.0629,2.0568,2.0568,1386.66
AVAX-USD-PERP.HYPERLIQUID,1771149900000,9.5775,9.5775,9.555,9.555,250.11
BTC-USD-PERP.HYPERLIQUID,1771149900000,70363.0,70374.0,70266.0,70269.0,9.88119
DOGE-USD-PERP.HYPERLIQUID,1771149900000,0.11427,0.11427,0.11381,0.11384,94982.0
ONDO-USD-PERP.HYPERLIQUID,1771149900000,0.287,0.287,0.28588,0.28588,13766.0
OP-USD-PERP.HYPERLIQUID,1771149900000,0.19471,0.19471,0.19418,0.19418,4054.5
PUMP-USD-PERP.HYPERLIQUID,1771149900000,0.00229,0.00229,0.00228,0.002281,7083574.0
SUI-USD-PERP.HYPERLIQUID,1771149900000,1.0207,1.0207,1.016,1.0162,5060.3
W-USD-PERP.HYPERLIQUID,1771149900000,0.021,0.021,0.02095,0.02095,2525.9
XPL-USD-PERP.HYPERLIQUID,1771149900000,0.10107,0.10107,0.10068,0.10068,35253.0
XRP-USD-PERP.HYPERLIQUID,1771149900000,1.5837,1.5848,1.5773,1.5773,121000.0
ZK-USD-PERP.HYPERLIQUID,1771149900000,0.022464,0.022464,0.022405,0.022405,3973.0
AVAX-USD-PERP.HYPERLIQUID,1771149900000,9.5775,9.5775,9.555,9.555,253.11
BTC-USD-PERP.HYPERLIQUID,1771149900000,70363.0,70374.0,70266.0,70266.0,9.88243
CAKE-USD-PERP.HYPERLIQUID,1771149900000,1.3477,1.3477,1.3455,1.3466,876.9
ETH-USD-PERP.HYPERLIQUID,1771149900000,2066.7,2066.7,2061.4,2062.0,252.61
MORPHO-USD-PERP.HYPERLIQUID,1771149900000,1.4155,1.4155,1.4136,1.4136,310.9
OM-USD-PERP.HYPERLIQUID,1771149900000,0.06166,0.06169,0.06161,0.06164,75465.1
TRX-USD-PERP.HYPERLIQUID,1771149900000,0.2809,0.28091,0.28085,0.28087,11371.0
XRP-USD-PERP.HYPERLIQUID,1771149900000,1.5837,1.5848,1.5766,1.5766,123508.0
ALGO-USD-PERP.HYPERLIQUID,1771149900000,0.098767,0.098767,0.098531,0.098531,11859.0
CAKE-USD-PERP.HYPERLIQUID,1771149900000,1.3477,1.3477,1.3455,1.3466,892.1
COMP-USD-PERP.HYPERLIQUID,1771149900000,23.12,23.155,23.0,23.0,89.82
DOGE-USD-PERP.HYPERLIQUID,1771149900000,0.11427,0.11427,0.1138,0.1138,95341.0
JUP-USD-PERP.HYPERLIQUID,1771149900000,0.16668,0.16668,0.16626,0.16626,2612.0
SOL-USD-PERP.HYPERLIQUID,1771149900000,89.81,89.81,89.559,89.586,4948.7
ZEC-USD-PERP.HYPERLIQUID,1771149900000,309.56,309.56,308.83,308.9,27.1
kPEPE-USD-PERP.HYPERLIQUID,1771149900000,0.004779,0.004779,0.004736,0.00474,15361015.0
BTC-USD-PERP.HYPERLIQUID,1771149900000,70363.0,70374.0,70266.0,70266.0,9.91498
ETH-USD-PERP.HYPERLIQUID,1771149900000,2066.7,2066.7,2061.4,2061.9,252.617
GMT-USD-PERP.HYPERLIQUID,1771149900000,0.012912,0.012912,0.012912,0.012912,852.0
LIT-USD-PERP.HYPERLIQUID,1771149900000,1.7089,1.7089,1.7037,1.7039,1316.0
SOL-USD-PERP.HYPERLIQUID,1771149900000,89.81,89.81,89.559,89.586,4954.28
STBL-USD-PERP.HYPERLIQUID,1771149900000,0.039648,0.039648,0.039648,0.039648,747.0
BTC-USD-PERP.HYPERLIQUID,1771149900000,70363.0,70374.0,70266.0,70267.0,9.91657
FIL-USD-PERP.HYPERLIQUID,1771149900000,1.0004,1.0004,0.99833,0.99834,1431.6
SOL-USD-PERP.HYPERLIQUID,1771149900000,89.81,89.81,89.559,89.587,4957.33
VINE-USD-PERP.HYPERLIQUID,1771149900000,0.020204,0.020204,0.020204,0.020204,895.0
VVV-USD-PERP.HYPERLIQUID,1771149900000,3.9395,3.9395,3.9267,3.9274,2918.37
XRP-USD-PERP.HYPERLIQUID,1771149900000,1.5837,1.5848,1.5766,1.5776,124348.0
ZRO-USD-PERP.HYPERLIQUID,1771149900000,1.8728,1.873,1.8653,1.8653,1755.8
HYPE-USD-PERP.HYPERLIQUID,1771149900000,31.045,31.086,31.0,31.0,5898.3
KAS-USD-PERP.HYPERLIQUID,1771149900000,0.033151,0.033151,0.033132,0.033132,2191.0
MNT-USD-PERP.HYPERLIQUID,1771149900000,0.67249,0.67291,0.67166,0.67223,5282.4
TRX-USD-PERP.HYPERLIQUID,1771149900000,0.2809,0.28091,0.28085,0.28086,11517.0
kLUNC-USD-PERP.HYPERLIQUID,1771149900000,0.036744,0.036827,0.036744,0.036827,2046.0
ARB-USD-PERP.HYPERLIQUID,1771149900000,0.11877,0.11878,0.11845,0.11845,2708.7
BERA-USD-PERP.HYPERLIQUID,1771149960000,0.6634,0.6634,0.66332,0.66332,1156.2
BIGTIME-USD-PERP.HYPERLIQUID,1771149900000,0.016051,0.016051,0.01602,0.01602,2250.0
BTC-USD-PERP.HYPERLIQUID,1771149900000,70363.0,70374.0,70266.0,70266.0,9.91837
CAKE-USD-PERP.HYPERLIQUID,1771149960000,1.3466,1.3466,1.3466,1.3466,21.9
ENA-USD-PERP.HYPERLIQUID,1771149960000,0.12663,0.12663,0.12663,0.12663,265.0
HYPE-USD-PERP.HYPERLIQUID,1771149960000,30.995,30.995,30.995,30.995,0.37
MNT-USD-PERP.HYPERLIQUID,1771149960000,0.67176,0.67176,0.67156,0.67156,1332.5
NEAR-USD-PERP.HYPERLIQUID,1771149960000,1.0747,1.0747,1.0747,1.0747,10.7
SUI-USD-PERP.HYPERLIQUID,1771149900000,1.0207,1.0207,1.016,1.016,5184.7
XRP-USD-PERP.HYPERLIQUID,1771149900000,1.5837,1.5848,1.5766,1.5776,128873.0
ZEC-USD-PERP.HYPERLIQUID,1771149960000,308.82,308.82,308.82,308.82,0.04
ADA-USD-PERP.HYPERLIQUID,1771149960000,0.29376,0.29376,0.29376,0.29376,35.0
ALGO-USD-PERP.HYPERLIQUID,1771149960000,0.098526,0.098526,0.098526,0.098526,1235.0
AVAX-USD-PERP.HYPERLIQUID,1771149960000,9.5568,9.5568,9.5568,9.5568,17.1
ONDO-USD-PERP.HYPERLIQUID,1771149960000,0.28589,0.28589,0.28583,0.28583,11530.0
BTC-USD-PERP.HYPERLIQUID,1771149960000,70268.0,70268.0,70268.0,70268.0,0.01661
TRX-USD-PERP.HYPERLIQUID,1771149960000,0.28085,0.28085,0.28085,0.28085,264.0
VVV-USD-PERP.HYPERLIQUID,1771149960000,3.9264,3.9264,3.9264,3.9264,39.71
ZEC-USD-PERP.HYPERLIQUID,1771149960000,308.82,308.83,308.82,308.83,0.08
BTC-USD-PERP.HYPERLIQUID,1771149960000,70268.0,70269.0,70268.0,70269.0,0.01761
FARTCOIN-USD-PERP.HYPERLIQUID,1771149960000,0.21029,0.21029,0.21029,0.21029,4046.4
XLM-USD-PERP.HYPERLIQUID,1771149960000,0.17677,0.17677,0.17677,0.17677,485.0
ZEC-USD-PERP.HYPERLIQUID,1771149960000,308.82,308.83,308.82,308.83,3.04
ALGO-USD-PERP.HYPERLIQUID,1771149960000,0.098526,0.098536,0.098526,0.098536,2178.0
BTC-USD-PERP.HYPERLIQUID,1771149960000,70268.0,70269.0,70268.0,70269.0,0.04624
ETH-USD-PERP.HYPERLIQUID,1771149960000,2061.9,2061.9,2061.9,2061.9,0.0056
HYPE-USD-PERP.HYPERLIQUID,1771149960000,30.995,30.995,30.993,30.993,0.74
MERL-USD-PERP.HYPERLIQUID,1771149960000,0.064264,0.064264,0.064264,0.064264,2852.0
SOL-USD-PERP.HYPERLIQUID,1771149960000,89.585,89.585,89.585,89.585,13.57
VVV-USD-PERP.HYPERLIQUID,1771149960000,3.9264,3.9279,3.9264,3.9279,42.39
ZEC-USD-PERP.HYPERLIQUID,1771149960000,308.82,308.87,308.82,308.87,3.08
ADA-USD-PERP.HYPERLIQUID,1771149960000,0.29376,0.29376,0.29367,0.29367,26251.0
ARB-USD-PERP.HYPERLIQUID,1771149960000,0.11847,0.11847,0.11847,0.11847,104.4
BTC-USD-PERP.HYPERLIQUID,1771149960000,70268.0,70269.0,70268.0,70269.0,0.1309
DOGE-USD-PERP.HYPERLIQUID,1771149960000,0.11382,0.11382,0.11382,0.11382,373.0
ETH-USD-PERP.HYPERLIQUID,1771149960000,2061.9,2061.9,2061.9,2061.9,0.0201
MOVE-USD-PERP.HYPERLIQUID,1771149960000,0.025158,0.025158,0.025158,0.025158,675.0
PAXG-USD-PERP.HYPERLIQUID,1771149960000,5037.6,5037.6,5037.6,5037.6,0.002
XRP-USD-PERP.HYPERLIQUID,1771149960000,1.5781,1.5783,1.5781,1.5783,3556.0
ZEC-USD-PERP.HYPERLIQUID,1771149960000,308.82,308.87,308.82,308.86,3.12
BTC-USD-PERP.HYPERLIQUID,1771149960000,70268.0,70269.0,70268.0,70268.0,0.13257
DASH-USD-PERP.HYPERLIQUID,1771149960000,39.716,39.716,39.716,39.716,0.26
ETH-USD-PERP.HYPERLIQUID,1771149960000,2061.9,2061.9,2061.8,2061.8,0.8836
HYPE-USD-PERP.HYPERLIQUID,1771149960000,30.995,30.995,30.991,30.991,24.47
SOL-USD-PERP.HYPERLIQUID,1771149960000,89.585,89.585,89.581,89.581,20.24
SUI-USD-PERP.HYPERLIQUID,1771149960000,1.0162,1.0162,1.0162,1.0162,103.9
SUPER-USD-PERP.HYPERLIQUID,1771149960000,0.13058,0.13058,0.13058,0.13058,149.0
TRX-USD-PERP.HYPERLIQUID,1771149960000,0.28085,0.28085,0.28085,0.28085,1139.0
WLD-USD-PERP.HYPERLIQUID,1771149960000,0.42217,0.42217,0.42217,0.42217,666.0
XRP-USD-PERP.HYPERLIQUID,1771149960000,1.5781,1.5784,1.5781,1.5784,3581.0
kPEPE-USD-PERP.HYPERLIQUID,1771149960000,0.004735,0.004735,0.004735,0.004735,27.0
BTC-USD-PERP.HYPERLIQUID,1771149960000,70268.0,70269.0,70268.0,70269.0,0.14686
MNT-USD-PERP.HYPERLIQUID,1771149960000,0.67176,0.67233,0.67156,0.67233,1438.2
VVV-USD-PERP.HYPERLIQUID,1771149960000,3.9264,3.928,3.9264,3.928,45.07
XRP-USD-PERP.HYPERLIQUID,1771149960000,1.5781,1.5784,1.5781,1.5783,7818.0
2Z-USD-PERP.HYPERLIQUID,1771149960000,0.080401,0.080401,0.080401,0.080401,287.0
DOT-USD-PERP.HYPERLIQUID,1771149960000,1.408,1.408,1.408,1.408,293.1
FET-USD-PERP.HYPERLIQUID,1771149960000,0.17792,0.17792,0.17792,0.17792,86.0
XRP-USD-PERP.HYPERLIQUID,1771149960000,1.5781,1.5784,1.5781,1.5784,7987.0
kPEPE-USD-PERP.HYPERLIQUID,1771149960000,0.004735,0.004735,0.004735,0.004735,36812.0
BTC-USD-PERP.HYPERLIQUID,1771149960000,70268.0,70269.0,70268.0,70268.0,0.17626
CAKE-USD-PERP.HYPERLIQUID,1771149960000,1.3466,1.3466,1.3466,1.3466,45.0
LIT-USD-PERP.HYPERLIQUID,1771149960000,1.7049,1.7049,1.7049,1.7049,11.0
ZEC-USD-PERP.HYPERLIQUID,1771149960000,308.82,308.87,308.82,308.84,8.24
0G-USD-PERP.HYPERLIQUID,1771149960000,0.68376,0.68376,0.68376,0.68376,33.0
APT-USD-PERP.HYPERLIQUID,1771149960000,0.9663,0.9663,0.9663,0.9663,191.07
LINK-USD-PERP.HYPERLIQUID,1771149960000,9.0847,9.0849,9.0847,9.0849,26.0
PENGU-USD-PERP.HYPERLIQUID,1771149960000,0.007547,0.007547,0.007547,0.007547,11345.0
XLM-USD-PERP.HYPERLIQUID,1771149960000,0.17677,0.17684,0.17677,0.17684,970.0
ZEC-USD-PERP.HYPERLIQUID,1771149960000,308.82,308.87,308.82,308.84,8.36
kPEPE-USD-PERP.HYPERLIQUID,1771149960000,0.004735,0.004735,0.004735,0.004735,633082.0
APT-USD-PERP.HYPERLIQUID,1771149960000,0.9663,0.9665,0.9663,0.9665,363.81
ETH-USD-PERP.HYPERLIQUID,1771149960000,2061.9,2061.9,2061.8,2061.9,0.8921
TRX-USD-PERP.HYPERLIQUID,1771149960000,0.28085,0.28085,0.28085,0.28085,1331.0
ZEC-USD-PERP.HYPERLIQUID,1771149960000,308.82,308.87,308.82,308.86,9.15
BTC-USD-PERP.HYPERLIQUID,1771149960000,70268.0,70270.0,70268.0,70270.0,0.17649
COMP-USD-PERP.HYPERLIQUID,1771149960000,22.982,22.982,22.982,22.982,0.97
HYPE-USD-PERP.HYPERLIQUID,1771149960000,30.995,30.995,30.991,30.993,25.87
SOL-USD-PERP.HYPERLIQUID,1771149960000,89.585,89.587,89.581,89.587,24.67
TRUMP-USD-PERP.HYPERLIQUID,1771149960000,3.509,3.509,3.509,3.509,62.3
VVV-USD-PERP.HYPERLIQUID,1771149960000,3.9264,3.9312,3.9264,3.9312,47.75
ZEC-USD-PERP.HYPERLIQUID,1771149960000,308.82,308.87,308.82,308.86,10.33
kPEPE-USD-PERP.HYPERLIQUID,1771149960000,0.004735,0.004735,0.004732,0.004732,637301.0
AVAX-USD-PERP.HYPERLIQUID,1771149960000,9.5568,9.5574,9.5568,9.5574,23.38
BTC-USD-PERP.HYPERLIQUID,1771149960000,70268.0,70270.0,70268.0,70269.0,0.19848
DOGE-USD-PERP.HYPERLIQUID,1771149960000,0.11382,0.11383,0.11382,0.11383,787.0
MNT-USD-PERP.HYPERLIQUID,1771149960000,0.67176,0.67233,0.67156,0.67232,1572.7
XPL-USD-PERP.HYPERLIQUID,1771149960000,0.10071,0.10071,0.1007,0.1007,910.0
BTC-USD-PERP.HYPERLIQUID,1771149960000,70268.0,70270.0,70268.0,70269.0,0.19989
AIXBT-USD-PERP.HYPERLIQUID,1771149960000,0.021998,0.021998,0.021998,0.021998,1648.0
BTC-USD-PERP.HYPERLIQUID,1771149960000,70268.0,70270.0,70268.0,70269.0,0.20139
ENA-USD-PERP.HYPERLIQUID,1771149960000,0.12663,0.12663,0.12657,0.12657,2985.0
FET-USD-PERP.HYPERLIQUID,1771149960000,0.17792,0.17792,0.17791,0.17791,210.0
SUI-USD-PERP.HYPERLIQUID,1771149960000,1.0162,1.0162,1.0161,1.0161,207.8
XRP-USD-PERP.HYPERLIQUID,1771149960000,1.5781,1.5784,1.5777,1.5777,34924.0
ZEC-USD-PERP.HYPERLIQUID,1771149960000,308.82,308.87,308.81,308.81,10.37
kPEPE-USD-PERP.HYPERLIQUID,1771149960000,0.004735,0.004735,0.004732,0.004732,1266164.0
ETH-USD-PERP.HYPERLIQUID,1771149960000,2061.9,2061.9,2061.8,2061.9,0.8977
FIL-USD-PERP.HYPERLIQUID,1771149960000,0.99873,0.99873,0.99873,0.99873,17.1
HYPE-USD-PERP.HYPERLIQUID,1771149960000,30.995,30.995,30.984,30.984,82.27
SYRUP-USD-PERP.HYPERLIQUID,1771149960000,0.27455,0.27455,0.27455,0.27455,308.0
XRP-USD-PERP.HYPERLIQUID,1771149960000,1.5781,1.5784,1.5777,1.5777,34931.0
ZEC-USD-PERP.HYPERLIQUID,1771149960000,308.82,308.87,308.8,308.8,10.41
ALGO-USD-PERP.HYPERLIQUID,1771149960000,0.098526,0.098536,0.098526,0.098526,8696.0
CAKE-USD-PERP.HYPERLIQUID,1771149960000,1.3466,1.3466,1.3466,1.3466,55.7
CRV-USD-PERP.HYPERLIQUID,1771149960000,0.25922,0.25922,0.25922,0.25922,4947.8
DOGE-USD-PERP.HYPERLIQUID,1771149960000,0.11382,0.11383,0.11378,0.11378,3466.0
GMX-USD-PERP.HYPERLIQUID,1771149960000,6.6509,6.6509,6.6509,6.6509,63.27
SOL-USD-PERP.HYPERLIQUID,1771149960000,89.585,89.587,89.571,89.571,29.05
SYRUP-USD-PERP.HYPERLIQUID,1771149960000,0.27455,0.27455,0.27455,0.27455,729.0
XRP-USD-PERP.HYPERLIQUID,1771149960000,1.5781,1.5784,1.5773,1.5777,37338.0
ZEC-USD-PERP.HYPERLIQUID,1771149960000,308.82,308.87,308.76,308.76,10.46
kPEPE-USD-PERP.HYPERLIQUID,1771149960000,0.004735,0.004735,0.004731,0.004731,1276387.0
ALGO-USD-PERP.HYPERLIQUID,1771149960000,0.098526,0.098536,0.098522,0.098522,16080.0
ALT-USD-PERP.HYPERLIQUID,1771149960000,0.008895,0.008895,0.008895,0.008895,2098.0
BNB-USD-PERP.HYPERLIQUID,1771149960000,628.58,628.58,628.58,628.58,0.25
CRV-USD-PERP.HYPERLIQUID,1771149960000,0.25922,0.25922,0.25922,0.25922,13794.8
DASH-USD-PERP.HYPERLIQUID,1771149960000,39.716,39.716,39.713,39.713,0.53
DOGE-USD-PERP.HYPERLIQUID,1771149960000,0.11382,0.11383,0.11378,0.11378,35387.0
DOT-USD-PERP.HYPERLIQUID,1771149960000,1.408,1.408,1.408,1.408,304.5
ETH-USD-PERP.HYPERLIQUID,1771149960000,2061.9,2061.9,2061.8,2061.8,0.9037
MNT-USD-PERP.HYPERLIQUID,1771149960000,0.67176,0.67233,0.67156,0.67166,2775.8
VVV-USD-PERP.HYPERLIQUID,1771149960000,3.9264,3.9312,3.9264,3.9306,82.11
XRP-USD-PERP.HYPERLIQUID,1771149960000,1.5781,1.5784,1.5773,1.5777,40260.0
kPEPE-USD-PERP.HYPERLIQUID,1771149960000,0.004735,0.004735,0.00473,0.00473,2006556.0
kSHIB-USD-PERP.HYPERLIQUID,1771149960000,0.006832,0.006832,0.006832,0.006832,1620.0
ALGO-USD-PERP.HYPERLIQUID,1771149960000,0.098526,0.098536,0.098522,0.098522,16691.0
BTC-USD-PERP.HYPERLIQUID,1771149960000,70268.0,70270.0,70268.0,70269.0,0.2767
DOT-USD-PERP.HYPERLIQUID,1771149960000,1.408,1.4081,1.408,1.4081,371.0
HYPE-USD-PERP.HYPERLIQUID,1771149960000,30.995,30.995,30.977,30.977,111.91
RENDER-USD-PERP.HYPERLIQUID,1771149960000,1.4751,1.4751,1.4751,1.4751,33.6
ZEC-USD-PERP.HYPERLIQUID,1771149960000,308.82,308.87,308.72,308.74,12.09
LIT-USD-PERP.HYPERLIQUID,1771149960000,1.7049,1.7049,1.7036,1.7036,425.0
MNT-USD-PERP.HYPERLIQUID,1771149960000,0.67176,0.67233,0.67156,0.67219,2799.0
RENDER-USD-PERP.HYPERLIQUID,1771149960000,1.4751,1.4751,1.4751,1.4751,51.3
kPEPE-USD-PERP.HYPERLIQUID,1771149960000,0.004735,0.004735,0.004726,0.004726,3321521.0
ATOM-USD-PERP.HYPERLIQUID,1771149960000,2.165,2.165,2.165,2.165,7.03
BTC-USD-PERP.HYPERLIQUID,1771149960000,70268.0,70270.0,70268.0,70269.0,0.2782
HYPE-USD-PERP.HYPERLIQUID,1771149960000,30.995,30.995,30.976,30.976,136.97
MNT-USD-PERP.HYPERLIQUID,1771149960000,0.67176,0.67233,0.67156,0.67166,4000.9
OP-USD-PERP.HYPERLIQUID,1771149960000,0.19416,0.19416,0.19416,0.19416,57.6
SOL-USD-PERP.HYPERLIQUID,1771149960000,89.585,89.587,89.55,89.551,59.17
SUI-USD-PERP.HYPERLIQUID,1771149960000,1.0162,1.0162,1.0159,1.0159,311.7
kPEPE-USD-PERP.HYPERLIQUID,1771149960000,0.004735,0.004735,0.004724,0.004724,4187591.0
APT-USD-PERP.HYPERLIQUID,1771149960000,0.9663,0.9665,0.9661,0.9661,487.83
ARB-USD-PERP.HYPERLIQUID,1771149960000,0.11847,0.11847,0.11845,0.11845,2241.7
HYPE-USD-PERP.HYPERLIQUID,1771149960000,30.995,30.995,30.976,30.989,153.84
PENGU-USD-PERP.HYPERLIQUID,1771149960000,0.007547,0.007547,0.007541,0.007541,19460.0
SOL-USD-PERP.HYPERLIQUID,1771149960000,89.585,89.587,89.55,89.565,60.16
SUI-USD-PERP.HYPERLIQUID,1771149960000,1.0162,1.0162,1.0159,1.0159,357.2
ZEC-USD-PERP.HYPERLIQUID,1771149960000,308.82,308.87,308.71,308.71,19.77
ZRO-USD-PERP.HYPERLIQUID,1771149960000,1.865,1.865,1.865,1.865,31.2
ASTER-USD-PERP.HYPERLIQUID,1771149960000,0.73025,0.73026,0.73025,0.73026,832.0
DOGE-USD-PERP.HYPERLIQUID,1771149960000,0.11382,0.11383,0.11378,0.11379,41519.0
ETC-USD-PERP.HYPERLIQUID,1771149960000,9.0119,9.0119,9.0119,9.0119,1.62
HYPE-USD-PERP.HYPERLIQUID,1771149960000,30.995,30.995,30.976,30.99,155.25
LIT-USD-PERP.HYPERLIQUID,1771149960000,1.7049,1.7049,1.7036,1.7047,477.0
PUMP-USD-PERP.HYPERLIQUID,1771149960000,0.002284,0.002284,0.002284,0.002284,8786.0
PURR-USD-PERP.HYPERLIQUID,1771149960000,0.071646,0.071646,0.071646,0.071646,280.0
SEI-USD-PERP.HYPERLIQUID,1771149960000,0.077503,0.077503,0.077503,0.077503,4373.0
SOL-USD-PERP.HYPERLIQUID,1771149960000,89.585,89.587,89.55,89.565,68.48
STBL-USD-PERP.HYPERLIQUID,1771149960000,0.039633,0.039633,0.039633,0.039633,387.0
kPEPE-USD-PERP.HYPERLIQUID,1771149960000,0.004735,0.004735,0.004724,0.004732,4201040.0
BTC-USD-PERP.HYPERLIQUID,1771149960000,70268.0,70274.0,70268.0,70274.0,0.39181
ETH-USD-PERP.HYPERLIQUID,1771149960000,2061.9,2062.2,2061.8,2062.2,1.0237
CC-USD-PERP.HYPERLIQUID,1771149960000,0.16039,0.16039,0.16039,0.16039,415.0
PURR-USD-PERP.HYPERLIQUID,1771149960000,0.071646,0.071647,0.071646,0.071647,610.0
SOL-USD-PERP.HYPERLIQUID,1771149960000,89.585,89.587,89.55,89.583,68.68
ZEC-USD-PERP.HYPERLIQUID,1771149960000,308.82,308.87,308.71,308.72,19.82
kPEPE-USD-PERP.HYPERLIQUID,1771149960000,0.004735,0.004735,0.004724,0.004732,4244246.0
CC-USD-PERP.HYPERLIQUID,1771149960000,0.16039,0.16039,0.16039,0.16039,830.0
GALA-USD-PERP.HYPERLIQUID,1771149960000,0.004275,0.004275,0.004275,0.004275,3616.0
SUI-USD-PERP.HYPERLIQUID,1771149960000,1.0162,1.0162,1.0159,1.0162,1220.4
XRP-USD-PERP.HYPERLIQUID,1771149960000,1.5781,1.579,1.5773,1.579,40788.0
kPEPE-USD-PERP.HYPERLIQUID,1771149960000,0.004735,0.004735,0.004724,0.004732,4256235.0
BRETT-USD-PERP.HYPERLIQUID,1771149960000,0.0083,0.0083,0.0083,0.0083,2011.0
BTC-USD-PERP.HYPERLIQUID,1771149960000,70268.0,70275.0,70268.0,70275.0,0.3924
0G-USD-PERP.HYPERLIQUID,1771149960000,0.68376,0.68377,0.68376,0.68377,81.0
BTC-USD-PERP.HYPERLIQUID,1771149960000,70268.0,70276.0,70268.0,70276.0,0.4024
MNT-USD-PERP.HYPERLIQUID,1771149960000,0.67176,0.67233,0.67156,0.67189,4032.3
TRX-USD-PERP.HYPERLIQUID,1771149960000,0.28085,0.28085,0.28085,0.28085,1543.0
VVV-USD-PERP.HYPERLIQUID,1771149960000,3.9264,3.944,3.9264,3.944,3483.5
XRP-USD-PERP.HYPERLIQUID,1771149960000,1.5781,1.579,1.5773,1.5789,40834.0
BTC-USD-PERP.HYPERLIQUID,1771149960000,70268.0,70277.0,70268.0,70277.0,0.40621
XMR-USD-PERP.HYPERLIQUID,1771149960000,348.31,348.31,348.31,348.31,1.382
XRP-USD-PERP.HYPERLIQUID,1771149960000,1.5781,1.579,1.5773,1.5788,40843.0
kPEPE-USD-PERP.HYPERLIQUID,1771149960000,0.004735,0.004735,0.004724,0.004734,4259148.0
AIXBT-USD-PERP.HYPERLIQUID,1771149960000,0.021998,0.021998,0.021985,0.021985,2523.0
ENA-USD-PERP.HYPERLIQUID,1771149960000,0.12663,0.12663,0.12657,0.12662,6152.0
JUP-USD-PERP.HYPERLIQUID,1771149960000,0.16634,0.16634,0.16631,0.16631,12026.0
NEAR-USD-PERP.HYPERLIQUID,1771149960000,1.0747,1.0757,1.0747,1.0757,80.1
SUI-USD-PERP.HYPERLIQUID,1771149960000,1.0162,1.0162,1.0159,1.0162,2357.2
XRP-USD-PERP.HYPERLIQUID,1771149960000,1.5781,1.5792,1.5773,1.5792,40850.0
ZEC-USD-PERP.HYPERLIQUID,1771149960000,308.82,308.87,308.71,308.71,21.53
BTC-USD-PERP.HYPERLIQUID,1771149960000,70268.0,70277.0,70268.0,70276.0,0.40677
HYPE-USD-PERP.HYPERLIQUID,1771149960000,30.995,30.996,30.976,30.996,157.28
INJ-USD-PERP.HYPERLIQUID,1771149960000,3.2312,3.2312,3.2312,3.2312,176.5
NEAR-USD-PERP.HYPERLIQUID,1771149960000,1.0747,1.0757,1.0747,1.0757,150.9
PAXG-USD-PERP.HYPERLIQUID,1771149960000,5037.6,5037.7,5037.6,5037.7,0.011
PENGU-USD-PERP.HYPERLIQUID,1771149960000,0.007547,0.007547,0.007541,0.007546,30805.0
PUMP-USD-PERP.HYPERLIQUID,1771149960000,0.002284,0.002284,0.002283,0.002283,26719.0
XRP-USD-PERP.HYPERLIQUID,1771149960000,1.5781,1.5792,1.5773,1.5791,40884.0
BTC-USD-PERP.HYPERLIQUID,1771149960000,70268.0,70277.0,70268.0,70276.0,0.40958
TRX-USD-PERP.HYPERLIQUID,1771149960000,0.28085,0.28085,0.28085,0.28085,1617.0
VVV-USD-PERP.HYPERLIQUID,1771149960000,3.9264,3.944,3.9264,3.9428,3486.61
0G-USD-PERP.HYPERLIQUID,1771149960000,0.68376,0.68385,0.68376,0.68385,96.0
HYPE-USD-PERP.HYPERLIQUID,1771149960000,30.995,30.997,30.976,30.997,157.63
MANTA-USD-PERP.HYPERLIQUID,1771149960000,0.078,0.078,0.078,0.078,210.8
SOL-USD-PERP.HYPERLIQUID,1771149960000,89.585,89.601,89.55,89.601,71.21
VVV-USD-PERP.HYPERLIQUID,1771149960000,3.9264,3.944,3.9264,3.9438,3549.05
XRP-USD-PERP.HYPERLIQUID,1771149960000,1.5781,1.5792,1.5773,1.5786,53127.0
kPEPE-USD-PERP.HYPERLIQUID,1771149960000,0.004735,0.004735,0.004724,0.004732,4272523.0
ATOM-USD-PERP.HYPERLIQUID,1771149960000,2.165,2.165,2.1649,2.1649,23.32
BTC-USD-PERP.HYPERLIQUID,1771149960000,70268.0,70286.0,70268.0,70286.0,0.43803
COMP-USD-PERP.HYPERLIQUID,1771149960000,22.982,23.024,22.982,23.024,3.98
ETC-USD-PERP.HYPERLIQUID,1771149960000,9.0119,9.0119,9.0119,9.0119,3.69
HYPE-USD-PERP.HYPERLIQUID,1771149960000,30.995,31.0,30.976,31.0,189.93
LAYER-USD-PERP.HYPERLIQUID,1771149960000,0.093105,0.093105,0.093105,0.093105,197.0
TRX-USD-PERP.HYPERLIQUID,1771149960000,0.28085,0.28085,0.28085,0.28085,1703.0
COMP-USD-PERP.HYPERLIQUID,1771149960000,22.982,23.053,22.982,23.053,6.99
ETH-USD-PERP.HYPERLIQUID,1771149960000,2061.9,2062.5,2061.8,2062.5,1.0337
PURR-USD-PERP.HYPERLIQUID,1771149960000,0.071646,0.07165,0.071646,0.07165,890.0
SUI-USD-PERP.HYPERLIQUID,1771149960000,1.0162,1.0165,1.0159,1.0165,3341.4
UNI-USD-PERP.HYPERLIQUID,1771149960000,3.5783,3.5783,3.5783,3.5783,50.0
XRP-USD-PERP.HYPERLIQUID,1771149960000,1.5781,1.5792,1.5773,1.5787,55981.0
YGG-USD-PERP.HYPERLIQUID,1771149960000,0.042332,0.042332,0.042332,0.042332,800.0
FARTCOIN-USD-PERP.HYPERLIQUID,1771149960000,0.21029,0.21029,0.21023,0.21023,4129.0
FIL-USD-PERP.HYPERLIQUID,1771149960000,0.99873,0.99873,0.99763,0.99763,34.5
HYPE-USD-PERP.HYPERLIQUID,1771149960000,30.995,31.007,30.976,31.007,196.39
MOVE-USD-PERP.HYPERLIQUID,1771149960000,0.025158,0.025173,0.025158,0.025173,3574.0
WLD-USD-PERP.HYPERLIQUID,1771149960000,0.42217,0.42239,0.42217,0.42239,790.8
XRP-USD-PERP.HYPERLIQUID,1771149960000,1.5781,1.5792,1.5773,1.5792,56000.0
ZEC-USD-PERP.HYPERLIQUID,1771149960000,308.82,308.87,308.71,308.72,22.74
CC-USD-PERP.HYPERLIQUID,1771149960000,0.16039,0.1604,0.16039,0.1604,4566.0
ETH-USD-PERP.HYPERLIQUID,1771149960000,2061.9,2062.5,2061.8,2062.5,1.0584
SOL-USD-PERP.HYPERLIQUID,1771149960000,89.585,89.602,89.55,89.602,119.36
BTC-USD-PERP.HYPERLIQUID,1771149960000,70268.0,70286.0,70268.0,70285.0,0.46648
LTC-USD-PERP.HYPERLIQUID,1771149960000,55.962,55.962,55.962,55.962,5.21
PAXG-USD-PERP.HYPERLIQUID,1771149960000,5037.6,5037.7,5037.6,5037.7,0.013
SOL-USD-PERP.HYPERLIQUID,1771149960000,89.585,89.602,89.55,89.601,124.07
XRP-USD-PERP.HYPERLIQUID,1771149960000,1.5781,1.5792,1.5773,1.5786,56007.0
0G-USD-PERP.HYPERLIQUID,1771149960000,0.68376,0.68387,0.68376,0.68387,220.0
AVAX-USD-PERP.HYPERLIQUID,1771149960000,9.5568,9.5574,9.5568,9.5574,28.31
BTC-USD-PERP.HYPERLIQUID,1771149960000,70268.0,70286.0,70268.0,70285.0,0.60878
INJ-USD-PERP.HYPERLIQUID,1771149960000,3.2312,3.2312,3.2306,3.2306,213.6
AIXBT-USD-PERP.HYPERLIQUID,1771149960000,0.021998,0.022025,0.021985,0.022025,3644.0
BTC-USD-PERP.HYPERLIQUID,1771149960000,70268.0,70286.0,70268.0,70286.0,0.96153
HYPE-USD-PERP.HYPERLIQUID,1771149960000,30.995,31.008,30.976,31.008,196.76
ALGO-USD-PERP.HYPERLIQUID,1771149960000,0.098526,0.098536,0.098394,0.098394,17816.0
AR-USD-PERP.HYPERLIQUID,1771149960000,2.061,2.061,2.061,2.061,257.27
ARB-USD-PERP.HYPERLIQUID,1771149960000,0.11847,0.11847,0.11845,0.11846,2827.3
BTC-USD-PERP.HYPERLIQUID,1771149960000,70268.0,70286.0,70268.0,70282.0,0.96206
DOGE-USD-PERP.HYPERLIQUID,1771149960000,0.11382,0.11383,0.11377,0.11377,43869.0
DOT-USD-PERP.HYPERLIQUID,1771149960000,1.408,1.4083,1.408,1.4083,451.0
ETH-USD-PERP.HYPERLIQUID,1771149960000,2061.9,2062.5,2061.8,2062.2,1.0635
FARTCOIN-USD-PERP.HYPERLIQUID,1771149960000,0.21029,0.21029,0.2102,0.2102,4995.0
HYPE-USD-PERP.HYPERLIQUID,1771149960000,30.995,31.008,30.976,30.992,253.79
OP-USD-PERP.HYPERLIQUID,1771149960000,0.19416,0.19422,0.19416,0.19422,580.1
SOL-USD-PERP.HYPERLIQUID,1771149960000,89.585,89.602,89.545,89.545,160.08
ZEC-USD-PERP.HYPERLIQUID,1771149960000,308.82,308.87,308.71,308.71,22.8
AVAX-USD-PERP.HYPERLIQUID,1771149960000,9.5568,9.5574,9.5562,9.5562,31.31
BTC-USD-PERP.HYPERLIQUID,1771149960000,70268.0,70286.0,70268.0,70280.0,0.96319
DOT-USD-PERP.HYPERLIQUID,1771149960000,1.408,1.4083,1.408,1.4083,460.2
HYPE-USD-PERP.HYPERLIQUID,1771149960000,30.995,31.008,30.976,31.005,254.16
OP-USD-PERP.HYPERLIQUID,1771149960000,0.19416,0.19422,0.19416,0.19422,780.4
PENGU-USD-PERP.HYPERLIQUID,1771149960000,0.007547,0.007547,0.007541,0.007545,39174.0
STBL-USD-PERP.HYPERLIQUID,1771149960000,0.039633,0.039633,0.039627,0.039627,888.0
XMR-USD-PERP.HYPERLIQUID,1771149960000,348.31,348.31,348.0,348.0,2.42
XPL-USD-PERP.HYPERLIQUID,1771149960000,0.10071,0.10071,0.10069,0.10069,5938.0
ZEC-USD-PERP.HYPERLIQUID,1771149960000,308.82,308.87,308.71,308.72,22.85
DOT-USD-PERP.HYPERLIQUID,1771149960000,1.408,1.4083,1.408,1.4083,476.6
HYPE-USD-PERP.HYPERLIQUID,1771149960000,30.995,31.008,30.976,31.001,260.62
OP-USD-PERP.HYPERLIQUID,1771149960000,0.19416,0.19422,0.19416,0.19422,854.2
kPEPE-USD-PERP.HYPERLIQUID,1771149960000,0.004735,0.004735,0.004724,0.00473,4277246.0
BTC-USD-PERP.HYPERLIQUID,1771149960000,70268.0,70286.0,70268.0,70275.0,0.96432
DOGE-USD-PERP.HYPERLIQUID,1771149960000,0.11382,0.11383,0.11376,0.11376,43966.0
ETH-USD-PERP.HYPERLIQUID,1771149960000,2061.9,2062.5,2061.8,2061.9,1.2104
IO-USD-PERP.HYPERLIQUID,1771149960000,0.10983,0.10983,0.10983,0.10983,1581.8
PNUT-USD-PERP.HYPERLIQUID,1771149960000,0.05256,0.05256,0.05256,0.05256,3047.0
UNI-USD-PERP.HYPERLIQUID,1771149960000,3.5783,3.5783,3.5757,3.5757,100.0
WLD-USD-PERP.HYPERLIQUID,1771149960000,0.42217,0.42239,0.42217,0.42238,1826.4
ZEC-USD-PERP.HYPERLIQUID,1771149960000,308.82,308.87,308.57,308.57,33.54
BTC-USD-PERP.HYPERLIQUID,1771149960000,70268.0,70286.0,70268.0,70276.0,0.96503
ETH-USD-PERP.HYPERLIQUID,1771149960000,2061.9,2062.5,2061.8,2061.9,1.5733
FARTCOIN-USD-PERP.HYPERLIQUID,1771149960000,0.21029,0.21029,0.2102,0.21023,5105.8
HYPE-USD-PERP.HYPERLIQUID,1771149960000,30.995,31.008,30.976,30.995,268.11
IO-USD-PERP.HYPERLIQUID,1771149960000,0.10983,0.10983,0.10983,0.10983,10007.3
NEAR-USD-PERP.HYPERLIQUID,1771149960000,1.0747,1.0757,1.0747,1.0757,164.4
XPL-USD-PERP.HYPERLIQUID,1771149960000,0.10071,0.10071,0.10066,0.10066,7075.0
ZEC-USD-PERP.HYPERLIQUID,1771149960000,308.82,308.87,308.57,308.58,35.58
BTC-USD-PERP.HYPERLIQUID,1771149960000,70268.0,70286.0,70268.0,70276.0,0.96703
ETH-USD-PERP.HYPERLIQUID,1771149960000,2061.9,2062.5,2061.8,2061.8,5.8804
FARTCOIN-USD-PERP.HYPERLIQUID,1771149960000,0.21029,0.21029,0.21016,0.21016,5592.3
PENGU-USD-PERP.HYPERLIQUID,1771149960000,0.007547,0.007547,0.007541,0.007542,67455.0
WLD-USD-PERP.HYPERLIQUID,1771149960000,0.42217,0.42239,0.42217,0.42238,2715.3
ZEC-USD-PERP.HYPERLIQUID,1771149960000,308.82,308.87,308.57,308.59,35.86
CAKE-USD-PERP.HYPERLIQUID,1771149960000,1.3466,1.3466,1.3466,1.3466,127.8
ETH-USD-PERP.HYPERLIQUID,1771149960000,2061.9,2062.5,2061.8,2061.8,5.886
HYPE-USD-PERP.HYPERLIQUID,1771149960000,30.995,31.008,30.976,31.001,268.92
MOVE-USD-PERP.HYPERLIQUID,1771149960000,0.025158,0.025173,0.025158,0.025169,6473.0
PENGU-USD-PERP.HYPERLIQUID,1771149960000,0.007547,0.007547,0.007541,0.007544,78889.0
SUI-USD-PERP.HYPERLIQUID,1771149960000,1.0162,1.0165,1.0159,1.0162,3381.3
VVV-USD-PERP.HYPERLIQUID,1771149960000,3.9264,3.944,3.9264,3.94,3583.41
ZEC-USD-PERP.HYPERLIQUID,1771149960000,308.82,308.87,308.46,308.59,39.99
ETH-USD-PERP.HYPERLIQUID,1771149960000,2061.9,2062.5,2061.6,2061.6,5.946
SOL-USD-PERP.HYPERLIQUID,1771149960000,89.585,89.602,89.532,89.532,277.31
TRUMP-USD-PERP.HYPERLIQUID,1771149960000,3.509,3.509,3.5085,3.5085,65.2
ZEC-USD-PERP.HYPERLIQUID,1771149960000,308.82,308.87,308.46,308.59,41.59
BTC-USD-PERP.HYPERLIQUID,1771149960000,70268.0,70286.0,70268.0,70275.0,0.96832
LIT-USD-PERP.HYPERLIQUID,1771149960000,1.7049,1.7049,1.7036,1.7042,484.0
LTC-USD-PERP.HYPERLIQUID,1771149960000,55.962,55.962,55.952,55.952,5.6
STABLE-USD-PERP.HYPERLIQUID,1771149960000,0.024033,0.024033,0.024033,0.024033,1065.0
UNI-USD-PERP.HYPERLIQUID,1771149960000,3.5783,3.5783,3.5746,3.5746,150.0
ZEC-USD-PERP.HYPERLIQUID,1771149960000,308.82,308.87,308.46,308.5,46.35
AERO-USD-PERP.HYPERLIQUID,1771149960000,0.32928,0.32928,0.32928,0.32928,56.0
AR-USD-PERP.HYPERLIQUID,1771149960000,2.061,2.061,2.0605,2.0605,319.06
MNT-USD-PERP.HYPERLIQUID,1771149960000,0.67176,0.67233,0.67151,0.67151,4072.3
NEAR-USD-PERP.HYPERLIQUID,1771149960000,1.0747,1.0757,1.0747,1.0755,175.9
STABLE-USD-PERP.HYPERLIQUID,1771149960000,0.024033,0.024033,0.024033,0.024033,1803.0
STX-USD-PERP.HYPERLIQUID,1771149960000,0.27416,0.27416,0.27416,0.27416,212.0
ARB-USD-PERP.HYPERLIQUID,1771149960000,0.11847,0.11847,0.11841,0.11841,4203.3
BTC-USD-PERP.HYPERLIQUID,1771149960000,70268.0,70286.0,70268.0,70273.0,0.97108
ETH-USD-PERP.HYPERLIQUID,1771149960000,2061.9,2062.5,2061.5,2061.5,6.0617
FARTCOIN-USD-PERP.HYPERLIQUID,1771149960000,0.21029,0.21029,0.2101,0.2101,6039.4
LINK-USD-PERP.HYPERLIQUID,1771149960000,9.0847,9.0849,9.0826,9.0826,33.9
LTC-USD-PERP.HYPERLIQUID,1771149960000,55.962,55.962,55.952,55.952,5.8
PUMP-USD-PERP.HYPERLIQUID,1771149960000,0.002284,0.002284,0.002282,0.002282,31168.0
SOL-USD-PERP.HYPERLIQUID,1771149960000,89.585,89.602,89.532,89.532,278.98
WIF-USD-PERP.HYPERLIQUID,1771149960000,0.243,0.243,0.243,0.243,107.0
XRP-USD-PERP.HYPERLIQUID,1771149960000,1.5781,1.5792,1.5773,1.5782,56069.0
ZEC-USD-PERP.HYPERLIQUID,1771149960000,308.82,308.87,308.46,308.57,46.56
ZORA-USD-PERP.HYPERLIQUID,1771149960000,0.021754,0.021754,0.021754,0.021754,848.0
0G-USD-PERP.HYPERLIQUID,1771149960000,0.68376,0.68387,0.68376,0.68378,326.0
BTC-USD-PERP.HYPERLIQUID,1771149960000,70268.0,70286.0,70268.0,70273.0,0.97146
FARTCOIN-USD-PERP.HYPERLIQUID,1771149960000,0.21029,0.21029,0.2101,0.21011,7959.3
HYPE-USD-PERP.HYPERLIQUID,1771149960000,30.995,31.008,30.976,30.994,269.31
LTC-USD-PERP.HYPERLIQUID,1771149960000,55.962,55.962,55.951,55.951,7.15
SOPH-USD-PERP.HYPERLIQUID,1771149960000,0.01008,0.01008,0.01008,0.01008,1885.0
TRX-USD-PERP.HYPERLIQUID,1771149960000,0.28085,0.28087,0.28085,0.28087,2037.0
kPEPE-USD-PERP.HYPERLIQUID,1771149960000,0.004735,0.004735,0.004721,0.004721,4646884.0
BTC-USD-PERP.HYPERLIQUID,1771149960000,70268.0,70286.0,70268.0,70273.0,0.97162
CAKE-USD-PERP.HYPERLIQUID,1771149960000,1.3466,1.3466,1.3466,1.3466,202.7
FARTCOIN-USD-PERP.HYPERLIQUID,1771149960000,0.21029,0.21029,0.2101,0.21011,9153.2
HYPE-USD-PERP.HYPERLIQUID,1771149960000,30.995,31.008,30.976,30.995,270.24
SOL-USD-PERP.HYPERLIQUID,1771149960000,89.585,89.602,89.532,89.542,279.11
XRP-USD-PERP.HYPERLIQUID,1771149960000,1.5781,1.5792,1.5773,1.5781,56088.0
kPEPE-USD-PERP.HYPERLIQUID,1771149960000,0.004735,0.004735,0.004721,0.004722,4649503.0
ARB-USD-PERP.HYPERLIQUID,1771149960000,0.11847,0.11847,0.11841,0.11842,8746.5
ZEC-USD-PERP.HYPERLIQUID,1771149960000,308.82,308.87,308.46,308.57,55.09
ZRO-USD-PERP.HYPERLIQUID,1771149960000,1.865,1.8661,1.865,1.8661,50.0
kBONK-USD-PERP.HYPERLIQUID,1771149960000,0.006918,0.006918,0.006918,0.006918,28488.0
kPEPE-USD-PERP.HYPERLIQUID,1771149960000,0.004735,0.004735,0.004721,0.004723,4658536.0
APT-USD-PERP.HYPERLIQUID,1771149960000,0.9663,0.9665,0.9655,0.9655,947.31
FET-USD-PERP.HYPERLIQUID,1771149960000,0.17792,0.17792,0.17769,0.17769,308.0
LTC-USD-PERP.HYPERLIQUID,1771149960000,55.962,55.962,55.951,55.951,8.52
PENGU-USD-PERP.HYPERLIQUID,1771149960000,0.007547,0.007547,0.007541,0.007547,89189.0
XPL-USD-PERP.HYPERLIQUID,1771149960000,0.10071,0.10071,0.10066,0.10068,10960.0
ZEC-USD-PERP.HYPERLIQUID,1771149960000,308.82,308.87,308.46,308.57,57.88
ZRO-USD-PERP.HYPERLIQUID,1771149960000,1.865,1.8662,1.865,1.8662,59.4
kPEPE-USD-PERP.HYPERLIQUID,1771149960000,0.004735,0.004735,0.004721,0.004728,4669291.0
APT-USD-PERP.HYPERLIQUID,1771149960000,0.9663,0.9665,0.9653,0.9653,962.85
BTC-USD-PERP.HYPERLIQUID,1771149960000,70268.0,70286.0,70266.0,70266.0,0.98075
DOGE-USD-PERP.HYPERLIQUID,1771149960000,0.11382,0.11383,0.11375,0.11375,44025.0
OP-USD-PERP.HYPERLIQUID,1771149960000,0.19416,0.19422,0.19412,0.19412,943.4
SOL-USD-PERP.HYPERLIQUID,1771149960000,89.585,89.602,89.532,89.55,462.31
XPL-USD-PERP.HYPERLIQUID,1771149960000,0.10071,0.10071,0.10061,0.10061,22358.0
ADA-USD-PERP.HYPERLIQUID,1771149960000,0.29376,0.29376,0.29367,0.29368,28791.0
APT-USD-PERP.HYPERLIQUID,1771149960000,0.9663,0.9665,0.9653,0.9653,1721.83
BERA-USD-PERP.HYPERLIQUID,1771149960000,0.6634,0.66347,0.66332,0.66347,1568.9
ETH-USD-PERP.HYPERLIQUID,1771149960000,2061.9,2062.5,2061.3,2061.5,11.58
GOAT-USD-PERP.HYPERLIQUID,1771149960000,0.024829,0.024829,0.0248,0.0248,100064.0
HYPE-USD-PERP.HYPERLIQUID,1771149960000,30.995,31.008,30.976,30.987,294.54
LINK-USD-PERP.HYPERLIQUID,1771149960000,9.0847,9.0849,9.0823,9.0823,42.1
LTC-USD-PERP.HYPERLIQUID,1771149960000,55.962,55.962,55.941,55.941,14.07
MNT-USD-PERP.HYPERLIQUID,1771149960000,0.67176,0.67233,0.67151,0.67189,5777.6
NEAR-USD-PERP.HYPERLIQUID,1771149960000,1.0747,1.0757,1.0747,1.075,261.4
PENGU-USD-PERP.HYPERLIQUID,1771149960000,0.007547,0.007547,0.007535,0.007535,198912.0
PNUT-USD-PERP.HYPERLIQUID,1771149960000,0.05256,0.05256,0.05252,0.05252,15220.8
PUMP-USD-PERP.HYPERLIQUID,1771149960000,0.002284,0.002284,0.002281,0.002281,39936.0
TAO-USD-PERP.HYPERLIQUID,1771149960000,188.31,188.31,188.31,188.31,1.315
TIA-USD-PERP.HYPERLIQUID,1771149960000,0.35296,0.35296,0.35296,0.35296,36.0
TRUMP-USD-PERP.HYPERLIQUID,1771149960000,3.509,3.509,3.507,3.507,68.4
VIRTUAL-USD-PERP.HYPERLIQUID,1771149960000,0.67125,0.67125,0.67125,0.67125,1256.7
WLD-USD-PERP.HYPERLIQUID,1771149960000,0.42217,0.42239,0.42216,0.42216,2824.9
XPL-USD-PERP.HYPERLIQUID,1771149960000,0.10071,0.10071,0.10061,0.10061,23360.0
XRP-USD-PERP.HYPERLIQUID,1771149960000,1.5781,1.5792,1.5773,1.578,59737.0
ZORA-USD-PERP.HYPERLIQUID,1771149960000,0.021754,0.021754,0.021754,0.021754,10848.0
kBONK-USD-PERP.HYPERLIQUID,1771149960000,0.006918,0.006918,0.006917,0.006917,395794.0
kNEIRO-USD-PERP.HYPERLIQUID,1771149960000,0.08021,0.08021,0.08021,0.08021,10520.9
kPEPE-USD-PERP.HYPERLIQUID,1771149960000,0.004735,0.004735,0.004721,0.004721,4669311.0
AAVE-USD-PERP.HYPERLIQUID,1771149960000,128.88,128.88,128.86,128.86,0.32
ADA-USD-PERP.HYPERLIQUID,1771149960000,0.29376,0.29376,0.29364,0.29364,28829.0
ARB-USD-PERP.HYPERLIQUID,1771149960000,0.11847,0.11847,0.11836,0.11836,11194.5
BCH-USD-PERP.HYPERLIQUID,1771149960000,559.2,559.2,559.2,559.2,0.02
BNB-USD-PERP.HYPERLIQUID,1771149960000,628.58,628.58,628.33,628.33,1.84
BTC-USD-PERP.HYPERLIQUID,1771149960000,70268.0,70286.0,70257.0,70257.0,1.43637
CFX-USD-PERP.HYPERLIQUID,1771149960000,0.05645,0.05645,0.056433,0.056433,31437.0
CRV-USD-PERP.HYPERLIQUID,1771149960000,0.25922,0.25922,0.25917,0.25917,29382.4
DOGE-USD-PERP.HYPERLIQUID,1771149960000,0.11382,0.11383,0.1137,0.1137,44317.0
EIGEN-USD-PERP.HYPERLIQUID,1771149960000,0.2141,0.2141,0.2141,0.2141,2830.44
ENA-USD-PERP.HYPERLIQUID,1771149960000,0.12663,0.12663,0.12649,0.12649,6737.0
ETH-USD-PERP.HYPERLIQUID,1771149960000,2061.9,2062.5,2060.8,2060.8,13.7862
HYPE-USD-PERP.HYPERLIQUID,1771149960000,30.995,31.008,30.976,30.984,323.82
LTC-USD-PERP.HYPERLIQUID,1771149960000,55.962,55.962,55.931,55.931,14.51
MAV-USD-PERP.HYPERLIQUID,1771149960000,0.01704,0.01704,0.01704,0.01704,28773.0
MEW-USD-PERP.HYPERLIQUID,1771149960000,0.000675,0.000675,0.000675,0.000675,105309.0
MNT-USD-PERP.HYPERLIQUID,1771149960000,0.67176,0.67233,0.67117,0.67117,9416.3
ONDO-USD-PERP.HYPERLIQUID,1771149960000,0.28589,0.28589,0.2858,0.2858,13473.0
PAXG-USD-PERP.HYPERLIQUID,1771149960000,5037.6,5037.7,5037.6,5037.6,0.42
PEOPLE-USD-PERP.HYPERLIQUID,1771149960000,0.00724,0.00724,0.00724,0.00724,50016.0
POPCAT-USD-PERP.HYPERLIQUID,1771149960000,0.056266,0.056266,0.056266,0.056266,4192.0
PUMP-USD-PERP.HYPERLIQUID,1771149960000,0.002284,0.002284,0.002281,0.002282,44385.0
RUNE-USD-PERP.HYPERLIQUID,1771149960000,0.4158,0.4158,0.4158,0.4158,559.3
SEI-USD-PERP.HYPERLIQUID,1771149960000,0.077503,0.077503,0.077501,0.077501,4983.0
SOL-USD-PERP.HYPERLIQUID,1771149960000,89.585,89.602,89.516,89.526,464.0
SUI-USD-PERP.HYPERLIQUID,1771149960000,1.0162,1.0165,1.0157,1.0157,3460.9
UNI-USD-PERP.HYPERLIQUID,1771149960000,3.5783,3.5783,3.5742,3.5742,353.9
VIRTUAL-USD-PERP.HYPERLIQUID,1771149960000,0.67125,0.67125,0.67058,0.67058,2303.3
VVV-USD-PERP.HYPERLIQUID,1771149960000,3.9264,3.944,3.9264,3.9273,3645.52
WIF-USD-PERP.HYPERLIQUID,1771149960000,0.243,0.243,0.24255,0.24255,153.0
ZORA-USD-PERP.HYPERLIQUID,1771149960000,0.021754,0.021754,0.021751,0.021751,40848.0
kBONK-USD-PERP.HYPERLIQUID,1771149960000,0.006918,0.006918,0.006903,0.006903,444920.0
kPEPE-USD-PERP.HYPERLIQUID,1771149960000,0.004735,0.004735,0.004684,0.004684,16225852.0
kSHIB-USD-PERP.HYPERLIQUID,1771149960000,0.006832,0.006832,0.006818,0.006818,3240.0
AIXBT-USD-PERP.HYPERLIQUID,1771149960000,0.021998,0.022025,0.021967,0.021967,11449.0
APT-USD-PERP.HYPERLIQUID,1771149960000,0.9663,0.9665,0.9645,0.9645,1949.62
ARB-USD-PERP.HYPERLIQUID,1771149960000,0.11847,0.11847,0.11833,0.11833,11606.1
ATOM-USD-PERP.HYPERLIQUID,1771149960000,2.165,2.165,2.1617,2.1617,392.62
AVAX-USD-PERP.HYPERLIQUID,1771149960000,9.5568,9.5574,9.5522,9.5522,34.31
BCH-USD-PERP.HYPERLIQUID,1771149960000,559.2,559.2,559.05,559.05,1.276
BTC-USD-PERP.HYPERLIQUID,1771149960000,70268.0,70286.0,70257.0,70257.0,1.4375
CHILLGUY-USD-PERP.HYPERLIQUID,1771149960000,0.011959,0.011959,0.011959,0.011959,1050.0
CRV-USD-PERP.HYPERLIQUID,1771149960000,0.25922,0.25922,0.25917,0.25917,29920.0
DOGE-USD-PERP.HYPERLIQUID,1771149960000,0.11382,0.11383,0.11368,0.11368,52999.0
FET-USD-PERP.HYPERLIQUID,1771149960000,0.17792,0.17792,0.17758,0.17758,404.0
GRIFFAIN-USD-PERP.HYPERLIQUID,1771149960000,0.010289,0.010289,0.010289,0.010289,64031.0
PENDLE-USD-PERP.HYPERLIQUID,1771149960000,1.2904,1.2904,1.2903,1.2903,501.0
SOL-USD-PERP.HYPERLIQUID,1771149960000,89.585,89.602,89.514,89.514,465.21
TRUMP-USD-PERP.HYPERLIQUID,1771149960000,3.509,3.509,3.5063,3.5063,189.8
VIRTUAL-USD-PERP.HYPERLIQUID,1771149960000,0.67125,0.67125,0.67042,0.67046,4192.1
XMR-USD-PERP.HYPERLIQUID,1771149960000,348.31,348.31,347.78,347.78,4.133
YGG-USD-PERP.HYPERLIQUID,1771149960000,0.042332,0.042332,0.042176,0.042176,15696.0
kPEPE-USD-PERP.HYPERLIQUID,1771149960000,0.004735,0.004735,0.004667,0.004668,23433425.0
COMP-USD-PERP.HYPERLIQUID,1771149960000,22.982,23.053,22.982,23.007,10.07
CRV-USD-PERP.HYPERLIQUID,1771149960000,0.25922,0.25922,0.25917,0.25918,36400.0
DOT-USD-PERP.HYPERLIQUID,1771149960000,1.408,1.4083,1.4068,1.4068,1116.6
NXPC-USD-PERP.HYPERLIQUID,1771149960000,0.27749,0.27749,0.27749,0.27749,133.0
PAXG-USD-PERP.HYPERLIQUID,1771149960000,5037.6,5037.7,5037.2,5037.2,0.436
POLYX-USD-PERP.HYPERLIQUID,1771149960000,0.046484,0.046484,0.046484,0.046484,279.0
PYTH-USD-PERP.HYPERLIQUID,1771149960000,0.056726,0.056726,0.056726,0.056726,933.0
kPEPE-USD-PERP.HYPERLIQUID,1771149960000,0.004735,0.004735,0.004667,0.004672,23497664.0
CAKE-USD-PERP.HYPERLIQUID,1771149960000,1.3466,1.3466,1.3462,1.3462,222.9
ETH-USD-PERP.HYPERLIQUID,1771149960000,2061.9,2062.5,2060.8,2061.0,113.7862
PAXG-USD-PERP.HYPERLIQUID,1771149960000,5037.6,5037.7,5033.3,5033.3,11.527
kPEPE-USD-PERP.HYPERLIQUID,1771149960000,0.004735,0.004735,0.004667,0.004681,25643513.0
BTC-USD-PERP.HYPERLIQUID,1771149960000,70268.0,70286.0,70257.0,70257.0,1.43826
CHILLGUY-USD-PERP.HYPERLIQUID,1771149960000,0.011959,0.011959,0.011959,0.011959,6800.0
IP-USD-PERP.HYPERLIQUID,1771149960000,1.167,1.167,1.167,1.167,16.2
LIT-USD-PERP.HYPERLIQUID,1771149960000,1.7049,1.7049,1.7036,1.7042,502.0
NEAR-USD-PERP.HYPERLIQUID,1771149960000,1.0747,1.0757,1.0745,1.0745,538.8
SOL-USD-PERP.HYPERLIQUID,1771149960000,89.585,89.602,89.514,89.515,469.72
ZEC-USD-PERP.HYPERLIQUID,1771149960000,308.82,308.87,308.44,308.44,58.92
kPEPE-USD-PERP.HYPERLIQUID,1771149960000,0.004735,0.004735,0.004667,0.004681,28275605.0
kSHIB-USD-PERP.HYPERLIQUID,1771149960000,0.006832,0.006832,0.006811,0.006811,42280.0
ARB-USD-PERP.HYPERLIQUID,1771149960000,0.11847,0.11847,0.11833,0.11837,12319.5
ASTER-USD-PERP.HYPERLIQUID,1771149960000,0.73025,0.73026,0.73001,0.73001,1165.0
BTC-USD-PERP.HYPERLIQUID,1771149960000,70268.0,70286.0,70237.0,70237.0,6.38973
ETH-USD-PERP.HYPERLIQUID,1771149960000,2061.9,2062.5,2060.8,2061.0,123.7862
NEAR-USD-PERP.HYPERLIQUID,1771149960000,1.0747,1.0757,1.0745,1.0746,552.0
SCR-USD-PERP.HYPERLIQUID,1771149960000,0.05061,0.05061,0.05061,0.05061,393.4
TAO-USD-PERP.HYPERLIQUID,1771149960000,188.31,188.31,188.24,188.24,1.646
XRP-USD-PERP.HYPERLIQUID,1771149960000,1.5781,1.5792,1.5773,1.5781,60771.0
kPEPE-USD-PERP.HYPERLIQUID,1771149960000,0.004735,0.004735,0.004667,0.004681,28339680.0
0G-USD-PERP.HYPERLIQUID,1771149960000,0.68376,0.68387,0.68376,0.68386,432.0
ACE-USD-PERP.HYPERLIQUID,1771149960000,0.1807,0.1807,0.1807,0.1807,262.9
ETH-USD-PERP.HYPERLIQUID,1771149960000,2061.9,2062.5,2060.6,2060.6,130.7744
FARTCOIN-USD-PERP.HYPERLIQUID,1771149960000,0.21029,0.21029,0.21006,0.21006,9671.2
LINK-USD-PERP.HYPERLIQUID,1771149960000,9.0847,9.0849,9.0779,9.0779,90.5
SOL-USD-PERP.HYPERLIQUID,1771149960000,89.585,89.602,89.514,89.533,469.85
VVV-USD-PERP.HYPERLIQUID,1771149960000,3.9264,3.944,3.9203,3.9203,3648.63
XRP-USD-PERP.HYPERLIQUID,1771149960000,1.5781,1.5792,1.5773,1.5774,60935.0
kPEPE-USD-PERP.HYPERLIQUID,1771149960000,0.004735,0.004735,0.004667,0.004672,39524656.0
kSHIB-USD-PERP.HYPERLIQUID,1771149960000,0.006832,0.006832,0.00681,0.00681,69336.0
AVAX-USD-PERP.HYPERLIQUID,1771149960000,9.5568,9.5574,9.552,9.552,37.31
BERA-USD-PERP.HYPERLIQUID,1771149960000,0.6634,0.66347,0.66332,0.66333,2725.1
BTC-USD-PERP.HYPERLIQUID,1771149960000,70268.0,70286.0,70237.0,70242.0,6.39008
HYPE-USD-PERP.HYPERLIQUID,1771149960000,30.995,31.008,30.976,30.988,324.19
MNT-USD-PERP.HYPERLIQUID,1771149960000,0.67176,0.67233,0.67117,0.67125,10748.7
ONDO-USD-PERP.HYPERLIQUID,1771149960000,0.28589,0.28589,0.2858,0.28586,13509.0
PUMP-USD-PERP.HYPERLIQUID,1771149960000,0.002284,0.002284,0.002281,0.002281,166876.0
XRP-USD-PERP.HYPERLIQUID,1771149960000,1.5781,1.5792,1.5771,1.5771,61027.0
ZEC-USD-PERP.HYPERLIQUID,1771149960000,308.82,308.87,308.41,308.41,60.11
APT-USD-PERP.HYPERLIQUID,1771149960000,0.9663,0.9665,0.9643,0.9643,2087.61
BTC-USD-PERP.HYPERLIQUID,1771149960000,70268.0,70286.0,70237.0,70242.0,6.39023
CAKE-USD-PERP.HYPERLIQUID,1771149960000,1.3466,1.3466,1.3461,1.3461,234.3
CRV-USD-PERP.HYPERLIQUID,1771149960000,0.25922,0.25922,0.259,0.259,40269.7
DOT-USD-PERP.HYPERLIQUID,1771149960000,1.408,1.4083,1.4067,1.4067,1351.8
ETH-USD-PERP.HYPERLIQUID,1771149960000,2061.9,2062.5,2060.6,2060.7,130.7915
HYPE-USD-PERP.HYPERLIQUID,1771149960000,30.995,31.008,30.976,30.983,330.89
S-USD-PERP.HYPERLIQUID,1771149960000,0.049692,0.049692,0.049692,0.049692,377.0
SOL-USD-PERP.HYPERLIQUID,1771149960000,89.585,89.602,89.512,89.512,470.51
SUI-USD-PERP.HYPERLIQUID,1771149960000,1.0162,1.0165,1.0155,1.0155,3471.8
VINE-USD-PERP.HYPERLIQUID,1771149960000,0.020179,0.020179,0.020179,0.020179,29103.0
WLD-USD-PERP.HYPERLIQUID,1771149960000,0.42217,0.42239,0.42172,0.42172,2983.7
XPL-USD-PERP.HYPERLIQUID,1771149960000,0.10071,0.10071,0.10057,0.10057,26182.0
kPEPE-USD-PERP.HYPERLIQUID,1771149960000,0.004735,0.004735,0.004667,0.004673,39838047.0
APT-USD-PERP.HYPERLIQUID,1771149960000,0.9663,0.9665,0.9643,0.9645,2225.46
BNB-USD-PERP.HYPERLIQUID,1771149960000,628.58,628.58,628.33,628.49,1.902
CRV-USD-PERP.HYPERLIQUID,1771149960000,0.25922,0.25922,0.259,0.259,45111.2
DASH-USD-PERP.HYPERLIQUID,1771149960000,39.716,39.716,39.662,39.662,27.38
LTC-USD-PERP.HYPERLIQUID,1771149960000,55.962,55.962,55.923,55.923,14.7
PAXG-USD-PERP.HYPERLIQUID,1771149960000,5037.6,5037.7,5033.3,5036.8,11.53
WLD-USD-PERP.HYPERLIQUID,1771149960000,0.42217,0.42239,0.42156,0.42156,4562.2
XRP-USD-PERP.HYPERLIQUID,1771149960000,1.5781,1.5792,1.5767,1.5767,62308.0
ZRO-USD-PERP.HYPERLIQUID,1771149960000,1.865,1.8662,1.865,1.865,606.3
kPEPE-USD-PERP.HYPERLIQUID,1771149960000,0.004735,0.004735,0.004667,0.004678,40068161.0
BTC-USD-PERP.HYPERLIQUID,1771149960000,70268.0,70286.0,70237.0,70247.0,6.78171
CRV-USD-PERP.HYPERLIQUID,1771149960000,0.25922,0.25922,0.259,0.25912,46269.7
DOGE-USD-PERP.HYPERLIQUID,1771149960000,0.11382,0.11383,0.11368,0.11369,53217.0
ENA-USD-PERP.HYPERLIQUID,1771149960000,0.12663,0.12663,0.12649,0.12651,7068.0
PAXG-USD-PERP.HYPERLIQUID,1771149960000,5037.6,5037.7,5033.0,5033.0,21.466
XPL-USD-PERP.HYPERLIQUID,1771149960000,0.10071,0.10071,0.10057,0.1006,27503.0
XRP-USD-PERP.HYPERLIQUID,1771149960000,1.5781,1.5792,1.5765,1.5765,63913.0
ZEC-USD-PERP.HYPERLIQUID,1771149960000,308.82,308.87,308.41,308.49,66.11
ZORA-USD-PERP.HYPERLIQUID,1771149960000,0.021754,0.021754,0.021739,0.021739,41632.0
AVAX-USD-PERP.HYPERLIQUID,1771149960000,9.5568,9.5574,9.552,9.552,67.22
BIO-USD-PERP.HYPERLIQUID,1771149960000,0.025363,0.025363,0.025363,0.025363,721.0
ETH-USD-PERP.HYPERLIQUID,1771149960000,2061.9,2062.5,2060.6,2060.7,130.8064
FOGO-USD-PERP.HYPERLIQUID,1771149960000,0.022866,0.022866,0.022866,0.022866,659.0
VVV-USD-PERP.HYPERLIQUID,1771149960000,3.9264,3.944,3.9188,3.9188,3676.91
XPL-USD-PERP.HYPERLIQUID,1771149960000,0.10071,0.10071,0.10057,0.10058,33906.0
BTC-USD-PERP.HYPERLIQUID,1771149960000,70268.0,70286.0,70237.0,70239.0,11.76416
DOGE-USD-PERP.HYPERLIQUID,1771149960000,0.11382,0.11383,0.11362,0.11362,58583.0
DYM-USD-PERP.HYPERLIQUID,1771149960000,0.04629,0.04629,0.04629,0.04629,874.0
ETH-USD-PERP.HYPERLIQUID,1771149960000,2061.9,2062.5,2060.6,2060.7,130.812
HYPE-USD-PERP.HYPERLIQUID,1771149960000,30.995,31.008,30.976,30.982,345.96
LINK-USD-PERP.HYPERLIQUID,1771149960000,9.0847,9.0849,9.0748,9.0748,93.1
PENGU-USD-PERP.HYPERLIQUID,1771149960000,0.007547,0.007547,0.007529,0.007529,207220.0
POPCAT-USD-PERP.HYPERLIQUID,1771149960000,0.056266,0.056266,0.056249,0.056264,76183.0
PUMP-USD-PERP.HYPERLIQUID,1771149960000,0.002284,0.002284,0.00228,0.00228,655327.0
RENDER-USD-PERP.HYPERLIQUID,1771149960000,1.4751,1.4751,1.4731,1.4731,78.0
SOL-USD-PERP.HYPERLIQUID,1771149960000,89.585,89.602,89.495,89.495,538.77
SPX-USD-PERP.HYPERLIQUID,1771149960000,0.32902,0.32902,0.32893,0.32893,5451.5
STABLE-USD-PERP.HYPERLIQUID,1771149960000,0.024033,0.024051,0.024033,0.024051,2495.0
VVV-USD-PERP.HYPERLIQUID,1771149960000,3.9264,3.944,3.9188,3.9188,3679.59
XRP-USD-PERP.HYPERLIQUID,1771149960000,1.5781,1.5792,1.5762,1.5762,64709.0
kBONK-USD-PERP.HYPERLIQUID,1771149960000,0.006918,0.006918,0.006887,0.006887,913374.0
kPEPE-USD-PERP.HYPERLIQUID,1771149960000,0.004735,0.004735,0.004667,0.004674,41475742.0
DOGE-USD-PERP.HYPERLIQUID,1771149960000,0.11382,0.11383,0.11362,0.11364,58683.0
DOT-USD-PERP.HYPERLIQUID,1771149960000,1.408,1.4083,1.4064,1.4064,1534.8
FET-USD-PERP.HYPERLIQUID,1771149960000,0.17792,0.17792,0.17757,0.17757,480.0
MORPHO-USD-PERP.HYPERLIQUID,1771149960000,1.4135,1.4135,1.4125,1.4125,35.5
TRX-USD-PERP.HYPERLIQUID,1771149960000,0.28085,0.28088,0.28085,0.28088,2684.0
BTC-USD-PERP.HYPERLIQUID,1771149960000,70268.0,70286.0,70237.0,70239.0,11.76433
HEMI-USD-PERP.HYPERLIQUID,1771149960000,0.010417,0.010417,0.010417,0.010417,1911.0
LTC-USD-PERP.HYPERLIQUID,1771149960000,55.962,55.962,55.912,55.912,14.9
RENDER-USD-PERP.HYPERLIQUID,1771149960000,1.4751,1.4751,1.4728,1.4728,118.7
RESOLV-USD-PERP.HYPERLIQUID,1771149960000,0.061936,0.061936,0.061936,0.061936,181.0
TRB-USD-PERP.HYPERLIQUID,1771149960000,16.383,16.383,16.383,16.383,0.91
TRX-USD-PERP.HYPERLIQUID,1771149960000,0.28085,0.28088,0.28085,0.28087,5652.0
kPEPE-USD-PERP.HYPERLIQUID,1771149960000,0.004735,0.004735,0.004667,0.004669,41566053.0
BTC-USD-PERP.HYPERLIQUID,1771149960000,70268.0,70286.0,70237.0,70240.0,11.76561
ETH-USD-PERP.HYPERLIQUID,1771149960000,2061.9,2062.5,2060.6,2060.7,130.862
GMX-USD-PERP.HYPERLIQUID,1771149960000,6.6509,6.6509,6.646,6.646,87.66
kPEPE-USD-PERP.HYPERLIQUID,1771149960000,0.004735,0.004735,0.004667,0.00467,42966877.0
BTC-USD-PERP.HYPERLIQUID,1771149960000,70268.0,70286.0,70237.0,70248.0,11.76668
HYPE-USD-PERP.HYPERLIQUID,1771149960000,30.995,31.008,30.976,30.982,346.35
LIT-USD-PERP.HYPERLIQUID,1771149960000,1.7049,1.7049,1.7036,1.7038,513.0
kBONK-USD-PERP.HYPERLIQUID,1771149960000,0.006918,0.006918,0.00688,0.00688,1022385.0
kPEPE-USD-PERP.HYPERLIQUID,1771149960000,0.004735,0.004735,0.004667,0.00467,43457785.0
AVNT-USD-PERP.HYPERLIQUID,1771149960000,0.20729,0.20729,0.20729,0.20729,210.0
POPCAT-USD-PERP.HYPERLIQUID,1771149960000,0.056266,0.056305,0.056249,0.056305,79059.0
BNB-USD-PERP.HYPERLIQUID,1771149960000,628.58,628.58,628.33,628.33,2.182
BTC-USD-PERP.HYPERLIQUID,1771149960000,70268.0,70286.0,70237.0,70247.0,11.80262
ETH-USD-PERP.HYPERLIQUID,1771149960000,2061.9,2062.5,2060.6,2060.7,130.8705
FET-USD-PERP.HYPERLIQUID,1771149960000,0.17792,0.17792,0.17757,0.17757,2280.0
HBAR-USD-PERP.HYPERLIQUID,1771149960000,0.10296,0.10296,0.10296,0.10296,172.0
LTC-USD-PERP.HYPERLIQUID,1771149960000,55.962,55.962,55.91,55.91,15.12
POPCAT-USD-PERP.HYPERLIQUID,1771149960000,0.056266,0.056311,0.056249,0.056311,80162.0
SOL-USD-PERP.HYPERLIQUID,1771149960000,89.585,89.602,89.474,89.474,678.17
WLD-USD-PERP.HYPERLIQUID,1771149960000,0.42217,0.42239,0.42156,0.42156,4618.2
XRP-USD-PERP.HYPERLIQUID,1771149960000,1.5781,1.5792,1.5761,1.5763,78047.0
ZEC-USD-PERP.HYPERLIQUID,1771149960000,308.82,308.87,308.41,308.56,66.23
BTC-USD-PERP.HYPERLIQUID,1771149960000,70268.0,70286.0,70237.0,70247.0,11.80412
DOGE-USD-PERP.HYPERLIQUID,1771149960000,0.11382,0.11383,0.11362,0.11364,59496.0
IP-USD-PERP.HYPERLIQUID,1771149960000,1.167,1.167,1.1651,1.1651,1329.6
LINK-USD-PERP.HYPERLIQUID,1771149960000,9.0847,9.0849,9.0712,9.0712,200.0
NEAR-USD-PERP.HYPERLIQUID,1771149960000,1.0747,1.0757,1.0745,1.0745,569.0
POPCAT-USD-PERP.HYPERLIQUID,1771149960000,0.056266,0.056311,0.056249,0.056297,80869.0
SUI-USD-PERP.HYPERLIQUID,1771149960000,1.0162,1.0165,1.0155,1.0155,3575.8
ZEC-USD-PERP.HYPERLIQUID,1771149960000,308.82,308.87,308.41,308.56,66.47
kPEPE-USD-PERP.HYPERLIQUID,1771149960000,0.004735,0.004735,0.004667,0.004674,43790323.0
TRUMP-USD-PERP.HYPERLIQUID,1771149960000,3.509,3.509,3.5049,3.5049,194.1
VVV-USD-PERP.HYPERLIQUID,1771149960000,3.9264,3.944,3.9188,3.9433,6340.98
XRP-USD-PERP.HYPERLIQUID,1771149960000,1.5781,1.5792,1.5761,1.5768,78054.0
ZEC-USD-PERP.HYPERLIQUID,1771149960000,308.82,308.87,308.41,308.56,68.41
kBONK-USD-PERP.HYPERLIQUID,1771149960000,0.006918,0.006918,0.006878,0.006878,1313511.0
kPEPE-USD-PERP.HYPERLIQUID,1771149960000,0.004735,0.004735,0.004667,0.004674,43854507.0
BTC-USD-PERP.HYPERLIQUID,1771149960000,70268.0,70286.0,70237.0,70247.0,11.80521
POPCAT-USD-PERP.HYPERLIQUID,1771149960000,0.056266,0.056311,0.056249,0.05631,81098.0
PYTH-USD-PERP.HYPERLIQUID,1771149960000,0.056726,0.056758,0.056726,0.056758,1136.0
ZEC-USD-PERP.HYPERLIQUID,1771149960000,308.82,308.87,308.41,308.54,69.19
ARB-USD-PERP.HYPERLIQUID,1771149960000,0.11847,0.11847,0.11833,0.11833,12424.5
ASTER-USD-PERP.HYPERLIQUID,1771149960000,0.73025,0.73026,0.72986,0.72986,1250.0
BTC-USD-PERP.HYPERLIQUID,1771149960000,70268.0,70286.0,70237.0,70253.0,12.59239
DOT-USD-PERP.HYPERLIQUID,1771149960000,1.408,1.4083,1.4062,1.4062,1553.0
IMX-USD-PERP.HYPERLIQUID,1771149960000,0.17317,0.17317,0.17317,0.17317,111.3
NEAR-USD-PERP.HYPERLIQUID,1771149960000,1.0747,1.0757,1.0745,1.0745,775.2
SAND-USD-PERP.HYPERLIQUID,1771149960000,0.091186,0.091186,0.091186,0.091186,196.0
SOL-USD-PERP.HYPERLIQUID,1771149960000,89.585,89.602,89.474,89.489,714.37
TRUMP-USD-PERP.HYPERLIQUID,1771149960000,3.509,3.509,3.5048,3.5048,220.6
XLM-USD-PERP.HYPERLIQUID,1771149960000,0.17677,0.17684,0.17665,0.17665,1077.0
kPEPE-USD-PERP.HYPERLIQUID,1771149960000,0.004735,0.004735,0.004667,0.004673,43870231.0
ARB-USD-PERP.HYPERLIQUID,1771149960000,0.11847,0.11847,0.11829,0.11829,17009.1
BTC-USD-PERP.HYPERLIQUID,1771149960000,70268.0,70286.0,70237.0,70252.0,12.62599
ETH-USD-PERP.HYPERLIQUID,1771149960000,2061.9,2062.5,2060.6,2060.7,130.8754
STX-USD-PERP.HYPERLIQUID,1771149960000,0.27416,0.27416,0.27376,0.27376,2284.2
TIA-USD-PERP.HYPERLIQUID,1771149960000,0.35296,0.35296,0.35267,0.35267,69.3
XRP-USD-PERP.HYPERLIQUID,1771149960000,1.5781,1.5792,1.5753,1.5753,80837.0
BTC-USD-PERP.HYPERLIQUID,1771149960000,70268.0,70286.0,70237.0,70252.0,16.58687
FET-USD-PERP.HYPERLIQUID,1771149960000,0.17792,0.17792,0.17757,0.17757,2591.0
SOL-USD-PERP.HYPERLIQUID,1771149960000,89.585,89.602,89.474,89.474,715.45
VVV-USD-PERP.HYPERLIQUID,1771149960000,3.9264,3.944,3.9188,3.9329,6595.27
WLD-USD-PERP.HYPERLIQUID,1771149960000,0.42217,0.42239,0.42155,0.42155,5284.2
ETH-USD-PERP.HYPERLIQUID,1771149960000,2061.9,2062.5,2060.6,2060.8,130.9254
POPCAT-USD-PERP.HYPERLIQUID,1771149960000,0.056266,0.056315,0.056249,0.056315,83434.0
VVV-USD-PERP.HYPERLIQUID,1771149960000,3.9264,3.944,3.9188,3.9414,7367.45
XRP-USD-PERP.HYPERLIQUID,1771149960000,1.5781,1.5792,1.5753,1.5753,83108.0
kPEPE-USD-PERP.HYPERLIQUID,1771149960000,0.004735,0.004735,0.004667,0.004674,43870302.0
ARB-USD-PERP.HYPERLIQUID,1771149960000,0.11847,0.11847,0.11829,0.11833,17526.5
BTC-USD-PERP.HYPERLIQUID,1771149960000,70268.0,70286.0,70237.0,70252.0,16.58837
FET-USD-PERP.HYPERLIQUID,1771149960000,0.17792,0.17792,0.17757,0.17757,2718.0
HYPE-USD-PERP.HYPERLIQUID,1771149960000,30.995,31.008,30.976,30.982,354.91
SUI-USD-PERP.HYPERLIQUID,1771149960000,1.0162,1.0165,1.0153,1.0153,3679.8
kPEPE-USD-PERP.HYPERLIQUID,1771149960000,0.004735,0.004735,0.004667,0.004674,43897144.0
DOGE-USD-PERP.HYPERLIQUID,1771149960000,0.11382,0.11383,0.11356,0.11356,99816.0
ETH-USD-PERP.HYPERLIQUID,1771149960000,2061.9,2062.5,2060.6,2060.6,130.9314
LIT-USD-PERP.HYPERLIQUID,1771149960000,1.7049,1.7049,1.7029,1.7029,1149.0
MEME-USD-PERP.HYPERLIQUID,1771149960000,0.000749,0.000749,0.000749,0.000749,28106.0
ONDO-USD-PERP.HYPERLIQUID,1771149960000,0.28589,0.28589,0.28576,0.28576,13780.0
TAO-USD-PERP.HYPERLIQUID,1771149960000,188.31,188.31,188.15,188.15,3.643
TRX-USD-PERP.HYPERLIQUID,1771149960000,0.28085,0.28088,0.28085,0.28088,6307.0
ZRO-USD-PERP.HYPERLIQUID,1771149960000,1.865,1.8662,1.865,1.8658,639.1
kPEPE-USD-PERP.HYPERLIQUID,1771149960000,0.004735,0.004735,0.004667,0.004674,43942701.0
ETH-USD-PERP.HYPERLIQUID,1771149960000,2061.9,2062.5,2060.5,2060.5,136.5557
MON-USD-PERP.HYPERLIQUID,1771149960000,0.023436,0.023436,0.023436,0.023436,470.0
TRUMP-USD-PERP.HYPERLIQUID,1771149960000,3.509,3.509,3.5018,3.503,805.9
VVV-USD-PERP.HYPERLIQUID,1771149960000,3.9264,3.944,3.9188,3.9329,7439.74
kPEPE-USD-PERP.HYPERLIQUID,1771149960000,0.004735,0.004735,0.004667,0.004674,43956302.0
BTC-USD-PERP.HYPERLIQUID,1771149960000,70268.0,70286.0,70237.0,70247.0,16.59159
DOGE-USD-PERP.HYPERLIQUID,1771149960000,0.11382,0.11383,0.11356,0.11359,100100.0
ETC-USD-PERP.HYPERLIQUID,1771149960000,9.0119,9.0119,9.0045,9.0045,12.85
ETH-USD-PERP.HYPERLIQUID,1771149960000,2061.9,2062.5,2060.4,2060.4,136.629
HYPE-USD-PERP.HYPERLIQUID,1771149960000,30.995,31.008,30.976,30.978,361.74
NEAR-USD-PERP.HYPERLIQUID,1771149960000,1.0747,1.0757,1.074,1.074,809.5
BTC-USD-PERP.HYPERLIQUID,1771149960000,70268.0,70286.0,70237.0,70242.0,16.59272
CRV-USD-PERP.HYPERLIQUID,1771149960000,0.25922,0.25922,0.25892,0.25892,47428.3
ETH-USD-PERP.HYPERLIQUID,1771149960000,2061.9,2062.5,2060.2,2060.2,136.6646
FET-USD-PERP.HYPERLIQUID,1771149960000,0.17792,0.17792,0.17749,0.17749,3142.0
HBAR-USD-PERP.HYPERLIQUID,1771149960000,0.10296,0.103,0.10296,0.103,365.0
LINK-USD-PERP.HYPERLIQUID,1771149960000,9.0847,9.0849,9.0702,9.0702,201.5
LTC-USD-PERP.HYPERLIQUID,1771149960000,55.962,55.962,55.899,55.899,15.34
SOL-USD-PERP.HYPERLIQUID,1771149960000,89.585,89.602,89.469,89.469,716.15
SUI-USD-PERP.HYPERLIQUID,1771149960000,1.0162,1.0165,1.0144,1.0144,5044.8
TRUMP-USD-PERP.HYPERLIQUID,1771149960000,3.509,3.509,3.5014,3.5014,854.5
WLFI-USD-PERP.HYPERLIQUID,1771149960000,0.10638,0.10638,0.10638,0.10638,260.0
ZEC-USD-PERP.HYPERLIQUID,1771149960000,308.82,308.87,308.4,308.4,69.23
BTC-USD-PERP.HYPERLIQUID,1771149960000,70268.0,70286.0,70231.0,70231.0,16.65643
DOT-USD-PERP.HYPERLIQUID,1771149960000,1.408,1.4083,1.4061,1.4061,1718.7
ENA-USD-PERP.HYPERLIQUID,1771149960000,0.12663,0.12663,0.12637,0.12637,17562.0
ETH-USD-PERP.HYPERLIQUID,1771149960000,2061.9,2062.5,2059.5,2059.5,138.354
FARTCOIN-USD-PERP.HYPERLIQUID,1771149960000,0.21029,0.21029,0.20993,0.20993,9802.5
HYPE-USD-PERP.HYPERLIQUID,1771149960000,30.995,31.008,30.973,30.973,381.24
INJ-USD-PERP.HYPERLIQUID,1771149960000,3.2312,3.2312,3.2266,3.2266,217.7
LINK-USD-PERP.HYPERLIQUID,1771149960000,9.0847,9.0849,9.0698,9.0698,267.9
LTC-USD-PERP.HYPERLIQUID,1771149960000,55.962,55.962,55.898,55.898,18.91
MORPHO-USD-PERP.HYPERLIQUID,1771149960000,1.4135,1.4135,1.4119,1.4119,391.1
NEAR-USD-PERP.HYPERLIQUID,1771149960000,1.0747,1.0757,1.0735,1.0735,1488.3
ONDO-USD-PERP.HYPERLIQUID,1771149960000,0.28589,0.28589,0.28574,0.28574,14044.0
PENDLE-USD-PERP.HYPERLIQUID,1771149960000,1.2904,1.2904,1.2897,1.2897,947.0
PENGU-USD-PERP.HYPERLIQUID,1771149960000,0.007547,0.007547,0.007529,0.00753,245836.0
RENDER-USD-PERP.HYPERLIQUID,1771149960000,1.4751,1.4751,1.4724,1.4724,193.0
SOL-USD-PERP.HYPERLIQUID,1771149960000,89.585,89.602,89.448,89.448,717.55
SUI-USD-PERP.HYPERLIQUID,1771149960000,1.0162,1.0165,1.0144,1.0149,5148.8
TAO-USD-PERP.HYPERLIQUID,1771149960000,188.31,188.31,188.1,188.1,4.321
VVV-USD-PERP.HYPERLIQUID,1771149960000,3.9264,3.944,3.9188,3.9329,7492.28
WIF-USD-PERP.HYPERLIQUID,1771149960000,0.243,0.243,0.2421,0.2421,199.0
ZRO-USD-PERP.HYPERLIQUID,1771149960000,1.865,1.8662,1.865,1.865,1065.8
ARB-USD-PERP.HYPERLIQUID,1771149960000,0.11847,0.11847,0.11828,0.11828,18033.6
BTC-USD-PERP.HYPERLIQUID,1771149960000,70268.0,70286.0,70230.0,70230.0,16.66287
CAKE-USD-PERP.HYPERLIQUID,1771149960000,1.3466,1.3466,1.3437,1.3437,538.3
CRV-USD-PERP.HYPERLIQUID,1771149960000,0.25922,0.25922,0.25858,0.25858,56931.2
DOT-USD-PERP.HYPERLIQUID,1771149960000,1.408,1.4083,1.4059,1.4059,1826.0
ETH-USD-PERP.HYPERLIQUID,1771149960000,2061.9,2062.5,2058.7,2058.7,197.2383
LTC-USD-PERP.HYPERLIQUID,1771149960000,55.962,55.962,55.898,55.899,19.1
MNT-USD-PERP.HYPERLIQUID,1771149960000,0.67176,0.67233,0.67117,0.67174,10843.6
PUMP-USD-PERP.HYPERLIQUID,1771149960000,0.002284,0.002284,0.002279,0.002279,880070.0
SOL-USD-PERP.HYPERLIQUID,1771149960000,89.585,89.602,89.433,89.433,720.07
ZEC-USD-PERP.HYPERLIQUID,1771149960000,308.82,308.87,308.3,308.3,71.33
AVAX-USD-PERP.HYPERLIQUID,1771149960000,9.5568,9.5574,9.5501,9.5501,70.22
BTC-USD-PERP.HYPERLIQUID,1771149960000,70268.0,70286.0,70227.0,70227.0,16.67087
DOT-USD-PERP.HYPERLIQUID,1771149960000,1.408,1.4083,1.4059,1.4061,1851.9
ETH-USD-PERP.HYPERLIQUID,1771149960000,2061.9,2062.5,2058.7,2058.7,197.4983
LTC-USD-PERP.HYPERLIQUID,1771149960000,55.962,55.962,55.898,55.899,19.43
NEAR-USD-PERP.HYPERLIQUID,1771149960000,1.0747,1.0757,1.0735,1.0735,1501.4
PENGU-USD-PERP.HYPERLIQUID,1771149960000,0.007547,0.007547,0.007529,0.00753,250686.0
SOL-USD-PERP.HYPERLIQUID,1771149960000,89.585,89.602,89.433,89.447,720.29
TRUMP-USD-PERP.HYPERLIQUID,1771149960000,3.509,3.509,3.5013,3.5013,876.4
kPEPE-USD-PERP.HYPERLIQUID,1771149960000,0.004735,0.004735,0.004667,0.004672,43977392.0
BIGTIME-USD-PERP.HYPERLIQUID,1771149960000,0.015999,0.015999,0.015999,0.015999,1238.0
BTC-USD-PERP.HYPERLIQUID,1771149960000,70268.0,70286.0,70222.0,70222.0,17.21262
HYPE-USD-PERP.HYPERLIQUID,1771149960000,30.995,31.008,30.97,30.97,430.01
TRUMP-USD-PERP.HYPERLIQUID,1771149960000,3.509,3.509,3.5013,3.5013,899.8
WLD-USD-PERP.HYPERLIQUID,1771149960000,0.42217,0.42239,0.42135,0.42135,5310.7
ZEC-USD-PERP.HYPERLIQUID,1771149960000,308.82,308.87,308.3,308.31,71.97
kPEPE-USD-PERP.HYPERLIQUID,1771149960000,0.004735,0.004735,0.004667,0.004672,44163506.0
APT-USD-PERP.HYPERLIQUID,1771149960000,0.9663,0.9665,0.9643,0.9645,2725.46
BLUR-USD-PERP.HYPERLIQUID,1771149960000,0.022132,0.022132,0.022132,0.022132,1610.0
BTC-USD-PERP.HYPERLIQUID,1771149960000,70268.0,70286.0,70222.0,70222.0,17.21333
CRV-USD-PERP.HYPERLIQUID,1771149960000,0.25922,0.25922,0.25858,0.25904,67114.9
TRUMP-USD-PERP.HYPERLIQUID,1771149960000,3.509,3.509,3.5008,3.5008,905.6
TRX-USD-PERP.HYPERLIQUID,1771149960000,0.28085,0.28088,0.28085,0.28087,8715.0
VVV-USD-PERP.HYPERLIQUID,1771149960000,3.9264,3.944,3.9188,3.9322,7562.67
BABY-USD-PERP.HYPERLIQUID,1771149960000,0.013931,0.013931,0.013931,0.013931,1170.0
BTC-USD-PERP.HYPERLIQUID,1771149960000,70268.0,70286.0,70222.0,70222.0,17.2166
HYPE-USD-PERP.HYPERLIQUID,1771149960000,30.995,31.008,30.97,30.984,436.47
INJ-USD-PERP.HYPERLIQUID,1771149960000,3.2312,3.2312,3.2257,3.2257,224.3
ONDO-USD-PERP.HYPERLIQUID,1771149960000,0.28589,0.28589,0.28568,0.28568,14083.0
PAXG-USD-PERP.HYPERLIQUID,1771149960000,5037.6,5037.7,5032.4,5032.4,30.408
VVV-USD-PERP.HYPERLIQUID,1771149960000,3.9264,3.944,3.9188,3.9348,7662.67
XLM-USD-PERP.HYPERLIQUID,1771149960000,0.17677,0.17684,0.17663,0.17663,5015.0
kPEPE-USD-PERP.HYPERLIQUID,1771149960000,0.004735,0.004735,0.004667,0.004674,46113754.0
BTC-USD-PERP.HYPERLIQUID,1771149960000,70268.0,70286.0,70222.0,70223.0,17.24242
ENS-USD-PERP.HYPERLIQUID,1771149960000,6.8842,6.8842,6.8842,6.8842,6.19
BTC-USD-PERP.HYPERLIQUID,1771149960000,70268.0,70286.0,70222.0,70226.0,20.83719
CAKE-USD-PERP.HYPERLIQUID,1771149960000,1.3466,1.3466,1.3437,1.345,551.1
ETH-USD-PERP.HYPERLIQUID,1771149960000,2061.9,2062.5,2058.7,2059.0,197.5609
HYPE-USD-PERP.HYPERLIQUID,1771149960000,30.995,31.008,30.97,30.987,438.5
PUMP-USD-PERP.HYPERLIQUID,1771149960000,0.002284,0.002284,0.002279,0.00228,893056.0
SOL-USD-PERP.HYPERLIQUID,1771149960000,89.585,89.602,89.433,89.471,723.08
SUI-USD-PERP.HYPERLIQUID,1771149960000,1.0162,1.0165,1.0144,1.0147,5252.8
ZEC-USD-PERP.HYPERLIQUID,1771149960000,308.82,308.87,308.3,308.31,74.97
kPEPE-USD-PERP.HYPERLIQUID,1771149960000,0.004735,0.004735,0.004667,0.004672,46125954.0
ETH-USD-PERP.HYPERLIQUID,1771149960000,2061.9,2062.5,2058.7,2059.1,197.5809
HYPER-USD-PERP.HYPERLIQUID,1771149960000,0.1051,0.1051,0.1051,0.1051,180.0
POPCAT-USD-PERP.HYPERLIQUID,1771149960000,0.056266,0.056315,0.056249,0.056304,98240.0
SKR-USD-PERP.HYPERLIQUID,1771149960000,0.022621,0.022634,0.022621,0.022634,40000.0
TRX-USD-PERP.HYPERLIQUID,1771149960000,0.28085,0.28088,0.28085,0.28087,8952.0
kPEPE-USD-PERP.HYPERLIQUID,1771149960000,0.004735,0.004735,0.004667,0.004667,46228624.0
BTC-USD-PERP.HYPERLIQUID,1771149960000,70268.0,70286.0,70222.0,70228.0,26.07021
LINK-USD-PERP.HYPERLIQUID,1771149960000,9.0847,9.0849,9.0693,9.0693,271.9
NEAR-USD-PERP.HYPERLIQUID,1771149960000,1.0747,1.0757,1.0735,1.0737,1606.7
PAXG-USD-PERP.HYPERLIQUID,1771149960000,5037.6,5037.7,5032.4,5035.0,30.437
SOL-USD-PERP.HYPERLIQUID,1771149960000,89.585,89.602,89.433,89.489,730.03
TAO-USD-PERP.HYPERLIQUID,1771149960000,188.31,188.31,187.9,187.9,5.432
UNI-USD-PERP.HYPERLIQUID,1771149960000,3.5783,3.5783,3.5711,3.5711,623.0
WIF-USD-PERP.HYPERLIQUID,1771149960000,0.243,0.243,0.24178,0.24178,140401.0
WLFI-USD-PERP.HYPERLIQUID,1771149960000,0.10638,0.10638,0.10629,0.10629,8753.0
kPEPE-USD-PERP.HYPERLIQUID,1771149960000,0.004735,0.004735,0.004667,0.004679,47812286.0
APT-USD-PERP.HYPERLIQUID,1771149960000,0.9663,0.9665,0.9643,0.9645,2777.3
BTC-USD-PERP.HYPERLIQUID,1771149960000,70268.0,70286.0,70222.0,70232.0,26.07304
ENA-USD-PERP.HYPERLIQUID,1771149960000,0.12663,0.12663,0.12637,0.12646,19044.0
ETH-USD-PERP.HYPERLIQUID,1771149960000,2061.9,2062.5,2058.7,2059.4,197.6893
FARTCOIN-USD-PERP.HYPERLIQUID,1771149960000,0.21029,0.21029,0.20993,0.20997,10036.7
TRUMP-USD-PERP.HYPERLIQUID,1771149960000,3.509,3.509,3.5008,3.5023,941.0
TRX-USD-PERP.HYPERLIQUID,1771149960000,0.28085,0.28088,0.28085,0.28087,9020.0
WLD-USD-PERP.HYPERLIQUID,1771149960000,0.42217,0.42239,0.42135,0.42145,5341.9
DOGE-USD-PERP.HYPERLIQUID,1771149960000,0.11382,0.11383,0.11356,0.11363,138572.0
FARTCOIN-USD-PERP.HYPERLIQUID,1771149960000,0.21029,0.21029,0.20993,0.20998,11628.5
SOL-USD-PERP.HYPERLIQUID,1771149960000,89.585,89.602,89.433,89.496,730.33
ZEC-USD-PERP.HYPERLIQUID,1771149960000,308.82,308.87,308.3,308.43,75.9
kPEPE-USD-PERP.HYPERLIQUID,1771149960000,0.004735,0.004735,0.004663,0.00467,53017658.0
AERO-USD-PERP.HYPERLIQUID,1771149960000,0.32928,0.32928,0.32872,0.32872,410.0
APT-USD-PERP.HYPERLIQUID,1771149960000,0.9663,0.9665,0.9643,0.9644,3527.51
ETH-USD-PERP.HYPERLIQUID,1771149960000,2061.9,2062.5,2058.7,2059.5,197.7393
HYPE-USD-PERP.HYPERLIQUID,1771149960000,30.995,31.008,30.97,30.995,464.31
LINK-USD-PERP.HYPERLIQUID,1771149960000,9.0847,9.0849,9.0693,9.0695,278.5
OP-USD-PERP.HYPERLIQUID,1771149960000,0.19416,0.19422,0.19393,0.19393,999.6
PENGU-USD-PERP.HYPERLIQUID,1771149960000,0.007547,0.007547,0.007529,0.007532,364927.0
SOL-USD-PERP.HYPERLIQUID,1771149960000,89.585,89.602,89.433,89.493,1050.7
TRUMP-USD-PERP.HYPERLIQUID,1771149960000,3.509,3.509,3.5008,3.5016,952.7
UNI-USD-PERP.HYPERLIQUID,1771149960000,3.5783,3.5783,3.5711,3.5721,812.9
WIF-USD-PERP.HYPERLIQUID,1771149960000,0.243,0.243,0.24178,0.24213,142790.0
kPEPE-USD-PERP.HYPERLIQUID,1771149960000,0.004735,0.004735,0.004663,0.00467,55847720.0
BNB-USD-PERP.HYPERLIQUID,1771149960000,628.58,628.58,628.03,628.03,3.412
BTC-USD-PERP.HYPERLIQUID,1771149960000,70268.0,70286.0,70222.0,70235.0,26.14829
FARTCOIN-USD-PERP.HYPERLIQUID,1771149960000,0.21029,0.21029,0.20993,0.20996,12800.7
LINK-USD-PERP.HYPERLIQUID,1771149960000,9.0847,9.0849,9.0675,9.0675,409.2
PAXG-USD-PERP.HYPERLIQUID,1771149960000,5037.6,5037.7,5032.4,5035.6,30.439
RENDER-USD-PERP.HYPERLIQUID,1771149960000,1.4751,1.4751,1.4723,1.4723,207.8
SOL-USD-PERP.HYPERLIQUID,1771149960000,89.585,89.602,89.433,89.493,1078.64
VVV-USD-PERP.HYPERLIQUID,1771149960000,3.9264,3.944,3.9188,3.9357,7780.18
XRP-USD-PERP.HYPERLIQUID,1771149960000,1.5781,1.5792,1.5753,1.5763,83115.0
ZEC-USD-PERP.HYPERLIQUID,1771149960000,308.82,308.87,308.3,308.41,77.22
APT-USD-PERP.HYPERLIQUID,1771149960000,0.9663,0.9665,0.9643,0.9645,4000.95
BRETT-USD-PERP.HYPERLIQUID,1771149960000,0.0083,0.0083,0.008269,0.008269,129733.0
BTC-USD-PERP.HYPERLIQUID,1771149960000,70268.0,70286.0,70222.0,70235.0,26.15056
DOGE-USD-PERP.HYPERLIQUID,1771149960000,0.11382,0.11383,0.11356,0.1136,139343.0
ICP-USD-PERP.HYPERLIQUID,1771149960000,2.4946,2.4946,2.4946,2.4946,17.1
OP-USD-PERP.HYPERLIQUID,1771149960000,0.19416,0.19422,0.19392,0.19392,1116.1
SUI-USD-PERP.HYPERLIQUID,1771149960000,1.0162,1.0165,1.0144,1.0151,5356.8
XPL-USD-PERP.HYPERLIQUID,1771149960000,0.10071,0.10071,0.10057,0.10058,37767.0
ETH-USD-PERP.HYPERLIQUID,1771149960000,2061.9,2062.5,2058.7,2059.3,197.7471
IP-USD-PERP.HYPERLIQUID,1771149960000,1.167,1.167,1.164,1.164,2381.9
MERL-USD-PERP.HYPERLIQUID,1771149960000,0.064264,0.064355,0.064264,0.064355,3371.0
MNT-USD-PERP.HYPERLIQUID,1771149960000,0.67176,0.67233,0.67117,0.67128,10862.7
NEO-USD-PERP.HYPERLIQUID,1771149960000,2.8995,2.8995,2.8995,2.8995,13.76
REZ-USD-PERP.HYPERLIQUID,1771149960000,0.003073,0.003073,0.003073,0.003073,7481.0
kBONK-USD-PERP.HYPERLIQUID,1771149960000,0.006918,0.006918,0.006878,0.006883,1382265.0
BOME-USD-PERP.HYPERLIQUID,1771149960000,0.00045,0.00045,0.00045,0.00045,129534.0
BTC-USD-PERP.HYPERLIQUID,1771149960000,70268.0,70286.0,70222.0,70230.0,26.15371
GMX-USD-PERP.HYPERLIQUID,1771149960000,6.6509,6.6509,6.646,6.6477,108.01
LINK-USD-PERP.HYPERLIQUID,1771149960000,9.0847,9.0849,9.0662,9.0662,487.2
LTC-USD-PERP.HYPERLIQUID,1771149960000,55.962,55.962,55.898,55.898,19.83
MEW-USD-PERP.HYPERLIQUID,1771149960000,0.000675,0.000675,0.000674,0.000674,127335.0
MNT-USD-PERP.HYPERLIQUID,1771149960000,0.67176,0.67233,0.67117,0.67128,10946.0
MON-USD-PERP.HYPERLIQUID,1771149960000,0.023436,0.023441,0.023436,0.023441,1410.0
NEAR-USD-PERP.HYPERLIQUID,1771149960000,1.0747,1.0757,1.0735,1.0737,1628.1
PENGU-USD-PERP.HYPERLIQUID,1771149960000,0.007547,0.007547,0.007529,0.007529,460787.0
RENDER-USD-PERP.HYPERLIQUID,1771149960000,1.4751,1.4751,1.472,1.472,299.5
SCR-USD-PERP.HYPERLIQUID,1771149960000,0.05061,0.05065,0.05061,0.05065,748.4
TRX-USD-PERP.HYPERLIQUID,1771149960000,0.28085,0.28088,0.28085,0.28087,9319.0
UNI-USD-PERP.HYPERLIQUID,1771149960000,3.5783,3.5783,3.5685,3.5685,1018.6
ZEC-USD-PERP.HYPERLIQUID,1771149960000,308.82,308.87,308.3,308.32,77.26
ADA-USD-PERP.HYPERLIQUID,1771149960000,0.29376,0.29376,0.29331,0.29331,29111.0
ANIME-USD-PERP.HYPERLIQUID,1771149960000,0.0058,0.0058,0.0058,0.0058,1897.0
ARB-USD-PERP.HYPERLIQUID,1771149960000,0.11847,0.11847,0.11827,0.11827,21312.2
AVAX-USD-PERP.HYPERLIQUID,1771149960000,9.5568,9.5574,9.55,9.55,71.57
BANANA-USD-PERP.HYPERLIQUID,1771149960000,4.7813,4.7813,4.7813,4.7813,112.8
BTC-USD-PERP.HYPERLIQUID,1771149960000,70268.0,70286.0,70222.0,70225.0,26.15484
CAKE-USD-PERP.HYPERLIQUID,1771149960000,1.3466,1.3466,1.3437,1.345,599.8
ENA-USD-PERP.HYPERLIQUID,1771149960000,0.12663,0.12663,0.1263,0.1263,68415.0
GMX-USD-PERP.HYPERLIQUID,1771149960000,6.6509,6.6509,6.6407,6.6407,189.77
HBAR-USD-PERP.HYPERLIQUID,1771149960000,0.10296,0.103,0.10296,0.10296,437.0
HYPE-USD-PERP.HYPERLIQUID,1771149960000,30.995,31.008,30.97,30.983,464.68
JUP-USD-PERP.HYPERLIQUID,1771149960000,0.16634,0.16634,0.166,0.166,28810.0
LINK-USD-PERP.HYPERLIQUID,1771149960000,9.0847,9.0849,9.0657,9.0657,488.8
ONDO-USD-PERP.HYPERLIQUID,1771149960000,0.28589,0.28589,0.28561,0.28561,14122.0
POPCAT-USD-PERP.HYPERLIQUID,1771149960000,0.056266,0.056315,0.056249,0.056258,100939.0
VINE-USD-PERP.HYPERLIQUID,1771149960000,0.020179,0.020179,0.02016,0.02016,94738.0
WLD-USD-PERP.HYPERLIQUID,1771149960000,0.42217,0.42239,0.42134,0.42134,5375.1
WLFI-USD-PERP.HYPERLIQUID,1771149960000,0.10638,0.10638,0.10629,0.10631,12653.0
XMR-USD-PERP.HYPERLIQUID,1771149960000,348.31,348.31,347.78,347.8,5.139
ZEC-USD-PERP.HYPERLIQUID,1771149960000,308.82,308.87,308.3,308.31,77.68
AVAX-USD-PERP.HYPERLIQUID,1771149960000,9.5568,9.5574,9.5468,9.5468,74.57
BTC-USD-PERP.HYPERLIQUID,1771149960000,70268.0,70286.0,70222.0,70225.0,26.15555
CHILLGUY-USD-PERP.HYPERLIQUID,1771149960000,0.011959,0.011974,0.011942,0.011942,113066.0
DOT-USD-PERP.HYPERLIQUID,1771149960000,1.408,1.4083,1.4056,1.4056,2338.1
HYPE-USD-PERP.HYPERLIQUID,1771149960000,30.995,31.008,30.97,30.99,471.14
XLM-USD-PERP.HYPERLIQUID,1771149960000,0.17677,0.17684,0.17663,0.17663,5383.0
ZEC-USD-PERP.HYPERLIQUID,1771149960000,308.82,308.87,308.3,308.32,77.84
ZEN-USD-PERP.HYPERLIQUID,1771149960000,6.5132,6.5132,6.5132,6.5132,2.96
kPEPE-USD-PERP.HYPERLIQUID,1771149960000,0.004735,0.004735,0.004648,0.004648,57218614.0
DOGE-USD-PERP.HYPERLIQUID,1771149960000,0.11382,0.11383,0.11356,0.11357,139626.0
ETH-USD-PERP.HYPERLIQUID,1771149960000,2061.9,2062.5,2058.7,2059.2,197.7544
FARTCOIN-USD-PERP.HYPERLIQUID,1771149960000,0.21029,0.21029,0.20993,0.20995,12856.2
HYPE-USD-PERP.HYPERLIQUID,1771149960000,30.995,31.008,30.97,30.987,472.16
LIT-USD-PERP.HYPERLIQUID,1771149960000,1.7049,1.7049,1.7024,1.7024,1156.0
TRUMP-USD-PERP.HYPERLIQUID,1771149960000,3.509,3.509,3.498,3.498,1035.5
XLM-USD-PERP.HYPERLIQUID,1771149960000,0.17677,0.17684,0.17663,0.17663,12586.0
XPL-USD-PERP.HYPERLIQUID,1771149960000,0.10071,0.10071,0.10057,0.10059,40719.0
ZEC-USD-PERP.HYPERLIQUID,1771149960000,308.82,308.87,308.3,308.31,78.24
BTC-USD-PERP.HYPERLIQUID,1771149960000,70268.0,70286.0,70222.0,70226.0,26.15655
ETH-USD-PERP.HYPERLIQUID,1771149960000,2061.9,2062.5,2058.7,2059.3,197.7602
HYPE-USD-PERP.HYPERLIQUID,1771149960000,30.995,31.008,30.97,30.984,472.55
LTC-USD-PERP.HYPERLIQUID,1771149960000,55.962,55.962,55.886,55.886,20.18
MORPHO-USD-PERP.HYPERLIQUID,1771149960000,1.4135,1.4135,1.4119,1.4124,432.3
XPL-USD-PERP.HYPERLIQUID,1771149960000,0.10071,0.10071,0.10057,0.10059,47076.0
kPEPE-USD-PERP.HYPERLIQUID,1771149960000,0.004735,0.004735,0.004648,0.004654,57390603.0
BTC-USD-PERP.HYPERLIQUID,1771149960000,70268.0,70286.0,70222.0,70232.0,26.18369
COMP-USD-PERP.HYPERLIQUID,1771149960000,22.982,23.053,22.982,22.983,86.69
ETH-USD-PERP.HYPERLIQUID,1771149960000,2061.9,2062.5,2058.7,2059.3,197.7658
HYPE-USD-PERP.HYPERLIQUID,1771149960000,30.995,31.008,30.97,30.986,473.35
SPX-USD-PERP.HYPERLIQUID,1771149960000,0.32902,0.32914,0.32893,0.32914,8246.4
TNSR-USD-PERP.HYPERLIQUID,1771149960000,0.05395,0.05395,0.05395,0.05395,459.3
WLD-USD-PERP.HYPERLIQUID,1771149960000,0.42217,0.42239,0.42123,0.42123,6041.1
kPEPE-USD-PERP.HYPERLIQUID,1771149960000,0.004735,0.004735,0.004648,0.004652,57606482.0
AVAX-USD-PERP.HYPERLIQUID,1771149960000,9.5568,9.5574,9.5463,9.5463,248.93
BTC-USD-PERP.HYPERLIQUID,1771149960000,70268.0,70286.0,70222.0,70235.0,26.18687
FET-USD-PERP.HYPERLIQUID,1771149960000,0.17792,0.17792,0.17735,0.17735,4141.0
LINEA-USD-PERP.HYPERLIQUID,1771149960000,0.003839,0.003839,0.003839,0.003839,4397.0
SUI-USD-PERP.HYPERLIQUID,1771149960000,1.0162,1.0165,1.0144,1.0147,5695.8
XPL-USD-PERP.HYPERLIQUID,1771149960000,0.10071,0.10071,0.10057,0.10059,51947.0
kPEPE-USD-PERP.HYPERLIQUID,1771149960000,0.004735,0.004735,0.004648,0.004652,64312437.0
BTC-USD-PERP.HYPERLIQUID,1771149960000,70268.0,70286.0,70222.0,70235.0,27.18807
LTC-USD-PERP.HYPERLIQUID,1771149960000,55.962,55.962,55.886,55.888,21.03
XPL-USD-PERP.HYPERLIQUID,1771149960000,0.10071,0.10071,0.10057,0.10059,52161.0
ZEC-USD-PERP.HYPERLIQUID,1771149960000,308.82,308.87,308.3,308.3,79.96
BTC-USD-PERP.HYPERLIQUID,1771149960000,70268.0,70286.0,70222.0,70234.0,28.21854
COMP-USD-PERP.HYPERLIQUID,1771149960000,22.982,23.053,22.982,22.99,151.93
ETH-USD-PERP.HYPERLIQUID,1771149960000,2061.9,2062.5,2058.7,2059.5,197.7709
LIT-USD-PERP.HYPERLIQUID,1771149960000,1.7049,1.7049,1.7024,1.7031,1162.0
SOL-USD-PERP.HYPERLIQUID,1771149960000,89.585,89.602,89.433,89.491,1089.81
ZEC-USD-PERP.HYPERLIQUID,1771149960000,308.82,308.87,308.29,308.3,80.28
kPEPE-USD-PERP.HYPERLIQUID,1771149960000,0.004735,0.004735,0.004648,0.004651,64326098.0
BERA-USD-PERP.HYPERLIQUID,1771149960000,0.6634,0.66347,0.66306,0.66306,4197.4
HYPE-USD-PERP.HYPERLIQUID,1771149960000,30.995,31.008,30.97,31.003,973.35
IMX-USD-PERP.HYPERLIQUID,1771149960000,0.17317,0.17317,0.17317,0.17317,195.4
MNT-USD-PERP.HYPERLIQUID,1771149960000,0.67176,0.67233,0.67052,0.67052,12205.7
NEO-USD-PERP.HYPERLIQUID,1771149960000,2.8995,2.8995,2.8995,2.8995,20.4
SOL-USD-PERP.HYPERLIQUID,1771149960000,89.585,89.602,89.433,89.492,1090.06
kPEPE-USD-PERP.HYPERLIQUID,1771149960000,0.004735,0.004735,0.004648,0.004651,66378502.0
ARB-USD-PERP.HYPERLIQUID,1771149960000,0.11847,0.11847,0.11827,0.11829,21426.0
BTC-USD-PERP.HYPERLIQUID,1771149960000,70268.0,70286.0,70222.0,70235.0,28.21897
CAKE-USD-PERP.HYPERLIQUID,1771149960000,1.3466,1.3466,1.3437,1.345,636.0
LINK-USD-PERP.HYPERLIQUID,1771149960000,9.0847,9.0849,9.0657,9.0687,497.5
LTC-USD-PERP.HYPERLIQUID,1771149960000,55.962,55.962,55.886,55.888,23.84
VVV-USD-PERP.HYPERLIQUID,1771149960000,3.9264,3.9491,3.9188,3.9491,7997.21
ZEC-USD-PERP.HYPERLIQUID,1771149960000,308.82,308.87,308.29,308.29,80.51
CRV-USD-PERP.HYPERLIQUID,1771149960000,0.25922,0.25922,0.25858,0.25886,69828.1
MNT-USD-PERP.HYPERLIQUID,1771149960000,0.67176,0.67233,0.67052,0.67053,12816.3
kPEPE-USD-PERP.HYPERLIQUID,1771149960000,0.004735,0.004735,0.004648,0.004652,68528577.0
BTC-USD-PERP.HYPERLIQUID,1771149960000,70268.0,70286.0,70222.0,70236.0,28.21913
ETH-USD-PERP.HYPERLIQUID,1771149960000,2061.9,2062.5,2058.7,2059.7,197.9003
HYPE-USD-PERP.HYPERLIQUID,1771149960000,30.995,31.008,30.97,30.994,980.74
IP-USD-PERP.HYPERLIQUID,1771149960000,1.167,1.167,1.1622,1.1622,3182.5
LTC-USD-PERP.HYPERLIQUID,1771149960000,55.962,55.962,55.886,55.888,29.36
SOL-USD-PERP.HYPERLIQUID,1771149960000,89.585,89.602,89.433,89.496,1090.19
ZEC-USD-PERP.HYPERLIQUID,1771149960000,308.82,308.87,308.29,308.29,83.51
ZRO-USD-PERP.HYPERLIQUID,1771149960000,1.865,1.8662,1.865,1.8659,1098.6
kPEPE-USD-PERP.HYPERLIQUID,1771149960000,0.004735,0.004735,0.004648,0.004653,68531233.0
BTC-USD-PERP.HYPERLIQUID,1771149960000,70268.0,70286.0,70222.0,70235.0,28.2476
CAKE-USD-PERP.HYPERLIQUID,1771149960000,1.3466,1.3466,1.3437,1.345,661.1
HYPE-USD-PERP.HYPERLIQUID,1771149960000,30.995,31.008,30.97,30.99,1043.99
MEME-USD-PERP.HYPERLIQUID,1771149960000,0.000749,0.000749,0.000749,0.000749,54240.0
MNT-USD-PERP.HYPERLIQUID,1771149960000,0.67176,0.67233,0.67052,0.67127,12849.7
MON-USD-PERP.HYPERLIQUID,1771149960000,0.023436,0.023441,0.023436,0.023436,3204.0
PUMP-USD-PERP.HYPERLIQUID,1771149960000,0.002284,0.002284,0.002279,0.00228,2775472.0
UNI-USD-PERP.HYPERLIQUID,1771149960000,3.5783,3.5783,3.5685,3.5707,1031.4
XRP-USD-PERP.HYPERLIQUID,1771149960000,1.5781,1.5792,1.5753,1.5757,90729.0
BTC-USD-PERP.HYPERLIQUID,1771149960000,70268.0,70286.0,70222.0,70236.0,28.30687
MNT-USD-PERP.HYPERLIQUID,1771149960000,0.67176,0.67233,0.67052,0.67053,13747.2
ZEC-USD-PERP.HYPERLIQUID,1771149960000,308.82,308.87,308.29,308.3,90.95
2Z-USD-PERP.HYPERLIQUID,1771149960000,0.080401,0.080401,0.080186,0.080186,514.0
APEX-USD-PERP.HYPERLIQUID,1771149960000,0.3652,0.3652,0.3652,0.3652,1630.0
FET-USD-PERP.HYPERLIQUID,1771149960000,0.17792,0.17792,0.17735,0.17741,5140.0
POPCAT-USD-PERP.HYPERLIQUID,1771149960000,0.056266,0.056315,0.056249,0.056315,128769.0
TRUMP-USD-PERP.HYPERLIQUID,1771149960000,3.509,3.509,3.4968,3.4982,1578.2
YZY-USD-PERP.HYPERLIQUID,1771149960000,0.32742,0.32742,0.3267,0.3267,2985.0
BTC-USD-PERP.HYPERLIQUID,1771149960000,70268.0,70286.0,70222.0,70235.0,28.31046
ETH-USD-PERP.HYPERLIQUID,1771149960000,2061.9,2062.5,2058.7,2059.7,200.1422
LDO-USD-PERP.HYPERLIQUID,1771149960000,0.3541,0.3541,0.3541,0.3541,102.1
STX-USD-PERP.HYPERLIQUID,1771149960000,0.27416,0.27416,0.27376,0.27378,3203.4
kPEPE-USD-PERP.HYPERLIQUID,1771149960000,0.004735,0.004735,0.004648,0.004658,68744292.0
BTC-USD-PERP.HYPERLIQUID,1771149960000,70268.0,70286.0,70222.0,70237.0,28.46737
DOGE-USD-PERP.HYPERLIQUID,1771149960000,0.11382,0.11383,0.11356,0.11359,139759.0
MNT-USD-PERP.HYPERLIQUID,1771149960000,0.67176,0.67233,0.67052,0.67054,14393.3
kPEPE-USD-PERP.HYPERLIQUID,1771149960000,0.004735,0.004735,0.004648,0.004659,68748492.0
BTC-USD-PERP.HYPERLIQUID,1771149960000,70268.0,70286.0,70222.0,70239.0,28.4685
SAND-USD-PERP.HYPERLIQUID,1771149960000,0.091186,0.091186,0.091094,0.091094,7046.0
kPEPE-USD-PERP.HYPERLIQUID,1771149960000,0.004735,0.004735,0.004648,0.004657,68961551.0
ARB-USD-PERP.HYPERLIQUID,1771149960000,0.11847,0.11847,0.11827,0.11834,27604.4
BTC-USD-PERP.HYPERLIQUID,1771149960000,70268.0,70286.0,70222.0,70238.0,28.49625
XPL-USD-PERP.HYPERLIQUID,1771149960000,0.10071,0.10071,0.10057,0.1006,62542.0
kPEPE-USD-PERP.HYPERLIQUID,1771149960000,0.004735,0.004735,0.004648,0.004661,69795488.0
BTC-USD-PERP.HYPERLIQUID,1771149960000,70268.0,70286.0,70222.0,70239.0,28.49985
VVV-USD-PERP.HYPERLIQUID,1771149960000,3.9264,3.9507,3.9188,3.9462,9388.51
WLD-USD-PERP.HYPERLIQUID,1771149960000,0.42217,0.42239,0.42123,0.42159,6082.9
BTC-USD-PERP.HYPERLIQUID,1771149960000,70268.0,70286.0,70222.0,70239.0,28.50061
DOGE-USD-PERP.HYPERLIQUID,1771149960000,0.11382,0.11383,0.11356,0.11357,140199.0
ETH-USD-PERP.HYPERLIQUID,1771149960000,2061.9,2062.5,2058.7,2060.0,200.1663
LIT-USD-PERP.HYPERLIQUID,1771149960000,1.7049,1.7049,1.7024,1.7026,1181.0
POL-USD-PERP.HYPERLIQUID,1771149960000,0.10932,0.10932,0.10932,0.10932,231.0
SOL-USD-PERP.HYPERLIQUID,1771149960000,89.585,89.602,89.433,89.491,1095.78
ZEC-USD-PERP.HYPERLIQUID,1771149960000,308.82,308.87,308.29,308.31,91.85
ZRO-USD-PERP.HYPERLIQUID,1771149960000,1.865,1.8662,1.865,1.8662,1165.2
kPEPE-USD-PERP.HYPERLIQUID,1771149960000,0.004735,0.004735,0.004648,0.004661,71835488.0
0G-USD-PERP.HYPERLIQUID,1771149960000,0.68376,0.68387,0.68339,0.68339,1956.0
AXS-USD-PERP.HYPERLIQUID,1771149960000,1.43,1.43,1.43,1.43,349.7
FARTCOIN-USD-PERP.HYPERLIQUID,1771149960000,0.21029,0.21029,0.20993,0.20999,17856.2
HYPE-USD-PERP.HYPERLIQUID,1771149960000,30.995,31.008,30.97,31.0,1050.45
MINA-USD-PERP.HYPERLIQUID,1771149960000,0.067927,0.067927,0.067927,0.067927,223.0
XRP-USD-PERP.HYPERLIQUID,1771149960000,1.5781,1.5792,1.5753,1.5757,90841.0
ZEC-USD-PERP.HYPERLIQUID,1771149960000,308.82,308.87,308.29,308.33,94.85
ZRO-USD-PERP.HYPERLIQUID,1771149960000,1.865,1.8662,1.865,1.8662,1197.0
BTC-USD-PERP.HYPERLIQUID,1771149960000,70268.0,70286.0,70222.0,70240.0,28.52975
SOL-USD-PERP.HYPERLIQUID,1771149960000,89.585,89.602,89.433,89.481,1095.91
ZEC-USD-PERP.HYPERLIQUID,1771149960000,308.82,308.87,308.29,308.34,96.49
FET-USD-PERP.HYPERLIQUID,1771149960000,0.17792,0.17792,0.17735,0.1774,6139.0
HYPE-USD-PERP.HYPERLIQUID,1771149960000,30.995,31.008,30.97,31.001,1551.42
SOL-USD-PERP.HYPERLIQUID,1771149960000,89.585,89.602,89.433,89.471,1126.25
kPEPE-USD-PERP.HYPERLIQUID,1771149960000,0.004735,0.004735,0.004648,0.004659,72050232.0
ARB-USD-PERP.HYPERLIQUID,1771149960000,0.11847,0.11847,0.11827,0.11834,34597.4
HYPE-USD-PERP.HYPERLIQUID,1771149960000,30.995,31.008,30.97,30.994,1551.81
XRP-USD-PERP.HYPERLIQUID,1771149960000,1.5781,1.5792,1.5753,1.5756,91471.0
BERA-USD-PERP.HYPERLIQUID,1771150020000,0.6629,0.6629,0.66286,0.66286,1156.2
ETH-USD-PERP.HYPERLIQUID,1771150020000,2059.4,2059.4,2059.4,2059.4,0.024
HYPE-USD-PERP.HYPERLIQUID,1771150020000,30.998,30.998,30.998,30.998,0.37
IP-USD-PERP.HYPERLIQUID,1771150020000,1.1628,1.1628,1.1628,1.1628,215.0
MNT-USD-PERP.HYPERLIQUID,1771150020000,0.67049,0.67049,0.67038,0.67038,1332.5
TRX-USD-PERP.HYPERLIQUID,1771150020000,0.28082,0.28082,0.28082,0.28082,156.0
XRP-USD-PERP.HYPERLIQUID,1771150020000,1.5759,1.5759,1.5759,1.5759,160.0
ZEC-USD-PERP.HYPERLIQUID,1771150020000,308.37,308.49,308.37,308.49,0.08
2Z-USD-PERP.HYPERLIQUID,1771150020000,0.080186,0.080186,0.080184,0.080184,13339.0
APEX-USD-PERP.HYPERLIQUID,1771150020000,0.36505,0.36505,0.36505,0.36505,1846.0
ETH-USD-PERP.HYPERLIQUID,1771150020000,2059.4,2059.4,2059.3,2059.3,0.084
HYPE-USD-PERP.HYPERLIQUID,1771150020000,30.998,30.998,30.997,30.997,6.83
APEX-USD-PERP.HYPERLIQUID,1771150020000,0.36505,0.36505,0.36505,0.36505,2694.0
BTC-USD-PERP.HYPERLIQUID,1771150020000,70239.0,70239.0,70239.0,70239.0,0.01661
ENA-USD-PERP.HYPERLIQUID,1771150020000,0.12645,0.12645,0.12645,0.12645,281.0
HYPE-USD-PERP.HYPERLIQUID,1771150020000,30.998,30.998,30.996,30.996,63.23
VVV-USD-PERP.HYPERLIQUID,1771150020000,3.9471,3.9471,3.947,3.947,164.89
kPEPE-USD-PERP.HYPERLIQUID,1771150020000,0.004659,0.004659,0.004659,0.004659,423496.0
APEX-USD-PERP.HYPERLIQUID,1771150020000,0.36505,0.36505,0.36499,0.36499,3207.0
ARB-USD-PERP.HYPERLIQUID,1771150020000,0.11835,0.11835,0.11835,0.11835,331.9
BTC-USD-PERP.HYPERLIQUID,1771150020000,70239.0,70239.0,70234.0,70234.0,0.04508
FET-USD-PERP.HYPERLIQUID,1771150020000,0.17754,0.17754,0.17754,0.17754,276.0
kPEPE-USD-PERP.HYPERLIQUID,1771150020000,0.004659,0.004659,0.004657,0.004657,454954.0
APEX-USD-PERP.HYPERLIQUID,1771150020000,0.36505,0.36505,0.36499,0.36499,3386.0
BLAST-USD-PERP.HYPERLIQUID,1771150020000,0.000637,0.000637,0.000637,0.000637,93050.0
CAKE-USD-PERP.HYPERLIQUID,1771150020000,1.345,1.345,1.345,1.345,9.5
CC-USD-PERP.HYPERLIQUID,1771150020000,0.1603,0.1603,0.1603,0.1603,95.0
ETH-USD-PERP.HYPERLIQUID,1771150020000,2059.4,2059.4,2059.1,2059.1,0.0896
HYPE-USD-PERP.HYPERLIQUID,1771150020000,30.998,30.998,30.996,30.997,63.6
IMX-USD-PERP.HYPERLIQUID,1771150020000,0.17307,0.17307,0.17307,0.17307,104.0
MORPHO-USD-PERP.HYPERLIQUID,1771150020000,1.4095,1.4095,1.4086,1.4086,2313.4
NEAR-USD-PERP.HYPERLIQUID,1771150020000,1.0745,1.0745,1.0745,1.0745,37.3
PENGU-USD-PERP.HYPERLIQUID,1771150020000,0.00753,0.00753,0.00753,0.00753,14900.0
XMR-USD-PERP.HYPERLIQUID,1771150020000,347.81,347.81,347.81,347.81,0.143
BTC-USD-PERP.HYPERLIQUID,1771150020000,70239.0,70239.0,70234.0,70234.0,0.09126
MON-USD-PERP.HYPERLIQUID,1771150020000,0.023436,0.023436,0.023436,0.023436,770.0
SKY-USD-PERP.HYPERLIQUID,1771150020000,0.067399,0.067399,0.067399,0.067399,7276.0
TRX-USD-PERP.HYPERLIQUID,1771150020000,0.28082,0.28082,0.28082,0.28082,380.0
WLD-USD-PERP.HYPERLIQUID,1771150020000,0.42138,0.42138,0.42138,0.42138,126.1
ZEC-USD-PERP.HYPERLIQUID,1771150020000,308.37,308.49,308.37,308.38,0.12
kLUNC-USD-PERP.HYPERLIQUID,1771150020000,0.036657,0.036657,0.036657,0.036657,494.0
kPEPE-USD-PERP.HYPERLIQUID,1771150020000,0.004659,0.004659,0.004655,0.004655,702484.0
BTC-USD-PERP.HYPERLIQUID,1771150020000,70239.0,70239.0,70234.0,70234.0,0.09143
XRP-USD-PERP.HYPERLIQUID,1771150020000,1.5759,1.576,1.5759,1.576,2158.0
ZEC-USD-PERP.HYPERLIQUID,1771150020000,308.37,308.49,308.36,308.36,0.42
kPEPE-USD-PERP.HYPERLIQUID,1771150020000,0.004659,0.004659,0.004654,0.004654,705058.0
AVAX-USD-PERP.HYPERLIQUID,1771150020000,9.5519,9.5519,9.5519,9.5519,10.94
MORPHO-USD-PERP.HYPERLIQUID,1771150020000,1.4095,1.4095,1.4068,1.4068,2446.0
ZEC-USD-PERP.HYPERLIQUID,1771150020000,308.37,308.49,308.36,308.36,0.54
kPEPE-USD-PERP.HYPERLIQUID,1771150020000,0.004659,0.004659,0.004654,0.004654,707226.0
BTC-USD-PERP.HYPERLIQUID,1771150020000,70239.0,70239.0,70234.0,70234.0,0.09158
PYTH-USD-PERP.HYPERLIQUID,1771150020000,0.056757,0.056757,0.056756,0.056756,3095.0
SOL-USD-PERP.HYPERLIQUID,1771150020000,89.468,89.468,89.468,89.468,9.78
WLD-USD-PERP.HYPERLIQUID,1771150020000,0.42138,0.42138,0.42138,0.42138,160.6
ZK-USD-PERP.HYPERLIQUID,1771150020000,0.022393,0.022393,0.022393,0.022393,1197.0
BNB-USD-PERP.HYPERLIQUID,1771150020000,628.02,628.02,628.02,628.02,0.48
BTC-USD-PERP.HYPERLIQUID,1771150020000,70239.0,70239.0,70234.0,70235.0,0.0924
CAKE-USD-PERP.HYPERLIQUID,1771150020000,1.345,1.345,1.345,1.345,17.5
ETH-USD-PERP.HYPERLIQUID,1771150020000,2059.4,2059.4,2059.1,2059.1,0.1015
HYPE-USD-PERP.HYPERLIQUID,1771150020000,30.998,30.998,30.99,30.99,64.05
LIT-USD-PERP.HYPERLIQUID,1771150020000,1.7023,1.7023,1.7023,1.7023,10.0
TRUMP-USD-PERP.HYPERLIQUID,1771150020000,3.4968,3.4968,3.4968,3.4968,3.9
ETH-USD-PERP.HYPERLIQUID,1771150020000,2059.4,2059.4,2059.1,2059.1,0.1165
HYPE-USD-PERP.HYPERLIQUID,1771150020000,30.998,30.998,30.99,30.991,184.52
INIT-USD-PERP.HYPERLIQUID,1771150020000,0.070689,0.070689,0.070689,0.070689,212.0
MANTA-USD-PERP.HYPERLIQUID,1771150020000,0.07783,0.07783,0.07783,0.07783,371.0
TRUMP-USD-PERP.HYPERLIQUID,1771150020000,3.4968,3.4968,3.4968,3.4968,9.3
VVV-USD-PERP.HYPERLIQUID,1771150020000,3.9471,3.9471,3.9418,3.9418,167.56
W-USD-PERP.HYPERLIQUID,1771150020000,0.0209,0.0209,0.0209,0.0209,710.9
DOGE-USD-PERP.HYPERLIQUID,1771150020000,0.11358,0.11358,0.11358,0.11358,3514.0
ETH-USD-PERP.HYPERLIQUID,1771150020000,2059.4,2059.4,2059.1,2059.1,0.125
HYPE-USD-PERP.HYPERLIQUID,1771150020000,30.998,30.998,30.986,30.986,198.02
NEO-USD-PERP.HYPERLIQUID,1771150020000,2.9013,2.9013,2.9013,2.9013,5.53
PYTH-USD-PERP.HYPERLIQUID,1771150020000,0.056757,0.056757,0.056748,0.056748,4418.0
SEI-USD-PERP.HYPERLIQUID,1771150020000,0.077445,0.077445,0.077426,0.077426,60066.0
TRUMP-USD-PERP.HYPERLIQUID,1771150020000,3.4968,3.4985,3.4968,3.4985,13.3
XLM-USD-PERP.HYPERLIQUID,1771150020000,0.17659,0.17659,0.17648,0.17648,34886.0
kLUNC-USD-PERP.HYPERLIQUID,1771150020000,0.036657,0.036657,0.036639,0.036639,988.0
BTC-USD-PERP.HYPERLIQUID,1771150020000,70239.0,70239.0,70234.0,70235.0,0.12087
FET-USD-PERP.HYPERLIQUID,1771150020000,0.17754,0.17754,0.17734,0.17734,1276.0
HYPE-USD-PERP.HYPERLIQUID,1771150020000,30.998,30.998,30.986,30.988,240.92
JTO-USD-PERP.HYPERLIQUID,1771150020000,0.27955,0.27955,0.27955,0.27955,147.0
ORDI-USD-PERP.HYPERLIQUID,1771150020000,2.8858,2.8858,2.8858,2.8858,5.88
PUMP-USD-PERP.HYPERLIQUID,1771150020000,0.00228,0.00228,0.00228,0.00228,25146.0
XLM-USD-PERP.HYPERLIQUID,1771150020000,0.17659,0.17659,0.17648,0.17649,41693.0
VVV-USD-PERP.HYPERLIQUID,1771150020000,3.9471,3.9482,3.9418,3.9482,326.25
WLD-USD-PERP.HYPERLIQUID,1771150020000,0.42138,0.42138,0.42138,0.42138,666.0
XRP-USD-PERP.HYPERLIQUID,1771150020000,1.5759,1.5764,1.5759,1.5764,2166.0
kPEPE-USD-PERP.HYPERLIQUID,1771150020000,0.004659,0.004659,0.004653,0.004653,709871.0
ASTER-USD-PERP.HYPERLIQUID,1771150020000,0.7301,0.7301,0.7301,0.7301,40.0
BTC-USD-PERP.HYPERLIQUID,1771150020000,70239.0,70239.0,70234.0,70234.0,0.12237
HYPE-USD-PERP.HYPERLIQUID,1771150020000,30.998,30.998,30.986,30.986,241.31
ZEC-USD-PERP.HYPERLIQUID,1771150020000,308.37,308.49,308.27,308.29,1.95
0G-USD-PERP.HYPERLIQUID,1771150020000,0.68407,0.68407,0.68407,0.68407,15.0
ETH-USD-PERP.HYPERLIQUID,1771150020000,2059.4,2059.4,2058.9,2058.9,20.0663
SUI-USD-PERP.HYPERLIQUID,1771150020000,1.0145,1.0145,1.0145,1.0145,104.1
XRP-USD-PERP.HYPERLIQUID,1771150020000,1.5759,1.5764,1.5759,1.5764,2497.0
ZEC-USD-PERP.HYPERLIQUID,1771150020000,308.37,308.49,308.27,308.29,3.95
RESOLV-USD-PERP.HYPERLIQUID,1771150020000,0.061907,0.061907,0.061907,0.061907,476.0
TRX-USD-PERP.HYPERLIQUID,1771150020000,0.28082,0.28082,0.28082,0.28082,484.0
XRP-USD-PERP.HYPERLIQUID,1771150020000,1.5759,1.5764,1.5759,1.5764,5159.0
KAS-USD-PERP.HYPERLIQUID,1771150020000,0.033093,0.033093,0.033093,0.033093,433.0
BTC-USD-PERP.HYPERLIQUID,1771150020000,70239.0,70239.0,70234.0,70234.0,0.18424
FARTCOIN-USD-PERP.HYPERLIQUID,1771150020000,0.2099,0.2099,0.2099,0.2099,780.0
UNI-USD-PERP.HYPERLIQUID,1771150020000,3.5678,3.5678,3.5678,3.5678,174.7
WLFI-USD-PERP.HYPERLIQUID,1771150020000,0.10627,0.10627,0.10627,0.10627,4213.0
XRP-USD-PERP.HYPERLIQUID,1771150020000,1.5759,1.5768,1.5759,1.5764,22723.0
BTC-USD-PERP.HYPERLIQUID,1771150020000,70239.0,70239.0,70234.0,70234.0,0.18911
PENDLE-USD-PERP.HYPERLIQUID,1771150020000,1.2895,1.2895,1.2895,1.2895,23.0
kPEPE-USD-PERP.HYPERLIQUID,1771150020000,0.004659,0.004659,0.004653,0.004659,2755771.0
ETH-USD-PERP.HYPERLIQUID,1771150020000,2059.4,2059.4,2058.9,2059.0,20.0802
GRIFFAIN-USD-PERP.HYPERLIQUID,1771150020000,0.010269,0.010269,0.010269,0.010269,5444.0
LIT-USD-PERP.HYPERLIQUID,1771150020000,1.7023,1.7023,1.7013,1.7013,468.0
kPEPE-USD-PERP.HYPERLIQUID,1771150020000,0.004659,0.004659,0.004653,0.004658,5444521.0
AERO-USD-PERP.HYPERLIQUID,1771150020000,0.32892,0.32892,0.32892,0.32892,334.0
ARB-USD-PERP.HYPERLIQUID,1771150020000,0.11835,0.11835,0.11827,0.11827,515.2
CAKE-USD-PERP.HYPERLIQUID,1771150020000,1.345,1.345,1.345,1.345,48.4
LTC-USD-PERP.HYPERLIQUID,1771150020000,55.896,55.896,55.896,55.896,0.31
OP-USD-PERP.HYPERLIQUID,1771150020000,0.19392,0.19392,0.19392,0.19392,90.5
BTC-USD-PERP.HYPERLIQUID,1771150020000,70239.0,70239.0,70234.0,70235.0,0.19252
HYPE-USD-PERP.HYPERLIQUID,1771150020000,30.998,30.998,30.986,30.99,241.68
MNT-USD-PERP.HYPERLIQUID,1771150020000,0.67049,0.67123,0.67038,0.67123,1402.9
VIRTUAL-USD-PERP.HYPERLIQUID,1771150020000,0.67038,0.67038,0.67038,0.67038,99.2
GRIFFAIN-USD-PERP.HYPERLIQUID,1771150020000,0.010269,0.010279,0.010269,0.010279,18817.0
HYPE-USD-PERP.HYPERLIQUID,1771150020000,30.998,30.998,30.986,30.988,292.08
SYRUP-USD-PERP.HYPERLIQUID,1771150020000,0.27438,0.27438,0.27438,0.27438,92.0
kPEPE-USD-PERP.HYPERLIQUID,1771150020000,0.004659,0.004659,0.004653,0.004657,5492590.0
SOL-USD-PERP.HYPERLIQUID,1771150020000,89.468,89.469,89.468,89.469,9.98
SYRUP-USD-PERP.HYPERLIQUID,1771150020000,0.27438,0.27438,0.27438,0.27438,226.0
VVV-USD-PERP.HYPERLIQUID,1771150020000,3.9471,3.9482,3.9344,3.9344,330.04
ZEC-USD-PERP.HYPERLIQUID,1771150020000,308.37,308.49,308.06,308.06,4.0
kPEPE-USD-PERP.HYPERLIQUID,1771150020000,0.004659,0.004659,0.004653,0.004655,5494758.0
XRP-USD-PERP.HYPERLIQUID,1771150020000,1.5759,1.5768,1.5759,1.5764,22963.0
kBONK-USD-PERP.HYPERLIQUID,1771150020000,0.006877,0.006877,0.006877,0.006877,97233.0
AVAX-USD-PERP.HYPERLIQUID,1771150020000,9.5519,9.5519,9.5512,9.5512,18.14
DOT-USD-PERP.HYPERLIQUID,1771150020000,1.4058,1.4058,1.4058,1.4058,48.4
ETH-USD-PERP.HYPERLIQUID,1771150020000,2059.4,2059.4,2058.9,2059.1,20.1343
HYPE-USD-PERP.HYPERLIQUID,1771150020000,30.998,30.999,30.986,30.999,292.47
LTC-USD-PERP.HYPERLIQUID,1771150020000,55.896,55.896,55.896,55.896,0.5
kBONK-USD-PERP.HYPERLIQUID,1771150020000,0.006877,0.006877,0.006877,0.006877,160873.0
BTC-USD-PERP.HYPERLIQUID,1771150020000,70239.0,70239.0,70234.0,70236.0,0.19328
COMP-USD-PERP.HYPERLIQUID,1771150020000,23.014,23.014,23.014,23.014,3.08
NEAR-USD-PERP.HYPERLIQUID,1771150020000,1.0745,1.0745,1.074,1.074,85.3
VVV-USD-PERP.HYPERLIQUID,1771150020000,3.9471,3.9482,3.9342,3.9342,584.25
WLD-USD-PERP.HYPERLIQUID,1771150020000,0.42138,0.42157,0.42138,0.42157,794.5
kPEPE-USD-PERP.HYPERLIQUID,1771150020000,0.004659,0.004659,0.004652,0.004652,5547417.0
ATOM-USD-PERP.HYPERLIQUID,1771150020000,2.1606,2.1606,2.1606,2.1606,66.28
BTC-USD-PERP.HYPERLIQUID,1771150020000,70239.0,70239.0,70234.0,70237.0,0.19429
DOGE-USD-PERP.HYPERLIQUID,1771150020000,0.11358,0.11358,0.11356,0.11356,5013.0
BSV-USD-PERP.HYPERLIQUID,1771150020000,17.683,17.683,17.683,17.683,3.49
BTC-USD-PERP.HYPERLIQUID,1771150020000,70239.0,70239.0,70234.0,70236.0,0.19757
DOGE-USD-PERP.HYPERLIQUID,1771150020000,0.11358,0.11358,0.1135,0.1135,19163.0
FET-USD-PERP.HYPERLIQUID,1771150020000,0.17754,0.17754,0.17734,0.17734,2275.0
HYPE-USD-PERP.HYPERLIQUID,1771150020000,30.998,30.999,30.986,30.999,298.93
INJ-USD-PERP.HYPERLIQUID,1771150020000,3.2257,3.2257,3.2257,3.2257,9.2
LTC-USD-PERP.HYPERLIQUID,1771150020000,55.896,55.896,55.895,55.895,1.35
MNT-USD-PERP.HYPERLIQUID,1771150020000,0.67049,0.67123,0.67038,0.67123,1439.5
MOODENG-USD-PERP.HYPERLIQUID,1771150020000,0.059802,0.059802,0.059802,0.059802,299.0
SEI-USD-PERP.HYPERLIQUID,1771150020000,0.077445,0.077445,0.077426,0.077434,72669.0
kFLOKI-USD-PERP.HYPERLIQUID,1771150020000,0.033678,0.033678,0.033678,0.033678,572.0
AVAX-USD-PERP.HYPERLIQUID,1771150020000,9.5519,9.5519,9.5498,9.5498,19.4
ETH-USD-PERP.HYPERLIQUID,1771150020000,2059.4,2059.4,2058.9,2059.2,20.1634
HYPE-USD-PERP.HYPERLIQUID,1771150020000,30.998,30.999,30.986,30.989,341.03
PYTH-USD-PERP.HYPERLIQUID,1771150020000,0.056757,0.056757,0.056741,0.056741,7064.0
SEI-USD-PERP.HYPERLIQUID,1771150020000,0.077445,0.077446,0.077426,0.077446,109959.0
ZEC-USD-PERP.HYPERLIQUID,1771150020000,308.37,308.49,308.06,308.12,5.21
DYM-USD-PERP.HYPERLIQUID,1771150020000,0.0463,0.0463,0.0463,0.0463,397.5
HYPE-USD-PERP.HYPERLIQUID,1771150020000,30.998,30.999,30.986,30.998,343.47
PUMP-USD-PERP.HYPERLIQUID,1771150020000,0.00228,0.00228,0.00228,0.00228,45861.0
kPEPE-USD-PERP.HYPERLIQUID,1771150020000,0.004659,0.004659,0.004651,0.004653,7592338.0
ARB-USD-PERP.HYPERLIQUID,1771150020000,0.11835,0.11835,0.11825,0.11825,1387.4
BNB-USD-PERP.HYPERLIQUID,1771150020000,628.02,628.02,627.53,627.53,1.213
BTC-USD-PERP.HYPERLIQUID,1771150020000,70239.0,70239.0,70234.0,70235.0,0.2249
DOGE-USD-PERP.HYPERLIQUID,1771150020000,0.11358,0.11358,0.1135,0.1135,33434.0
ETH-USD-PERP.HYPERLIQUID,1771150020000,2059.4,2059.4,2058.9,2058.9,21.1034
FOGO-USD-PERP.HYPERLIQUID,1771150020000,0.022857,0.022857,0.022857,0.022857,1304.0
HEMI-USD-PERP.HYPERLIQUID,1771150020000,0.010417,0.010417,0.010417,0.010417,1710.0
IMX-USD-PERP.HYPERLIQUID,1771150020000,0.17307,0.17324,0.17307,0.17324,405.7
OP-USD-PERP.HYPERLIQUID,1771150020000,0.19392,0.19392,0.1938,0.1938,467.1
PAXG-USD-PERP.HYPERLIQUID,1771150020000,5035.6,5035.6,5035.6,5035.6,0.003
SOL-USD-PERP.HYPERLIQUID,1771150020000,89.468,89.469,89.44,89.44,16.71
XRP-USD-PERP.HYPERLIQUID,1771150020000,1.5759,1.5768,1.5757,1.5757,25608.0
kBONK-USD-PERP.HYPERLIQUID,1771150020000,0.006877,0.006877,0.006875,0.006875,162710.0
AZTEC-USD-PERP.HYPERLIQUID,1771150020000,0.023684,0.023684,0.023684,0.023684,15640.0
BABY-USD-PERP.HYPERLIQUID,1771150020000,0.013932,0.013932,0.013932,0.013932,2400.0
BNB-USD-PERP.HYPERLIQUID,1771150020000,628.02,628.02,627.53,627.63,4.213
DOGE-USD-PERP.HYPERLIQUID,1771150020000,0.11358,0.11358,0.11349,0.11349,34757.0
DOOD-USD-PERP.HYPERLIQUID,1771150020000,0.003874,0.003874,0.003874,0.003874,3901.0
ETH-USD-PERP.HYPERLIQUID,1771150020000,2059.4,2059.4,2058.9,2058.9,21.1325
MNT-USD-PERP.HYPERLIQUID,1771150020000,0.67049,0.67123,0.67038,0.67123,1565.7
SKR-USD-PERP.HYPERLIQUID,1771150020000,0.022645,0.022647,0.022645,0.022647,40000.0
STX-USD-PERP.HYPERLIQUID,1771150020000,0.27346,0.27346,0.27346,0.27346,360.9
TIA-USD-PERP.HYPERLIQUID,1771150020000,0.35235,0.35235,0.35227,0.35227,1946.5
kBONK-USD-PERP.HYPERLIQUID,1771150020000,0.006877,0.006877,0.006875,0.006877,231784.0
ARB-USD-PERP.HYPERLIQUID,1771150020000,0.11835,0.11835,0.1182,0.1182,8091.7
AXS-USD-PERP.HYPERLIQUID,1771150020000,1.4302,1.4309,1.4302,1.4309,698.8
BTC-USD-PERP.HYPERLIQUID,1771150020000,70239.0,70239.0,70230.0,70230.0,0.26111
CAKE-USD-PERP.HYPERLIQUID,1771150020000,1.345,1.345,1.3448,1.3448,84.7
PAXG-USD-PERP.HYPERLIQUID,1771150020000,5035.6,5035.6,5035.5,5035.5,0.361
PENGU-USD-PERP.HYPERLIQUID,1771150020000,0.00753,0.00753,0.00753,0.00753,20996.0
SOL-USD-PERP.HYPERLIQUID,1771150020000,89.468,89.469,89.44,89.447,30.47
ZEC-USD-PERP.HYPERLIQUID,1771150020000,308.37,308.49,307.93,307.93,50.95
ZK-USD-PERP.HYPERLIQUID,1771150020000,0.022393,0.022393,0.022386,0.022386,3083.0
DYDX-USD-PERP.HYPERLIQUID,1771150020000,0.11114,0.11114,0.11111,0.11111,181.9
FARTCOIN-USD-PERP.HYPERLIQUID,1771150020000,0.2099,0.20999,0.2099,0.20999,862.6
FET-USD-PERP.HYPERLIQUID,1771150020000,0.17754,0.17754,0.17734,0.17748,2346.0
NEAR-USD-PERP.HYPERLIQUID,1771150020000,1.0745,1.0745,1.0737,1.0737,96.0
PAXG-USD-PERP.HYPERLIQUID,1771150020000,5035.6,5035.6,5032.4,5032.4,8.05
SUI-USD-PERP.HYPERLIQUID,1771150020000,1.0145,1.0145,1.0141,1.0141,208.2
JUP-USD-PERP.HYPERLIQUID,1771150020000,0.16601,0.16601,0.16601,0.16601,858.0
MET-USD-PERP.HYPERLIQUID,1771150020000,0.22951,0.22951,0.22951,0.22951,119.0
TRX-USD-PERP.HYPERLIQUID,1771150020000,0.28082,0.28082,0.28081,0.28081,1683.0
KAITO-USD-PERP.HYPERLIQUID,1771150020000,0.32499,0.32499,0.32499,0.32499,136.0
PAXG-USD-PERP.HYPERLIQUID,1771150020000,5035.6,5035.6,5032.4,5035.5,8.053
PYTH-USD-PERP.HYPERLIQUID,1771150020000,0.056757,0.056757,0.056714,0.056714,11474.0
TAO-USD-PERP.HYPERLIQUID,1771150020000,187.91,187.91,187.91,187.91,0.218
XRP-USD-PERP.HYPERLIQUID,1771150020000,1.5759,1.5768,1.5756,1.5756,25623.0
AZTEC-USD-PERP.HYPERLIQUID,1771150020000,0.023684,0.023684,0.023638,0.023638,16924.0
BTC-USD-PERP.HYPERLIQUID,1771150020000,70239.0,70239.0,70229.0,70229.0,0.28844
PYTH-USD-PERP.HYPERLIQUID,1771150020000,0.056757,0.056757,0.056683,0.056683,12595.0
TAO-USD-PERP.HYPERLIQUID,1771150020000,187.91,187.91,187.91,187.91,0.43
ZEC-USD-PERP.HYPERLIQUID,1771150020000,308.37,308.49,307.93,308.08,50.99
kPEPE-USD-PERP.HYPERLIQUID,1771150020000,0.004659,0.004659,0.004651,0.004653,7597062.0
GMT-USD-PERP.HYPERLIQUID,1771150020000,0.012869,0.012869,0.012869,0.012869,2166.0
HYPE-USD-PERP.HYPERLIQUID,1771150020000,30.998,31.001,30.986,31.001,343.84
MNT-USD-PERP.HYPERLIQUID,1771150020000,0.67049,0.67123,0.67038,0.67123,1651.1
NEAR-USD-PERP.HYPERLIQUID,1771150020000,1.0745,1.0745,1.0737,1.074,199.2
BTC-USD-PERP.HYPERLIQUID,1771150020000,70239.0,70239.0,70229.0,70229.0,0.28845
ETH-USD-PERP.HYPERLIQUID,1771150020000,2059.4,2059.4,2058.9,2058.9,21.3508
FET-USD-PERP.HYPERLIQUID,1771150020000,0.17754,0.17754,0.17734,0.17747,2470.0
LTC-USD-PERP.HYPERLIQUID,1771150020000,55.896,55.896,55.858,55.858,1.54
ZEC-USD-PERP.HYPERLIQUID,1771150020000,308.37,308.49,307.93,308.08,51.15
HYPE-USD-PERP.HYPERLIQUID,1771150020000,30.998,31.001,30.986,31.001,344.21
NEAR-USD-PERP.HYPERLIQUID,1771150020000,1.0745,1.0745,1.0737,1.074,309.9
OP-USD-PERP.HYPERLIQUID,1771150020000,0.19392,0.19392,0.1938,0.19384,526.8
POL-USD-PERP.HYPERLIQUID,1771150020000,0.1093,0.1093,0.1093,0.1093,274.0
TAO-USD-PERP.HYPERLIQUID,1771150020000,187.91,187.91,187.9,187.9,3.062
XLM-USD-PERP.HYPERLIQUID,1771150020000,0.17659,0.17659,0.17648,0.17648,41808.0
XMR-USD-PERP.HYPERLIQUID,1771150020000,347.81,347.82,347.81,347.82,1.15
ZEC-USD-PERP.HYPERLIQUID,1771150020000,308.37,308.49,307.93,308.08,51.48
kBONK-USD-PERP.HYPERLIQUID,1771150020000,0.006877,0.006877,0.006875,0.006875,234018.0
kPEPE-USD-PERP.HYPERLIQUID,1771150020000,0.004659,0.004659,0.004651,0.004652,7623962.0
AR-USD-PERP.HYPERLIQUID,1771150020000,2.0535,2.0535,2.0535,2.0535,100.0
BTC-USD-PERP.HYPERLIQUID,1771150020000,70239.0,70239.0,70229.0,70229.0,0.29095
DYM-USD-PERP.HYPERLIQUID,1771150020000,0.0463,0.0463,0.0462,0.0462,635.6
LTC-USD-PERP.HYPERLIQUID,1771150020000,55.896,55.896,55.854,55.854,2.17
SUI-USD-PERP.HYPERLIQUID,1771150020000,1.0145,1.0145,1.0138,1.0138,312.3
TRX-USD-PERP.HYPERLIQUID,1771150020000,0.28082,0.28082,0.28081,0.28081,2082.0
ZEC-USD-PERP.HYPERLIQUID,1771150020000,308.37,308.49,307.93,308.08,51.56
kPEPE-USD-PERP.HYPERLIQUID,1771150020000,0.004659,0.004659,0.004649,0.004649,7645463.0
AERO-USD-PERP.HYPERLIQUID,1771150020000,0.32892,0.32892,0.32889,0.32889,4841.0
BERA-USD-PERP.HYPERLIQUID,1771150020000,0.6629,0.6629,0.66285,0.66285,1608.7
LAYER-USD-PERP.HYPERLIQUID,1771150020000,0.092823,0.092823,0.092823,0.092823,314.0
LTC-USD-PERP.HYPERLIQUID,1771150020000,55.896,55.896,55.854,55.854,2.79
OM-USD-PERP.HYPERLIQUID,1771150020000,0.06161,0.06161,0.06161,0.06161,267.5
TRX-USD-PERP.HYPERLIQUID,1771150020000,0.28082,0.28082,0.28081,0.28081,2593.0
AERO-USD-PERP.HYPERLIQUID,1771150020000,0.32892,0.32892,0.32889,0.32889,5189.0
APEX-USD-PERP.HYPERLIQUID,1771150020000,0.36505,0.3651,0.36499,0.3651,4311.0
DOGE-USD-PERP.HYPERLIQUID,1771150020000,0.11358,0.11358,0.11348,0.11348,49646.0
ETH-USD-PERP.HYPERLIQUID,1771150020000,2059.4,2059.4,2058.9,2058.9,21.3565
FARTCOIN-USD-PERP.HYPERLIQUID,1771150020000,0.2099,0.20999,0.2099,0.20993,973.6
HYPE-USD-PERP.HYPERLIQUID,1771150020000,30.998,31.001,30.986,31.001,344.87
ZEC-USD-PERP.HYPERLIQUID,1771150020000,308.37,308.49,307.93,308.08,53.55
kPEPE-USD-PERP.HYPERLIQUID,1771150020000,0.004659,0.004659,0.004648,0.004648,7855317.0
APEX-USD-PERP.HYPERLIQUID,1771150020000,0.36505,0.36513,0.36499,0.36513,5341.0
NEAR-USD-PERP.HYPERLIQUID,1771150020000,1.0745,1.0745,1.0737,1.0737,392.0
SOL-USD-PERP.HYPERLIQUID,1771150020000,89.468,89.469,89.424,89.424,31.82
STBL-USD-PERP.HYPERLIQUID,1771150020000,0.039536,0.039536,0.039536,0.039536,390.0
TRX-USD-PERP.HYPERLIQUID,1771150020000,0.28082,0.28082,0.28081,0.28081,2691.0
XLM-USD-PERP.HYPERLIQUID,1771150020000,0.17659,0.17659,0.17648,0.17649,42367.0
ZEC-USD-PERP.HYPERLIQUID,1771150020000,308.37,308.49,307.93,308.08,53.59
ETC-USD-PERP.HYPERLIQUID,1771150020000,9.0015,9.0015,9.0015,9.0015,1.76
ETH-USD-PERP.HYPERLIQUID,1771150020000,2059.4,2059.4,2058.9,2059.0,21.3621
HBAR-USD-PERP.HYPERLIQUID,1771150020000,0.10279,0.10279,0.10279,0.10279,1149.0
HYPE-USD-PERP.HYPERLIQUID,1771150020000,30.998,31.001,30.986,31.001,345.31
MET-USD-PERP.HYPERLIQUID,1771150020000,0.22951,0.22951,0.22951,0.22951,190.0
MOODENG-USD-PERP.HYPERLIQUID,1771150020000,0.059802,0.059802,0.059733,0.059733,2545.0
ORDI-USD-PERP.HYPERLIQUID,1771150020000,2.8858,2.8858,2.8846,2.8846,11.56
TAO-USD-PERP.HYPERLIQUID,1771150020000,187.91,187.91,187.9,187.9,4.714
XRP-USD-PERP.HYPERLIQUID,1771150020000,1.5759,1.5768,1.5753,1.5753,25993.0
ZETA-USD-PERP.HYPERLIQUID,1771150020000,0.05746,0.05746,0.05746,0.05746,281.8
kPEPE-USD-PERP.HYPERLIQUID,1771150020000,0.004659,0.004659,0.004648,0.004654,9258495.0
AERO-USD-PERP.HYPERLIQUID,1771150020000,0.32892,0.32892,0.32807,0.32807,14701.0
AVNT-USD-PERP.HYPERLIQUID,1771150020000,0.20709,0.20709,0.20709,0.20709,485.0
BABY-USD-PERP.HYPERLIQUID,1771150020000,0.013932,0.013932,0.013924,0.013924,4221.0
BTC-USD-PERP.HYPERLIQUID,1771150020000,70239.0,70239.0,70227.0,70227.0,0.29387
SUI-USD-PERP.HYPERLIQUID,1771150020000,1.0145,1.0145,1.0138,1.0138,416.4
ZEC-USD-PERP.HYPERLIQUID,1771150020000,308.37,308.49,307.93,308.07,53.65
BTC-USD-PERP.HYPERLIQUID,1771150020000,70239.0,70239.0,70227.0,70228.0,0.29403
FET-USD-PERP.HYPERLIQUID,1771150020000,0.17754,0.17754,0.17734,0.17747,2700.0
HYPE-USD-PERP.HYPERLIQUID,1771150020000,30.998,31.001,30.986,31.0,367.91
LIT-USD-PERP.HYPERLIQUID,1771150020000,1.7023,1.7023,1.7013,1.7022,475.0
TRB-USD-PERP.HYPERLIQUID,1771150020000,16.373,16.373,16.373,16.373,14.78
USUAL-USD-PERP.HYPERLIQUID,1771150020000,0.01568,0.01568,0.01568,0.01568,2557.2
ZEC-USD-PERP.HYPERLIQUID,1771150020000,308.37,308.49,307.93,307.93,53.69
kPEPE-USD-PERP.HYPERLIQUID,1771150020000,0.004659,0.004659,0.004648,0.004649,9271398.0
BTC-USD-PERP.HYPERLIQUID,1771150020000,70239.0,70239.0,70227.0,70227.0,0.31966
NEAR-USD-PERP.HYPERLIQUID,1771150020000,1.0745,1.0745,1.0737,1.0737,456.3
OP-USD-PERP.HYPERLIQUID,1771150020000,0.19392,0.19392,0.1938,0.19384,586.0
S-USD-PERP.HYPERLIQUID,1771150020000,0.049609,0.049609,0.049609,0.049609,2112.0
SPX-USD-PERP.HYPERLIQUID,1771150020000,0.32811,0.32811,0.32811,0.32811,1916.3
BTC-USD-PERP.HYPERLIQUID,1771150020000,70239.0,70239.0,70227.0,70227.0,2.41661
CAKE-USD-PERP.HYPERLIQUID,1771150020000,1.345,1.345,1.3448,1.3448,144.7
FET-USD-PERP.HYPERLIQUID,1771150020000,0.17754,0.17754,0.17734,0.17746,2946.0
HYPE-USD-PERP.HYPERLIQUID,1771150020000,30.998,31.001,30.986,30.989,390.66
LINK-USD-PERP.HYPERLIQUID,1771150020000,9.0655,9.0655,9.0655,9.0655,8.7
PAXG-USD-PERP.HYPERLIQUID,1771150020000,5035.6,5035.6,5032.3,5032.3,15.296
ZEC-USD-PERP.HYPERLIQUID,1771150020000,308.37,308.49,307.93,307.94,53.91
kPEPE-USD-PERP.HYPERLIQUID,1771150020000,0.004659,0.004659,0.004648,0.004652,9273566.0
BTC-USD-PERP.HYPERLIQUID,1771150020000,70239.0,70239.0,70227.0,70233.0,2.65868
CAKE-USD-PERP.HYPERLIQUID,1771150020000,1.345,1.345,1.3448,1.3448,165.3
HYPE-USD-PERP.HYPERLIQUID,1771150020000,30.998,31.001,30.986,30.987,413.26
OP-USD-PERP.HYPERLIQUID,1771150020000,0.19392,0.19392,0.19379,0.19379,673.7
FET-USD-PERP.HYPERLIQUID,1771150020000,0.17754,0.17754,0.1773,0.1773,3304.0
MELANIA-USD-PERP.HYPERLIQUID,1771150020000,0.12379,0.12379,0.12379,0.12379,122.0
BTC-USD-PERP.HYPERLIQUID,1771150020000,70239.0,70239.0,70227.0,70233.0,2.66018
DASH-USD-PERP.HYPERLIQUID,1771150020000,39.778,39.778,39.778,39.778,0.96
FET-USD-PERP.HYPERLIQUID,1771150020000,0.17754,0.17754,0.1773,0.17746,3366.0
SOL-USD-PERP.HYPERLIQUID,1771150020000,89.468,89.469,89.424,89.448,32.45
SUI-USD-PERP.HYPERLIQUID,1771150020000,1.0145,1.0145,1.0138,1.014,520.5
kBONK-USD-PERP.HYPERLIQUID,1771150020000,0.006877,0.006877,0.006873,0.006873,266541.0
kSHIB-USD-PERP.HYPERLIQUID,1771150020000,0.006806,0.006806,0.006806,0.006806,123721.0
AVAX-USD-PERP.HYPERLIQUID,1771150020000,9.5519,9.5519,9.5489,9.5507,54.4
BTC-USD-PERP.HYPERLIQUID,1771150020000,70239.0,70239.0,70227.0,70234.0,2.68581
DOGE-USD-PERP.HYPERLIQUID,1771150020000,0.11358,0.11358,0.11347,0.11347,58387.0
EIGEN-USD-PERP.HYPERLIQUID,1771150020000,0.2137,0.2137,0.2137,0.2137,1519.73
OM-USD-PERP.HYPERLIQUID,1771150020000,0.06161,0.06163,0.06161,0.06163,10013.2
SKY-USD-PERP.HYPERLIQUID,1771150020000,0.067399,0.067399,0.067337,0.067337,7702.0
UNI-USD-PERP.HYPERLIQUID,1771150020000,3.5678,3.5678,3.5667,3.5667,226.1
ZEC-USD-PERP.HYPERLIQUID,1771150020000,308.37,308.49,307.93,307.99,59.3
kBONK-USD-PERP.HYPERLIQUID,1771150020000,0.006877,0.006877,0.006868,0.006868,316071.0
kPEPE-USD-PERP.HYPERLIQUID,1771150020000,0.004659,0.004659,0.004648,0.004652,9756311.0
APT-USD-PERP.HYPERLIQUID,1771150020000,0.9634,0.9634,0.9634,0.9634,810.08
ARB-USD-PERP.HYPERLIQUID,1771150020000,0.11835,0.11835,0.11817,0.11817,8283.1
BTC-USD-PERP.HYPERLIQUID,1771150020000,70239.0,70239.0,70227.0,70234.0,2.68676
DOT-USD-PERP.HYPERLIQUID,1771150020000,1.4058,1.4058,1.405,1.405,84.0
ETH-USD-PERP.HYPERLIQUID,1771150020000,2059.4,2059.4,2058.3,2058.3,27.0327
FARTCOIN-USD-PERP.HYPERLIQUID,1771150020000,0.2099,0.20999,0.20976,0.20976,1026.1
HYPE-USD-PERP.HYPERLIQUID,1771150020000,30.998,31.001,30.986,30.991,414.2
IP-USD-PERP.HYPERLIQUID,1771150020000,1.1628,1.1629,1.1628,1.1629,354.5
MINA-USD-PERP.HYPERLIQUID,1771150020000,0.067828,0.067828,0.067828,0.067828,2676.0
NEAR-USD-PERP.HYPERLIQUID,1771150020000,1.0745,1.0745,1.0728,1.0728,1707.3
PENGU-USD-PERP.HYPERLIQUID,1771150020000,0.00753,0.00753,0.007527,0.007527,120871.0
SAND-USD-PERP.HYPERLIQUID,1771150020000,0.091034,0.091034,0.091034,0.091034,3399.0
SOL-USD-PERP.HYPERLIQUID,1771150020000,89.468,89.469,89.424,89.442,39.15
TAO-USD-PERP.HYPERLIQUID,1771150020000,187.91,187.91,187.9,187.9,5.17
VIRTUAL-USD-PERP.HYPERLIQUID,1771150020000,0.67038,0.67067,0.67038,0.67067,1238.2
VVV-USD-PERP.HYPERLIQUID,1771150020000,3.9471,3.9482,3.9212,3.9212,946.97
kBONK-USD-PERP.HYPERLIQUID,1771150020000,0.006877,0.006877,0.006864,0.006864,317681.0
kPEPE-USD-PERP.HYPERLIQUID,1771150020000,0.004659,0.004659,0.004648,0.00465,9758970.0
kSHIB-USD-PERP.HYPERLIQUID,1771150020000,0.006806,0.006806,0.006804,0.006804,125341.0
BTC-USD-PERP.HYPERLIQUID,1771150020000,70239.0,70239.0,70227.0,70233.0,2.68728
DOGE-USD-PERP.HYPERLIQUID,1771150020000,0.11358,0.11358,0.11347,0.11347,61574.0
ETH-USD-PERP.HYPERLIQUID,1771150020000,2059.4,2059.4,2058.2,2058.2,27.9294
HYPE-USD-PERP.HYPERLIQUID,1771150020000,30.998,31.001,30.985,30.985,457.0
IP-USD-PERP.HYPERLIQUID,1771150020000,1.1628,1.1629,1.1628,1.1628,957.7
ONDO-USD-PERP.HYPERLIQUID,1771150020000,0.28536,0.28536,0.28536,0.28536,55.0
PUMP-USD-PERP.HYPERLIQUID,1771150020000,0.00228,0.00228,0.002278,0.002278,149041.0
SAND-USD-PERP.HYPERLIQUID,1771150020000,0.091034,0.091034,0.091034,0.091034,6305.0
VIRTUAL-USD-PERP.HYPERLIQUID,1771150020000,0.67038,0.67067,0.67038,0.67067,1372.3
XRP-USD-PERP.HYPERLIQUID,1771150020000,1.5759,1.5768,1.5753,1.5753,26123.0
kBONK-USD-PERP.HYPERLIQUID,1771150020000,0.006877,0.006877,0.006847,0.006847,871248.0
AAVE-USD-PERP.HYPERLIQUID,1771150020000,128.69,128.69,128.69,128.69,0.15
ARB-USD-PERP.HYPERLIQUID,1771150020000,0.11835,0.11835,0.11809,0.11809,11504.5
AXS-USD-PERP.HYPERLIQUID,1771150020000,1.4302,1.4309,1.4244,1.4244,2722.8
BTC-USD-PERP.HYPERLIQUID,1771150020000,70239.0,70239.0,70227.0,70228.0,2.71084
DOGE-USD-PERP.HYPERLIQUID,1771150020000,0.11358,0.11358,0.11344,0.11345,69969.0
DOT-USD-PERP.HYPERLIQUID,1771150020000,1.4058,1.4058,1.405,1.405,372.7
ETH-USD-PERP.HYPERLIQUID,1771150020000,2059.4,2059.4,2057.8,2057.8,29.9855
HYPE-USD-PERP.HYPERLIQUID,1771150020000,30.998,31.001,30.985,30.985,463.46
LINK-USD-PERP.HYPERLIQUID,1771150020000,9.0655,9.0655,9.0649,9.0649,17.5
NEAR-USD-PERP.HYPERLIQUID,1771150020000,1.0745,1.0745,1.0728,1.0732,1737.0
NXPC-USD-PERP.HYPERLIQUID,1771150020000,0.27746,0.27746,0.27746,0.27746,69.0
PENGU-USD-PERP.HYPERLIQUID,1771150020000,0.00753,0.00753,0.007515,0.007515,450390.0
SOL-USD-PERP.HYPERLIQUID,1771150020000,89.468,89.469,89.424,89.432,39.32
TAO-USD-PERP.HYPERLIQUID,1771150020000,187.91,187.91,187.89,187.89,6.453
WIF-USD-PERP.HYPERLIQUID,1771150020000,0.24181,0.24181,0.24181,0.24181,2424.0
ARB-USD-PERP.HYPERLIQUID,1771150020000,0.11835,0.11835,0.11808,0.11808,12608.7
BTC-USD-PERP.HYPERLIQUID,1771150020000,70239.0,70239.0,70227.0,70228.0,2.71197
CRV-USD-PERP.HYPERLIQUID,1771150020000,0.25857,0.25857,0.25857,0.25857,5429.8
DOGE-USD-PERP.HYPERLIQUID,1771150020000,0.11358,0.11358,0.11343,0.11343,80984.0
DOT-USD-PERP.HYPERLIQUID,1771150020000,1.4058,1.4058,1.4045,1.4045,422.7
ETH-USD-PERP.HYPERLIQUID,1771150020000,2059.4,2059.4,2057.6,2057.6,30.0022
GRIFFAIN-USD-PERP.HYPERLIQUID,1771150020000,0.010269,0.010279,0.010268,0.010268,46587.0
INJ-USD-PERP.HYPERLIQUID,1771150020000,3.2257,3.2257,3.2249,3.2249,13.0
JTO-USD-PERP.HYPERLIQUID,1771150020000,0.27955,0.27955,0.27917,0.27917,662.0
JUP-USD-PERP.HYPERLIQUID,1771150020000,0.16601,0.16601,0.16591,0.16591,973.0
NEAR-USD-PERP.HYPERLIQUID,1771150020000,1.0745,1.0745,1.0727,1.0727,1779.6
SPX-USD-PERP.HYPERLIQUID,1771150020000,0.32811,0.32811,0.328,0.328,1961.6
WIF-USD-PERP.HYPERLIQUID,1771150020000,0.24181,0.24181,0.24181,0.24181,2428.0
WLD-USD-PERP.HYPERLIQUID,1771150020000,0.42138,0.42157,0.42114,0.42114,1204.0
XPL-USD-PERP.HYPERLIQUID,1771150020000,0.10054,0.10054,0.10054,0.10054,110.0
ZEC-USD-PERP.HYPERLIQUID,1771150020000,308.37,308.49,307.82,307.84,61.15
kPEPE-USD-PERP.HYPERLIQUID,1771150020000,0.004659,0.004659,0.004643,0.004643,9770368.0
kSHIB-USD-PERP.HYPERLIQUID,1771150020000,0.006806,0.006806,0.006795,0.006795,304044.0
BTC-USD-PERP.HYPERLIQUID,1771150020000,70239.0,70239.0,70227.0,70228.0,2.71367
FIL-USD-PERP.HYPERLIQUID,1771150020000,0.9957,0.9957,0.9957,0.9957,744.5
LTC-USD-PERP.HYPERLIQUID,1771150020000,55.896,55.896,55.843,55.843,3.02
ZETA-USD-PERP.HYPERLIQUID,1771150020000,0.05746,0.05746,0.05745,0.05745,613.3
ARB-USD-PERP.HYPERLIQUID,1771150020000,0.11835,0.11835,0.11808,0.1181,12735.8
ETH-USD-PERP.HYPERLIQUID,1771150020000,2059.4,2059.4,2057.6,2058.0,30.0091
STRK-USD-PERP.HYPERLIQUID,1771150020000,0.05051,0.05051,0.05051,0.05051,996.0
MNT-USD-PERP.HYPERLIQUID,1771150020000,0.67049,0.67123,0.67038,0.67121,1698.8
SUSHI-USD-PERP.HYPERLIQUID,1771150020000,0.21495,0.21495,0.21495,0.21495,86.6
TRUMP-USD-PERP.HYPERLIQUID,1771150020000,3.4968,3.4985,3.4968,3.4968,91.9
XRP-USD-PERP.HYPERLIQUID,1771150020000,1.5759,1.5768,1.5749,1.5749,31605.0
ZEC-USD-PERP.HYPERLIQUID,1771150020000,308.37,308.49,307.82,307.84,64.84
BTC-USD-PERP.HYPERLIQUID,1771150020000,70239.0,70239.0,70225.0,70225.0,2.71442
LIT-USD-PERP.HYPERLIQUID,1771150020000,1.7023,1.7023,1.7013,1.7017,493.0
MEME-USD-PERP.HYPERLIQUID,1771150020000,0.000748,0.000748,0.000748,0.000748,20541.0
XRP-USD-PERP.HYPERLIQUID,1771150020000,1.5759,1.5768,1.5745,1.5745,36671.0
ADA-USD-PERP.HYPERLIQUID,1771150020000,0.29322,0.29322,0.29322,0.29322,38.0
ATOM-USD-PERP.HYPERLIQUID,1771150020000,2.1606,2.1606,2.1594,2.1594,86.28
FET-USD-PERP.HYPERLIQUID,1771150020000,0.17754,0.17754,0.1773,0.17735,3938.0
NEAR-USD-PERP.HYPERLIQUID,1771150020000,1.0745,1.0745,1.0727,1.0727,1815.8
TRX-USD-PERP.HYPERLIQUID,1771150020000,0.28082,0.28082,0.28081,0.28081,2802.0
BTC-USD-PERP.HYPERLIQUID,1771150020000,70239.0,70239.0,70225.0,70225.0,2.71592
DOGE-USD-PERP.HYPERLIQUID,1771150020000,0.11358,0.11358,0.11343,0.11343,81072.0
HYPE-USD-PERP.HYPERLIQUID,1771150020000,30.998,31.001,30.985,30.99,469.92
SOL-USD-PERP.HYPERLIQUID,1771150020000,89.468,89.469,89.424,89.425,39.45
SUI-USD-PERP.HYPERLIQUID,1771150020000,1.0145,1.0145,1.0132,1.0132,624.7
kPEPE-USD-PERP.HYPERLIQUID,1771150020000,0.004659,0.004659,0.004643,0.004643,9775534.0
BNB-USD-PERP.HYPERLIQUID,1771150020000,628.02,628.02,627.52,627.52,4.292
DOGE-USD-PERP.HYPERLIQUID,1771150020000,0.11358,0.11358,0.1134,0.1134,116100.0
BERA-USD-PERP.HYPERLIQUID,1771150020000,0.6629,0.6629,0.66198,0.66198,2764.9
COMP-USD-PERP.HYPERLIQUID,1771150020000,23.014,23.014,22.977,22.977,6.68
ETH-USD-PERP.HYPERLIQUID,1771150020000,2059.4,2059.4,2057.6,2057.6,35.9861
HYPE-USD-PERP.HYPERLIQUID,1771150020000,30.998,31.001,30.985,30.989,470.29
MNT-USD-PERP.HYPERLIQUID,1771150020000,0.67049,0.67123,0.67023,0.67023,3031.2
XRP-USD-PERP.HYPERLIQUID,1771150020000,1.5759,1.5768,1.5743,1.5743,36844.0
ZEC-USD-PERP.HYPERLIQUID,1771150020000,308.37,308.49,307.81,307.81,64.88
COMP-USD-PERP.HYPERLIQUID,1771150020000,23.014,23.014,22.962,22.962,31.25
CRV-USD-PERP.HYPERLIQUID,1771150020000,0.25857,0.25857,0.25857,0.25857,14603.1
DOT-USD-PERP.HYPERLIQUID,1771150020000,1.4058,1.4058,1.4044,1.4044,608.5
ETH-USD-PERP.HYPERLIQUID,1771150020000,2059.4,2059.4,2057.5,2057.5,36.5783
UNI-USD-PERP.HYPERLIQUID,1771150020000,3.5678,3.5678,3.566,3.566,229.2
VIRTUAL-USD-PERP.HYPERLIQUID,1771150020000,0.67038,0.67067,0.6701,0.6701,1872.3
VVV-USD-PERP.HYPERLIQUID,1771150020000,3.9471,3.9482,3.9044,3.9044,957.12
kPEPE-USD-PERP.HYPERLIQUID,1771150020000,0.004659,0.004659,0.00464,0.00464,9874992.0
ALT-USD-PERP.HYPERLIQUID,1771150020000,0.008876,0.008876,0.008876,0.008876,5057.0
BTC-USD-PERP.HYPERLIQUID,1771150020000,70239.0,70239.0,70217.0,70217.0,2.73253
CRV-USD-PERP.HYPERLIQUID,1771150020000,0.25857,0.25857,0.2585,0.2585,17421.3
ENA-USD-PERP.HYPERLIQUID,1771150020000,0.12645,0.12645,0.1263,0.1263,532.0
ETH-USD-PERP.HYPERLIQUID,1771150020000,2059.4,2059.4,2057.5,2057.5,36.5873
FIL-USD-PERP.HYPERLIQUID,1771150020000,0.9957,0.9957,0.99537,0.99537,789.5
PAXG-USD-PERP.HYPERLIQUID,1771150020000,5035.6,5035.6,5032.3,5034.9,15.299
VIRTUAL-USD-PERP.HYPERLIQUID,1771150020000,0.67038,0.67067,0.6701,0.6701,3818.4
BTC-USD-PERP.HYPERLIQUID,1771150020000,70239.0,70239.0,70217.0,70217.0,2.77421
HYPE-USD-PERP.HYPERLIQUID,1771150020000,30.998,31.001,30.956,30.956,4216.9
MERL-USD-PERP.HYPERLIQUID,1771150020000,0.064151,0.064151,0.064151,0.064151,562.0
SOL-USD-PERP.HYPERLIQUID,1771150020000,89.468,89.469,89.424,89.424,40.36
STX-USD-PERP.HYPERLIQUID,1771150020000,0.27346,0.27346,0.27346,0.27346,1623.5
UNI-USD-PERP.HYPERLIQUID,1771150020000,3.5678,3.5678,3.565,3.565,237.8
XPL-USD-PERP.HYPERLIQUID,1771150020000,0.10054,0.10054,0.10033,0.10033,714942.0
ZEC-USD-PERP.HYPERLIQUID,1771150020000,308.37,308.49,307.81,307.81,67.82
BTC-USD-PERP.HYPERLIQUID,1771150020000,70239.0,70239.0,70217.0,70217.0,2.77571
SUI-USD-PERP.HYPERLIQUID,1771150020000,1.0145,1.0145,1.0132,1.0132,728.9
TAO-USD-PERP.HYPERLIQUID,1771150020000,187.91,187.91,187.8,187.8,6.61
XRP-USD-PERP.HYPERLIQUID,1771150020000,1.5759,1.5768,1.5743,1.5743,36875.0
BIGTIME-USD-PERP.HYPERLIQUID,1771150020000,0.015986,0.015986,0.015986,0.015986,2296.0
CAKE-USD-PERP.HYPERLIQUID,1771150020000,1.345,1.345,1.3441,1.3441,184.9
COMP-USD-PERP.HYPERLIQUID,1771150020000,23.014,23.014,22.938,22.938,83.05
ETH-USD-PERP.HYPERLIQUID,1771150020000,2059.4,2059.4,2057.5,2057.5,36.5929
HYPE-USD-PERP.HYPERLIQUID,1771150020000,30.998,31.001,30.956,30.96,4280.13
WIF-USD-PERP.HYPERLIQUID,1771150020000,0.24181,0.24181,0.24172,0.24176,4570.0
ZEC-USD-PERP.HYPERLIQUID,1771150020000,308.37,308.49,307.73,307.73,68.0
AZTEC-USD-PERP.HYPERLIQUID,1771150020000,0.023684,0.023684,0.023598,0.023598,17391.0
DOGE-USD-PERP.HYPERLIQUID,1771150020000,0.11358,0.11358,0.1134,0.1134,116573.0
ETC-USD-PERP.HYPERLIQUID,1771150020000,9.0015,9.0015,8.995,8.995,26.28
IP-USD-PERP.HYPERLIQUID,1771150020000,1.1628,1.1629,1.1622,1.1622,967.5
SOL-USD-PERP.HYPERLIQUID,1771150020000,89.468,89.469,89.394,89.394,129.24
ZEC-USD-PERP.HYPERLIQUID,1771150020000,308.37,308.49,307.73,307.74,68.24
kPEPE-USD-PERP.HYPERLIQUID,1771150020000,0.004659,0.004659,0.00464,0.004643,9914992.0
BTC-USD-PERP.HYPERLIQUID,1771150020000,70239.0,70239.0,70217.0,70217.0,2.7763
CRV-USD-PERP.HYPERLIQUID,1771150020000,0.25857,0.25857,0.25835,0.25835,18563.9
ENA-USD-PERP.HYPERLIQUID,1771150020000,0.12645,0.12645,0.12619,0.12619,104050.0
ETH-USD-PERP.HYPERLIQUID,1771150020000,2059.4,2059.4,2057.5,2057.7,36.7676
FARTCOIN-USD-PERP.HYPERLIQUID,1771150020000,0.2099,0.20999,0.2096,0.2096,1157.4
HBAR-USD-PERP.HYPERLIQUID,1771150020000,0.10279,0.10279,0.10279,0.10279,2007.0
MNT-USD-PERP.HYPERLIQUID,1771150020000,0.67049,0.67123,0.67023,0.6712,3074.0
PUMP-USD-PERP.HYPERLIQUID,1771150020000,0.00228,0.00228,0.002277,0.002277,153489.0
STBL-USD-PERP.HYPERLIQUID,1771150020000,0.039536,0.039536,0.039514,0.039514,784.0
VVV-USD-PERP.HYPERLIQUID,1771150020000,3.9471,3.9482,3.9031,3.9031,1213.33
XRP-USD-PERP.HYPERLIQUID,1771150020000,1.5759,1.5768,1.5739,1.5739,41265.0
ZEC-USD-PERP.HYPERLIQUID,1771150020000,308.37,308.49,307.66,307.66,69.99
kPEPE-USD-PERP.HYPERLIQUID,1771150020000,0.004659,0.004659,0.00464,0.004643,9969086.0
BTC-USD-PERP.HYPERLIQUID,1771150020000,70239.0,70239.0,70217.0,70217.0,2.77668
CAKE-USD-PERP.HYPERLIQUID,1771150020000,1.345,1.345,1.3435,1.3435,199.3
COMP-USD-PERP.HYPERLIQUID,1771150020000,23.014,23.014,22.938,22.939,143.66
KAITO-USD-PERP.HYPERLIQUID,1771150020000,0.32499,0.32499,0.32471,0.32471,191.0
OP-USD-PERP.HYPERLIQUID,1771150020000,0.19392,0.19392,0.19366,0.19366,760.9
ZEC-USD-PERP.HYPERLIQUID,1771150020000,308.37,308.49,307.61,307.61,70.07
kPEPE-USD-PERP.HYPERLIQUID,1771150020000,0.004659,0.004659,0.00464,0.004642,10015259.0
ADA-USD-PERP.HYPERLIQUID,1771150020000,0.29322,0.29322,0.29308,0.29308,383.0
BTC-USD-PERP.HYPERLIQUID,1771150020000,70239.0,70239.0,70217.0,70218.0,2.77768
COMP-USD-PERP.HYPERLIQUID,1771150020000,23.014,23.014,22.938,22.939,148.44
ETC-USD-PERP.HYPERLIQUID,1771150020000,9.0015,9.0015,8.995,8.9966,47.6
LIT-USD-PERP.HYPERLIQUID,1771150020000,1.7023,1.7023,1.7013,1.7017,504.0
MINA-USD-PERP.HYPERLIQUID,1771150020000,0.067828,0.067828,0.06781,0.06781,5329.0
PUMP-USD-PERP.HYPERLIQUID,1771150020000,0.00228,0.00228,0.002277,0.002278,175433.0
USUAL-USD-PERP.HYPERLIQUID,1771150020000,0.01568,0.01569,0.01568,0.01569,3629.0
WLD-USD-PERP.HYPERLIQUID,1771150020000,0.42138,0.42157,0.42111,0.42111,3494.1
ZEC-USD-PERP.HYPERLIQUID,1771150020000,308.37,308.49,307.61,307.72,72.09
DOOD-USD-PERP.HYPERLIQUID,1771150020000,0.003874,0.003874,0.003871,0.003871,8988.0
MINA-USD-PERP.HYPERLIQUID,1771150020000,0.067828,0.067828,0.06781,0.06781,5657.0
kPEPE-USD-PERP.HYPERLIQUID,1771150020000,0.004659,0.004659,0.00464,0.004643,10745707.0
ETH-USD-PERP.HYPERLIQUID,1771150020000,2059.4,2059.4,2057.5,2057.5,36.776
FARTCOIN-USD-PERP.HYPERLIQUID,1771150020000,0.2099,0.20999,0.2096,0.20978,87566.4
ZEC-USD-PERP.HYPERLIQUID,1771150020000,308.37,308.49,307.61,307.74,73.71
kSHIB-USD-PERP.HYPERLIQUID,1771150020000,0.006806,0.006806,0.006795,0.006795,314619.0
ADA-USD-PERP.HYPERLIQUID,1771150020000,0.29322,0.29322,0.29308,0.29308,490.0
BTC-USD-PERP.HYPERLIQUID,1771150020000,70239.0,70239.0,70217.0,70217.0,2.77918
FIL-USD-PERP.HYPERLIQUID,1771150020000,0.9957,0.9957,0.99474,0.99474,1142.3
SUI-USD-PERP.HYPERLIQUID,1771150020000,1.0145,1.0145,1.0132,1.0132,833.1
CAKE-USD-PERP.HYPERLIQUID,1771150020000,1.345,1.345,1.3435,1.3435,207.9
INJ-USD-PERP.HYPERLIQUID,1771150020000,3.2257,3.2257,3.2225,3.2225,168.1
NEAR-USD-PERP.HYPERLIQUID,1771150020000,1.0745,1.0745,1.0726,1.0726,1917.8
PUMP-USD-PERP.HYPERLIQUID,1771150020000,0.00228,0.00228,0.002277,0.002278,179881.0
ZEC-USD-PERP.HYPERLIQUID,1771150020000,308.37,308.49,307.61,307.77,76.71
ZRO-USD-PERP.HYPERLIQUID,1771150020000,1.8658,1.8658,1.8658,1.8658,9.5
ADA-USD-PERP.HYPERLIQUID,1771150020000,0.29322,0.29322,0.29308,0.29317,695.0
CAKE-USD-PERP.HYPERLIQUID,1771150020000,1.345,1.345,1.3434,1.3434,282.3
COMP-USD-PERP.HYPERLIQUID,1771150020000,23.014,23.014,22.896,22.896,200.28
DOGE-USD-PERP.HYPERLIQUID,1771150020000,0.11358,0.11358,0.1134,0.11341,117015.0
ETH-USD-PERP.HYPERLIQUID,1771150020000,2059.4,2059.4,2057.5,2057.8,51.7907
HYPE-USD-PERP.HYPERLIQUID,1771150020000,30.998,31.001,30.956,30.979,4280.16
XPL-USD-PERP.HYPERLIQUID,1771150020000,0.10054,0.10054,0.10033,0.10048,732200.0
ZEC-USD-PERP.HYPERLIQUID,1771150020000,308.37,308.49,307.61,307.83,78.4
kPEPE-USD-PERP.HYPERLIQUID,1771150020000,0.004659,0.004659,0.00464,0.004642,10872789.0
BTC-USD-PERP.HYPERLIQUID,1771150020000,70239.0,70239.0,70213.0,70213.0,3.0862
CAKE-USD-PERP.HYPERLIQUID,1771150020000,1.345,1.345,1.3434,1.3434,292.4
ETH-USD-PERP.HYPERLIQUID,1771150020000,2059.4,2059.4,2057.5,2057.8,51.7982
HYPE-USD-PERP.HYPERLIQUID,1771150020000,30.998,31.001,30.956,30.978,4296.45
PYTH-USD-PERP.HYPERLIQUID,1771150020000,0.056757,0.056757,0.056669,0.056669,17186.0
XRP-USD-PERP.HYPERLIQUID,1771150020000,1.5759,1.5768,1.5739,1.574,41272.0
kPEPE-USD-PERP.HYPERLIQUID,1771150020000,0.004659,0.004659,0.00464,0.00464,11357893.0
BTC-USD-PERP.HYPERLIQUID,1771150020000,70239.0,70239.0,70213.0,70213.0,3.08666
NEAR-USD-PERP.HYPERLIQUID,1771150020000,1.0745,1.0745,1.0726,1.0726,1951.0
PENGU-USD-PERP.HYPERLIQUID,1771150020000,0.00753,0.00753,0.007508,0.007508,452107.0
SOL-USD-PERP.HYPERLIQUID,1771150020000,89.468,89.469,89.394,89.416,159.92
AXS-USD-PERP.HYPERLIQUID,1771150020000,1.4302,1.4309,1.4237,1.4237,2922.8
BTC-USD-PERP.HYPERLIQUID,1771150020000,70239.0,70239.0,70213.0,70213.0,5.13637
PURR-USD-PERP.HYPERLIQUID,1771150020000,0.071676,0.071676,0.071599,0.071599,1830.0
SOL-USD-PERP.HYPERLIQUID,1771150020000,89.468,89.469,89.394,89.416,186.54
BTC-USD-PERP.HYPERLIQUID,1771150020000,70239.0,70239.0,70213.0,70214.0,5.73958
CAKE-USD-PERP.HYPERLIQUID,1771150020000,1.345,1.345,1.3434,1.3434,301.0
CHILLGUY-USD-PERP.HYPERLIQUID,1771150020000,0.011938,0.011938,0.011938,0.011938,2812.0
CAKE-USD-PERP.HYPERLIQUID,1771150020000,1.345,1.345,1.3434,1.3434,338.2
COMP-USD-PERP.HYPERLIQUID,1771150020000,23.014,23.014,22.896,22.905,265.76
LIT-USD-PERP.HYPERLIQUID,1771150020000,1.7023,1.7023,1.7008,1.7008,1005.0
NEAR-USD-PERP.HYPERLIQUID,1771150020000,1.0745,1.0745,1.0723,1.0723,1975.2
TRX-USD-PERP.HYPERLIQUID,1771150020000,0.28082,0.28082,0.28081,0.28081,3587.0
VVV-USD-PERP.HYPERLIQUID,1771150020000,3.9471,3.9482,3.9007,3.9007,1246.33
YGG-USD-PERP.HYPERLIQUID,1771150020000,0.042143,0.042143,0.042143,0.042143,808.0
NEAR-USD-PERP.HYPERLIQUID,1771150020000,1.0745,1.0745,1.0723,1.0724,2019.0
kBONK-USD-PERP.HYPERLIQUID,1771150020000,0.006877,0.006877,0.006847,0.006856,978810.0
BTC-USD-PERP.HYPERLIQUID,1771150020000,70239.0,70239.0,70213.0,70213.0,5.74187
CAKE-USD-PERP.HYPERLIQUID,1771150020000,1.345,1.345,1.3431,1.3431,696.0
ENA-USD-PERP.HYPERLIQUID,1771150020000,0.12645,0.12645,0.12619,0.12624,104205.0
KAITO-USD-PERP.HYPERLIQUID,1771150020000,0.32499,0.32499,0.32471,0.32471,238.0
MNT-USD-PERP.HYPERLIQUID,1771150020000,0.67049,0.67123,0.67023,0.67107,3149.4
BSV-USD-PERP.HYPERLIQUID,1771150020000,17.683,17.683,17.645,17.645,7.17
CAKE-USD-PERP.HYPERLIQUID,1771150020000,1.345,1.345,1.3431,1.3431,770.0
ETH-USD-PERP.HYPERLIQUID,1771150020000,2059.4,2059.4,2057.5,2057.8,52.1982
GRASS-USD-PERP.HYPERLIQUID,1771150020000,0.22059,0.22059,0.22059,0.22059,930.5
HYPE-USD-PERP.HYPERLIQUID,1771150020000,30.998,31.001,30.956,30.98,4296.82
ZRO-USD-PERP.HYPERLIQUID,1771150020000,1.8658,1.866,1.8658,1.866,28.5
kLUNC-USD-PERP.HYPERLIQUID,1771150020000,0.036657,0.036669,0.036639,0.036669,10988.0
ADA-USD-PERP.HYPERLIQUID,1771150020000,0.29322,0.29322,0.29306,0.29306,900.0
FARTCOIN-USD-PERP.HYPERLIQUID,1771150020000,0.2099,0.20999,0.20946,0.20946,88758.5
SUI-USD-PERP.HYPERLIQUID,1771150020000,1.0145,1.0145,1.0132,1.0132,833.9
kLUNC-USD-PERP.HYPERLIQUID,1771150020000,0.036657,0.036669,0.036477,0.036477,118141.0
BTC-USD-PERP.HYPERLIQUID,1771150020000,70239.0,70239.0,70213.0,70213.0,5.74216
COMP-USD-PERP.HYPERLIQUID,1771150020000,23.014,23.014,22.885,22.885,317.68
DOGE-USD-PERP.HYPERLIQUID,1771150020000,0.11358,0.11358,0.11339,0.11339,122923.0
ETC-USD-PERP.HYPERLIQUID,1771150020000,9.0015,9.0015,8.9918,8.9951,77.7
GRASS-USD-PERP.HYPERLIQUID,1771150020000,0.22059,0.22059,0.21945,0.21945,2827.3
SOL-USD-PERP.HYPERLIQUID,1771150020000,89.468,89.469,89.394,89.416,227.13
ZEC-USD-PERP.HYPERLIQUID,1771150020000,308.37,308.49,307.52,307.77,287.72
ETC-USD-PERP.HYPERLIQUID,1771150020000,9.0015,9.0015,8.9918,8.9918,84.4
TAO-USD-PERP.HYPERLIQUID,1771150020000,187.91,187.91,187.75,187.75,33.312
TRUMP-USD-PERP.HYPERLIQUID,1771150020000,3.4968,3.4985,3.4968,3.498,115.8
ZEC-USD-PERP.HYPERLIQUID,1771150020000,308.37,308.49,307.52,307.76,287.88
ADA-USD-PERP.HYPERLIQUID,1771150020000,0.29322,0.29322,0.29294,0.29294,1067.0
BTC-USD-PERP.HYPERLIQUID,1771150020000,70239.0,70239.0,70213.0,70213.0,5.74275
XRP-USD-PERP.HYPERLIQUID,1771150020000,1.5759,1.5768,1.5739,1.574,41960.0
ZEC-USD-PERP.HYPERLIQUID,1771150020000,308.37,308.49,307.52,307.76,287.96
BTC-USD-PERP.HYPERLIQUID,1771150020000,70239.0,70239.0,70213.0,70214.0,5.76323
MNT-USD-PERP.HYPERLIQUID,1771150020000,0.67049,0.67123,0.67023,0.67068,3208.4
REZ-USD-PERP.HYPERLIQUID,1771150020000,0.003073,0.003073,0.003073,0.003073,13272.0
VVV-USD-PERP.HYPERLIQUID,1771150020000,3.9471,3.9482,3.9,3.9,1249.12
ZEC-USD-PERP.HYPERLIQUID,1771150020000,308.37,308.49,307.52,307.72,289.41
ZRO-USD-PERP.HYPERLIQUID,1771150020000,1.8658,1.866,1.8641,1.8641,694.2
kPEPE-USD-PERP.HYPERLIQUID,1771150020000,0.004659,0.004659,0.00464,0.00464,11465899.0
AAVE-USD-PERP.HYPERLIQUID,1771150020000,128.69,128.69,128.64,128.64,0.24
APE-USD-PERP.HYPERLIQUID,1771150020000,0.13504,0.13504,0.13504,0.13504,118.7
BTC-USD-PERP.HYPERLIQUID,1771150020000,70239.0,70239.0,70213.0,70213.0,5.76651
COMP-USD-PERP.HYPERLIQUID,1771150020000,23.014,23.014,22.885,22.903,371.46
ETH-USD-PERP.HYPERLIQUID,1771150020000,2059.4,2059.4,2057.5,2057.8,52.2492
IMX-USD-PERP.HYPERLIQUID,1771150020000,0.17307,0.17324,0.17307,0.17307,619.4
SKR-USD-PERP.HYPERLIQUID,1771150020000,0.022645,0.022647,0.022637,0.022638,80000.0
BTC-USD-PERP.HYPERLIQUID,1771150020000,70239.0,70239.0,70213.0,70214.0,5.7671
DOGE-USD-PERP.HYPERLIQUID,1771150020000,0.11358,0.11358,0.11338,0.11338,123795.0
IMX-USD-PERP.HYPERLIQUID,1771150020000,0.17307,0.17324,0.17297,0.17297,693.5
VVV-USD-PERP.HYPERLIQUID,1771150020000,3.9471,3.9482,3.8957,3.8957,1449.12
HYPE-USD-PERP.HYPERLIQUID,1771150020000,30.998,31.001,30.956,30.985,4298.48
PUMP-USD-PERP.HYPERLIQUID,1771150020000,0.00228,0.00228,0.002277,0.002278,195495.0
STABLE-USD-PERP.HYPERLIQUID,1771150020000,0.023957,0.023957,0.023957,0.023957,14659.0
ZEC-USD-PERP.HYPERLIQUID,1771150020000,308.37,308.49,307.52,307.63,290.21
ZRO-USD-PERP.HYPERLIQUID,1771150020000,1.8658,1.866,1.864,1.864,854.3
AXS-USD-PERP.HYPERLIQUID,1771150020000,1.4302,1.4309,1.4229,1.4229,2930.6
MINA-USD-PERP.HYPERLIQUID,1771150020000,0.067828,0.067828,0.067804,0.067804,6742.0
XRP-USD-PERP.HYPERLIQUID,1771150020000,1.5759,1.5768,1.5731,1.5731,76578.0
ZEC-USD-PERP.HYPERLIQUID,1771150020000,308.37,308.49,307.52,307.63,291.01
BTC-USD-PERP.HYPERLIQUID,1771150020000,70239.0,70239.0,70213.0,70213.0,5.79558
JTO-USD-PERP.HYPERLIQUID,1771150020000,0.27955,0.27955,0.27882,0.27882,1433.0
LTC-USD-PERP.HYPERLIQUID,1771150020000,55.896,55.896,55.829,55.829,3.47
MINA-USD-PERP.HYPERLIQUID,1771150020000,0.067828,0.067828,0.067804,0.067804,10245.0
MNT-USD-PERP.HYPERLIQUID,1771150020000,0.67049,0.67123,0.67023,0.67068,3276.6
SOL-USD-PERP.HYPERLIQUID,1771150020000,89.468,89.469,89.386,89.386,228.9
XRP-USD-PERP.HYPERLIQUID,1771150020000,1.5759,1.5768,1.5731,1.5731,78629.0
ZEREBRO-USD-PERP.HYPERLIQUID,1771150020000,0.008894,0.008894,0.008894,0.008894,2003.0
ZRO-USD-PERP.HYPERLIQUID,1771150020000,1.8658,1.866,1.864,1.864,1020.8
kLUNC-USD-PERP.HYPERLIQUID,1771150020000,0.036657,0.036669,0.036477,0.036507,118149.0
LTC-USD-PERP.HYPERLIQUID,1771150020000,55.896,55.896,55.829,55.829,4.06
RUNE-USD-PERP.HYPERLIQUID,1771150020000,0.41506,0.41506,0.41506,0.41506,1000.0
XRP-USD-PERP.HYPERLIQUID,1771150020000,1.5759,1.5768,1.5731,1.5742,82968.0
ZRO-USD-PERP.HYPERLIQUID,1771150020000,1.8658,1.866,1.864,1.864,1034.5
kPEPE-USD-PERP.HYPERLIQUID,1771150020000,0.004659,0.004659,0.00464,0.004641,12165899.0
FET-USD-PERP.HYPERLIQUID,1771150020000,0.17754,0.17754,0.1773,0.17735,4097.0
HYPE-USD-PERP.HYPERLIQUID,1771150020000,30.998,31.001,30.956,30.985,4304.94
LTC-USD-PERP.HYPERLIQUID,1771150020000,55.896,55.896,55.829,55.829,4.6
STABLE-USD-PERP.HYPERLIQUID,1771150020000,0.023957,0.023961,0.023957,0.023961,40000.0
TRX-USD-PERP.HYPERLIQUID,1771150020000,0.28082,0.28082,0.28081,0.28081,3652.0
kBONK-USD-PERP.HYPERLIQUID,1771150020000,0.006877,0.006877,0.006847,0.006855,1083201.0
COMP-USD-PERP.HYPERLIQUID,1771150020000,23.014,23.014,22.885,22.887,436.99
FARTCOIN-USD-PERP.HYPERLIQUID,1771150020000,0.2099,0.20999,0.20946,0.20952,88841.0
LINK-USD-PERP.HYPERLIQUID,1771150020000,9.0655,9.0655,9.0573,9.0573,67.5
STBL-USD-PERP.HYPERLIQUID,1771150020000,0.039536,0.039536,0.039492,0.039492,1752.0
W-USD-PERP.HYPERLIQUID,1771150020000,0.0209,0.0209,0.0209,0.0209,1607.7
WIF-USD-PERP.HYPERLIQUID,1771150020000,0.24181,0.24181,0.24172,0.24181,5023.0
ZEC-USD-PERP.HYPERLIQUID,1771150020000,308.37,308.49,307.52,307.67,293.72
ADA-USD-PERP.HYPERLIQUID,1771150020000,0.29322,0.29322,0.29294,0.29314,1077.0
BNB-USD-PERP.HYPERLIQUID,1771150020000,628.02,628.02,627.32,627.32,4.332
FET-USD-PERP.HYPERLIQUID,1771150020000,0.17754,0.17754,0.1773,0.17735,5945.0
WIF-USD-PERP.HYPERLIQUID,1771150020000,0.24181,0.24181,0.24172,0.24181,9215.0
ZEC-USD-PERP.HYPERLIQUID,1771150020000,308.37,308.49,307.52,307.67,294.93
FET-USD-PERP.HYPERLIQUID,1771150020000,0.17754,0.17754,0.1773,0.17735,6116.0
PAXG-USD-PERP.HYPERLIQUID,1771150020000,5035.6,5035.6,5032.3,5034.9,15.301
XRP-USD-PERP.HYPERLIQUID,1771150020000,1.5759,1.5768,1.5731,1.574,82975.0
ZK-USD-PERP.HYPERLIQUID,1771150020000,0.022393,0.022393,0.02234,0.02234,125233.0
kLUNC-USD-PERP.HYPERLIQUID,1771150020000,0.036657,0.036669,0.036477,0.036495,120942.0
BCH-USD-PERP.HYPERLIQUID,1771150020000,558.87,558.87,558.87,558.87,0.019
FET-USD-PERP.HYPERLIQUID,1771150020000,0.17754,0.17754,0.17714,0.17714,7116.0
MOODENG-USD-PERP.HYPERLIQUID,1771150020000,0.059802,0.059802,0.059615,0.059615,2721.0
SNX-USD-PERP.HYPERLIQUID,1771150020000,0.30385,0.30385,0.30385,0.30385,110.6
SOL-USD-PERP.HYPERLIQUID,1771150020000,89.468,89.469,89.385,89.385,353.75
VVV-USD-PERP.HYPERLIQUID,1771150020000,3.9471,3.9482,3.886,3.886,1454.1
BTC-USD-PERP.HYPERLIQUID,1771150020000,70239.0,70239.0,70213.0,70213.0,5.7998
CAKE-USD-PERP.HYPERLIQUID,1771150020000,1.345,1.345,1.3431,1.3436,786.8
HYPE-USD-PERP.HYPERLIQUID,1771150020000,30.998,31.001,30.956,30.983,4305.31
IP-USD-PERP.HYPERLIQUID,1771150020000,1.1628,1.1629,1.1611,1.1611,977.5
SOL-USD-PERP.HYPERLIQUID,1771150020000,89.468,89.469,89.38,89.38,355.79
STX-USD-PERP.HYPERLIQUID,1771150020000,0.27346,0.27346,0.27339,0.2734,2705.0
XRP-USD-PERP.HYPERLIQUID,1771150020000,1.5759,1.5768,1.5731,1.5741,83129.0
ETH-USD-PERP.HYPERLIQUID,1771150020000,2059.4,2059.4,2057.5,2057.8,52.2835
GRASS-USD-PERP.HYPERLIQUID,1771150020000,0.22059,0.22059,0.21945,0.2203,2877.5
HYPE-USD-PERP.HYPERLIQUID,1771150020000,30.998,31.001,30.956,30.983,4311.77
NEAR-USD-PERP.HYPERLIQUID,1771150020000,1.0745,1.0745,1.0721,1.0721,2076.7
TRX-USD-PERP.HYPERLIQUID,1771150020000,0.28082,0.28082,0.28081,0.28081,4410.0
VVV-USD-PERP.HYPERLIQUID,1771150020000,3.9471,3.9482,3.886,3.8924,1557.72
XRP-USD-PERP.HYPERLIQUID,1771150020000,1.5759,1.5768,1.5731,1.5741,83256.0
ZEC-USD-PERP.HYPERLIQUID,1771150020000,308.37,308.49,307.52,307.76,295.62
kNEIRO-USD-PERP.HYPERLIQUID,1771150020000,0.07987,0.07987,0.07987,0.07987,482.3
FARTCOIN-USD-PERP.HYPERLIQUID,1771150020000,0.2099,0.20999,0.20942,0.20942,130396.9
HYPE-USD-PERP.HYPERLIQUID,1771150020000,30.998,31.001,30.956,30.985,4312.14
ME-USD-PERP.HYPERLIQUID,1771150020000,0.14858,0.14858,0.14858,0.14858,75.0
VVV-USD-PERP.HYPERLIQUID,1771150020000,3.9471,3.9482,3.886,3.8932,1661.34
XMR-USD-PERP.HYPERLIQUID,1771150020000,347.81,347.82,347.8,347.8,2.156
ZEC-USD-PERP.HYPERLIQUID,1771150020000,308.37,308.49,307.52,307.84,296.49
CAKE-USD-PERP.HYPERLIQUID,1771150020000,1.345,1.345,1.343,1.343,824.5
ETH-USD-PERP.HYPERLIQUID,1771150020000,2059.4,2059.4,2057.5,2057.6,52.5896
XRP-USD-PERP.HYPERLIQUID,1771150020000,1.5759,1.5768,1.5731,1.5737,86257.0
BTC-USD-PERP.HYPERLIQUID,1771150020000,70239.0,70239.0,70208.0,70208.0,8.43116
CAKE-USD-PERP.HYPERLIQUID,1771150020000,1.345,1.345,1.3428,1.3428,895.5
COMP-USD-PERP.HYPERLIQUID,1771150020000,23.014,23.014,22.885,22.902,502.48
GOAT-USD-PERP.HYPERLIQUID,1771150020000,0.024737,0.024737,0.024737,0.024737,1452.0
LDO-USD-PERP.HYPERLIQUID,1771150020000,0.35353,0.35353,0.35353,0.35353,220.0
ME-USD-PERP.HYPERLIQUID,1771150020000,0.14858,0.14858,0.14838,0.14838,1104.9
MOVE-USD-PERP.HYPERLIQUID,1771150020000,0.025082,0.025082,0.025082,0.025082,1135.0
PENGU-USD-PERP.HYPERLIQUID,1771150020000,0.00753,0.00753,0.007507,0.007507,455631.0
PEOPLE-USD-PERP.HYPERLIQUID,1771150020000,0.00724,0.00724,0.00724,0.00724,2669.0
VVV-USD-PERP.HYPERLIQUID,1771150020000,3.9471,3.9482,3.886,3.8986,1761.34
BTC-USD-PERP.HYPERLIQUID,1771150020000,70239.0,70239.0,70208.0,70208.0,8.43916
FARTCOIN-USD-PERP.HYPERLIQUID,1771150020000,0.2099,0.20999,0.20942,0.20951,130508.1
HYPE-USD-PERP.HYPERLIQUID,1771150020000,30.998,31.001,30.956,30.987,4313.59
ME-USD-PERP.HYPERLIQUID,1771150020000,0.14858,0.14858,0.14838,0.14838,2075.0
MERL-USD-PERP.HYPERLIQUID,1771150020000,0.064151,0.064151,0.064109,0.064109,5562.0
OM-USD-PERP.HYPERLIQUID,1771150020000,0.06161,0.06163,0.06158,0.06158,11321.2
SOL-USD-PERP.HYPERLIQUID,1771150020000,89.468,89.469,89.38,89.38,357.1
WLFI-USD-PERP.HYPERLIQUID,1771150020000,0.10627,0.10627,0.10621,0.10621,4473.0
ZEC-USD-PERP.HYPERLIQUID,1771150020000,308.37,308.49,307.52,307.82,296.63
BTC-USD-PERP.HYPERLIQUID,1771150020000,70239.0,70239.0,70208.0,70208.0,8.47916
COMP-USD-PERP.HYPERLIQUID,1771150020000,23.014,23.014,22.885,22.886,548.32
VVV-USD-PERP.HYPERLIQUID,1771150020000,3.9471,3.9482,3.886,3.8986,1827.34
ZRO-USD-PERP.HYPERLIQUID,1771150020000,1.8658,1.866,1.864,1.8641,1414.0
ASTER-USD-PERP.HYPERLIQUID,1771150020000,0.7301,0.7301,0.72992,0.73002,4040.0
BTC-USD-PERP.HYPERLIQUID,1771150020000,70239.0,70239.0,70208.0,70209.0,8.47988
ETH-USD-PERP.HYPERLIQUID,1771150020000,2059.4,2059.4,2057.5,2057.7,52.5952
HYPE-USD-PERP.HYPERLIQUID,1771150020000,30.998,31.001,30.956,30.997,4314.4
JUP-USD-PERP.HYPERLIQUID,1771150020000,0.16601,0.16601,0.16579,0.16579,1045.0
XPL-USD-PERP.HYPERLIQUID,1771150020000,0.10054,0.10054,0.10033,0.1005,737200.0
ASTER-USD-PERP.HYPERLIQUID,1771150020000,0.7301,0.7301,0.72992,0.73003,4055.0
BTC-USD-PERP.HYPERLIQUID,1771150020000,70239.0,70239.0,70208.0,70214.0,8.48841
DOGE-USD-PERP.HYPERLIQUID,1771150020000,0.11358,0.11358,0.11338,0.11339,163795.0
IOTA-USD-PERP.HYPERLIQUID,1771150020000,0.071108,0.071108,0.071108,0.071108,431.0
SOL-USD-PERP.HYPERLIQUID,1771150020000,89.468,89.469,89.38,89.388,357.27
TAO-USD-PERP.HYPERLIQUID,1771150020000,187.91,187.91,187.75,187.78,33.982
ZRO-USD-PERP.HYPERLIQUID,1771150020000,1.8658,1.866,1.864,1.8643,1547.5
kLUNC-USD-PERP.HYPERLIQUID,1771150020000,0.036657,0.036669,0.036446,0.036446,126001.0
AVAX-USD-PERP.HYPERLIQUID,1771150020000,9.5519,9.5519,9.5424,9.5424,65.34
BTC-USD-PERP.HYPERLIQUID,1771150020000,70239.0,70239.0,70208.0,70219.0,8.4897
CAKE-USD-PERP.HYPERLIQUID,1771150020000,1.345,1.345,1.3428,1.3436,954.1
CFX-USD-PERP.HYPERLIQUID,1771150020000,0.056433,0.056433,0.056433,0.056433,396.0
DOGE-USD-PERP.HYPERLIQUID,1771150020000,0.11358,0.11358,0.11338,0.11342,181428.0
DOT-USD-PERP.HYPERLIQUID,1771150020000,1.4058,1.4058,1.4041,1.4041,1008.5
ETH-USD-PERP.HYPERLIQUID,1771150020000,2059.4,2059.4,2057.5,2057.7,52.6097
IOTA-USD-PERP.HYPERLIQUID,1771150020000,0.071108,0.071108,0.071108,0.071108,884.0
LIT-USD-PERP.HYPERLIQUID,1771150020000,1.7023,1.7023,1.7008,1.7023,1011.0
NEAR-USD-PERP.HYPERLIQUID,1771150020000,1.0745,1.0745,1.0721,1.0721,2507.1
SOL-USD-PERP.HYPERLIQUID,1771150020000,89.468,89.469,89.38,89.393,357.44
STBL-USD-PERP.HYPERLIQUID,1771150020000,0.039536,0.039536,0.039492,0.039492,2173.0
ZEC-USD-PERP.HYPERLIQUID,1771150020000,308.37,308.49,307.52,307.94,296.73
BTC-USD-PERP.HYPERLIQUID,1771150020000,70239.0,70239.0,70208.0,70219.0,8.51083
STX-USD-PERP.HYPERLIQUID,1771150020000,0.27346,0.27346,0.27334,0.27334,2789.2
TRUMP-USD-PERP.HYPERLIQUID,1771150020000,3.4968,3.4985,3.4968,3.498,160.5
WIF-USD-PERP.HYPERLIQUID,1771150020000,0.24181,0.24221,0.24172,0.24221,9504.0
WLD-USD-PERP.HYPERLIQUID,1771150020000,0.42138,0.42157,0.42111,0.42122,4744.7
ZEC-USD-PERP.HYPERLIQUID,1771150020000,308.37,308.49,307.52,307.95,296.85
ZRO-USD-PERP.HYPERLIQUID,1771150020000,1.8658,1.866,1.864,1.8644,1648.2
BTC-USD-PERP.HYPERLIQUID,1771150020000,70239.0,70239.0,70208.0,70219.0,8.51125
ETH-USD-PERP.HYPERLIQUID,1771150020000,2059.4,2059.4,2057.5,2057.8,52.6734
LINK-USD-PERP.HYPERLIQUID,1771150020000,9.0655,9.0655,9.0573,9.0604,74.5
MANTA-USD-PERP.HYPERLIQUID,1771150020000,0.07783,0.07789,0.07783,0.07789,629.1
PNUT-USD-PERP.HYPERLIQUID,1771150020000,0.05239,0.05239,0.05239,0.05239,319.3
RESOLV-USD-PERP.HYPERLIQUID,1771150020000,0.061907,0.061907,0.061873,0.061873,726.0
SOL-USD-PERP.HYPERLIQUID,1771150020000,89.468,89.469,89.38,89.405,362.46
ZEC-USD-PERP.HYPERLIQUID,1771150020000,308.37,308.49,307.52,307.95,297.13
ETH-USD-PERP.HYPERLIQUID,1771150020000,2059.4,2059.4,2057.5,2057.8,52.9161
ZEC-USD-PERP.HYPERLIQUID,1771150020000,308.37,308.49,307.52,307.95,297.17
BTC-USD-PERP.HYPERLIQUID,1771150020000,70239.0,70239.0,70208.0,70220.0,8.51225
WIF-USD-PERP.HYPERLIQUID,1771150020000,0.24181,0.24221,0.24172,0.24203,9793.0
BTC-USD-PERP.HYPERLIQUID,1771150020000,70239.0,70239.0,70208.0,70220.0,8.51241
ETH-USD-PERP.HYPERLIQUID,1771150020000,2059.4,2059.4,2057.5,2057.5,52.9234
HYPE-USD-PERP.HYPERLIQUID,1771150020000,30.998,31.001,30.956,31.0,4315.33
SKR-USD-PERP.HYPERLIQUID,1771150020000,0.022645,0.022647,0.022637,0.022641,100000.0
SOL-USD-PERP.HYPERLIQUID,1771150020000,89.468,89.469,89.38,89.406,362.59
TRX-USD-PERP.HYPERLIQUID,1771150020000,0.28082,0.28082,0.28081,0.28081,4552.0
VVV-USD-PERP.HYPERLIQUID,1771150020000,3.9471,3.9482,3.886,3.8893,2060.8
kPEPE-USD-PERP.HYPERLIQUID,1771150020000,0.004659,0.004659,0.00464,0.004641,12168563.0
AVAX-USD-PERP.HYPERLIQUID,1771150020000,9.5519,9.5519,9.541,9.541,138.05
BTC-USD-PERP.HYPERLIQUID,1771150020000,70239.0,70239.0,70208.0,70212.0,8.51605
DOGE-USD-PERP.HYPERLIQUID,1771150020000,0.11358,0.11358,0.11337,0.11337,182838.0
ETH-USD-PERP.HYPERLIQUID,1771150020000,2059.4,2059.4,2055.4,2055.4,77.7588
FARTCOIN-USD-PERP.HYPERLIQUID,1771150020000,0.2099,0.20999,0.20942,0.20952,131942.3
GAS-USD-PERP.HYPERLIQUID,1771150020000,1.6962,1.6962,1.6954,1.6954,543.9
HYPE-USD-PERP.HYPERLIQUID,1771150020000,30.998,31.001,30.956,30.984,4371.73
HYPER-USD-PERP.HYPERLIQUID,1771150020000,0.105,0.105,0.105,0.105,142.0
MINA-USD-PERP.HYPERLIQUID,1771150020000,0.067828,0.067828,0.067746,0.067746,14068.0
NEO-USD-PERP.HYPERLIQUID,1771150020000,2.9013,2.9013,2.8995,2.8995,316.65
OP-USD-PERP.HYPERLIQUID,1771150020000,0.19392,0.19392,0.19366,0.1937,891.5
PENDLE-USD-PERP.HYPERLIQUID,1771150020000,1.2895,1.2895,1.2877,1.2877,189.0
PUMP-USD-PERP.HYPERLIQUID,1771150020000,0.00228,0.00228,0.002277,0.002278,1419566.0
SOL-USD-PERP.HYPERLIQUID,1771150020000,89.468,89.469,89.38,89.381,374.03
SUI-USD-PERP.HYPERLIQUID,1771150020000,1.0145,1.0145,1.0132,1.0132,1380.1
TIA-USD-PERP.HYPERLIQUID,1771150020000,0.35235,0.35235,0.35178,0.35178,1999.5
WLD-USD-PERP.HYPERLIQUID,1771150020000,0.42138,0.42157,0.42111,0.42119,4798.2
kPEPE-USD-PERP.HYPERLIQUID,1771150020000,0.004659,0.004659,0.004639,0.004639,14374152.0
kSHIB-USD-PERP.HYPERLIQUID,1771150020000,0.006806,0.006806,0.006795,0.006797,433710.0
BTC-USD-PERP.HYPERLIQUID,1771150020000,70239.0,70239.0,70208.0,70213.0,8.51699
DOGE-USD-PERP.HYPERLIQUID,1771150020000,0.11358,0.11358,0.11336,0.11336,182927.0
MORPHO-USD-PERP.HYPERLIQUID,1771150020000,1.4095,1.4095,1.4055,1.4055,2459.6
NEAR-USD-PERP.HYPERLIQUID,1771150020000,1.0745,1.0745,1.0721,1.0726,2542.2
XPL-USD-PERP.HYPERLIQUID,1771150020000,0.10054,0.10054,0.10033,0.1005,742219.0
kPEPE-USD-PERP.HYPERLIQUID,1771150020000,0.004659,0.004659,0.004639,0.004642,14416477.0
RENDER-USD-PERP.HYPERLIQUID,1771150020000,1.4711,1.4711,1.4711,1.4711,25.7
TAO-USD-PERP.HYPERLIQUID,1771150020000,187.91,187.91,187.73,187.73,34.983
BTC-USD-PERP.HYPERLIQUID,1771150020000,70239.0,70239.0,70208.0,70213.0,8.63138
DOGE-USD-PERP.HYPERLIQUID,1771150020000,0.11358,0.11358,0.11336,0.11337,183060.0
ETH-USD-PERP.HYPERLIQUID,1771150020000,2059.4,2059.4,2055.4,2055.4,77.7638
IMX-USD-PERP.HYPERLIQUID,1771150020000,0.17307,0.17324,0.17288,0.17288,808.3
NEAR-USD-PERP.HYPERLIQUID,1771150020000,1.0745,1.0745,1.0716,1.0716,3042.2
VVV-USD-PERP.HYPERLIQUID,1771150020000,3.9471,3.9482,3.8823,3.8823,2060.86
2Z-USD-PERP.HYPERLIQUID,1771150020000,0.080186,0.080186,0.08014,0.08014,13824.0
POL-USD-PERP.HYPERLIQUID,1771150020000,0.1093,0.1093,0.10917,0.10917,437.0
SUI-USD-PERP.HYPERLIQUID,1771150020000,1.0145,1.0145,1.0129,1.0129,2270.5
VVV-USD-PERP.HYPERLIQUID,1771150020000,3.9471,3.9482,3.8823,3.8823,2065.95
ZEC-USD-PERP.HYPERLIQUID,1771150020000,308.37,308.49,307.52,307.71,298.76
kPEPE-USD-PERP.HYPERLIQUID,1771150020000,0.004659,0.004659,0.004639,0.004639,14649961.0
ALGO-USD-PERP.HYPERLIQUID,1771150020000,0.098234,0.098234,0.098234,0.098234,170.0
BTC-USD-PERP.HYPERLIQUID,1771150020000,70239.0,70239.0,70208.0,70208.0,8.64846
HYPE-USD-PERP.HYPERLIQUID,1771150020000,30.998,31.001,30.956,30.987,4420.69
MON-USD-PERP.HYPERLIQUID,1771150020000,0.023436,0.023436,0.023405,0.023405,1477.0
SUI-USD-PERP.HYPERLIQUID,1771150020000,1.0145,1.0145,1.0129,1.0131,2282.5
TRX-USD-PERP.HYPERLIQUID,1771150020000,0.28082,0.28082,0.28081,0.28081,4836.0
BTC-USD-PERP.HYPERLIQUID,1771150020000,70239.0,70239.0,70202.0,70202.0,8.70629
ETH-USD-PERP.HYPERLIQUID,1771150020000,2059.4,2059.4,2055.3,2055.4,77.9728
LINK-USD-PERP.HYPERLIQUID,1771150020000,9.0655,9.0655,9.0517,9.0517,126.4
BTC-USD-PERP.HYPERLIQUID,1771150020000,70239.0,70239.0,70202.0,70202.0,8.70705
LIT-USD-PERP.HYPERLIQUID,1771150020000,1.7023,1.7023,1.7008,1.7011,1030.0
NEAR-USD-PERP.HYPERLIQUID,1771150020000,1.0745,1.0745,1.0716,1.0718,3061.4
NOT-USD-PERP.HYPERLIQUID,1771150020000,0.000417,0.000417,0.000417,0.000417,35629.0
PUMP-USD-PERP.HYPERLIQUID,1771150020000,0.00228,0.00228,0.002277,0.002278,1821730.0
SOL-USD-PERP.HYPERLIQUID,1771150020000,89.468,89.469,89.369,89.369,374.84
TAO-USD-PERP.HYPERLIQUID,1771150020000,187.91,187.91,187.72,187.72,35.664
TON-USD-PERP.HYPERLIQUID,1771150020000,1.4728,1.4728,1.4728,1.4728,460.5
VVV-USD-PERP.HYPERLIQUID,1771150020000,3.9471,3.9482,3.8823,3.8823,2160.8
kLUNC-USD-PERP.HYPERLIQUID,1771150020000,0.036657,0.036669,0.036426,0.036426,136001.0
ARB-USD-PERP.HYPERLIQUID,1771150020000,0.11835,0.11835,0.11808,0.1181,13092.8
BTC-USD-PERP.HYPERLIQUID,1771150020000,70239.0,70239.0,70202.0,70204.0,8.70839
ETH-USD-PERP.HYPERLIQUID,1771150020000,2059.4,2059.4,2055.3,2055.4,78.0476
SOL-USD-PERP.HYPERLIQUID,1771150020000,89.468,89.469,89.369,89.388,580.33
BTC-USD-PERP.HYPERLIQUID,1771150020000,70239.0,70239.0,70202.0,70203.0,8.70918
ME-USD-PERP.HYPERLIQUID,1771150020000,0.14858,0.14858,0.14836,0.14836,3085.8
MNT-USD-PERP.HYPERLIQUID,1771150020000,0.67049,0.67123,0.67023,0.67074,3312.0
SUI-USD-PERP.HYPERLIQUID,1771150020000,1.0145,1.0145,1.0129,1.0129,2294.5
TRX-USD-PERP.HYPERLIQUID,1771150020000,0.28082,0.28082,0.28081,0.28081,4973.0
AAVE-USD-PERP.HYPERLIQUID,1771150020000,128.69,128.69,128.52,128.52,0.36
ETH-USD-PERP.HYPERLIQUID,1771150020000,2059.4,2059.4,2055.3,2055.4,78.0567
SOL-USD-PERP.HYPERLIQUID,1771150020000,89.468,89.469,89.369,89.379,580.46
ZEC-USD-PERP.HYPERLIQUID,1771150020000,308.37,308.49,307.52,307.71,298.88
BTC-USD-PERP.HYPERLIQUID,1771150020000,70239.0,70239.0,70202.0,70204.0,8.77863
DOGE-USD-PERP.HYPERLIQUID,1771150020000,0.11358,0.11358,0.11336,0.11338,205232.0
XPL-USD-PERP.HYPERLIQUID,1771150020000,0.10054,0.10054,0.10033,0.1005,758729.0
ZEC-USD-PERP.HYPERLIQUID,1771150020000,308.37,308.49,307.52,307.67,298.92
BERA-USD-PERP.HYPERLIQUID,1771150080000,0.66231,0.66231,0.6623,0.6623,1156.2
BTC-USD-PERP.HYPERLIQUID,1771150080000,70204.0,70204.0,70204.0,70204.0,0.00092
ENA-USD-PERP.HYPERLIQUID,1771150080000,0.1263,0.1263,0.1263,0.1263,298.0
MERL-USD-PERP.HYPERLIQUID,1771150080000,0.064079,0.064079,0.064079,0.064079,1195.0
MNT-USD-PERP.HYPERLIQUID,1771150080000,0.66986,0.66986,0.66965,0.66965,1332.4
NXPC-USD-PERP.HYPERLIQUID,1771150080000,0.27667,0.27667,0.27667,0.27667,234.0
SOL-USD-PERP.HYPERLIQUID,1771150080000,89.379,89.379,89.376,89.379,3.62
XPL-USD-PERP.HYPERLIQUID,1771150020000,0.10054,0.10054,0.10033,0.1005,765024.0
XRP-USD-PERP.HYPERLIQUID,1771150080000,1.5739,1.5739,1.5739,1.5739,176.0
ZEC-USD-PERP.HYPERLIQUID,1771150080000,307.62,307.62,307.62,307.62,0.04
CAKE-USD-PERP.HYPERLIQUID,1771150080000,1.3433,1.3433,1.3433,1.3433,8.2
ETH-USD-PERP.HYPERLIQUID,1771150080000,2055.3,2055.3,2055.3,2055.3,10.9494
ZEC-USD-PERP.HYPERLIQUID,1771150080000,307.62,307.82,307.62,307.82,1.09
ACE-USD-PERP.HYPERLIQUID,1771150080000,0.1808,0.1808,0.1808,0.1808,86.31
BTC-USD-PERP.HYPERLIQUID,1771150080000,70204.0,70204.0,70201.0,70201.0,0.01754
HYPE-USD-PERP.HYPERLIQUID,1771150080000,30.987,30.987,30.987,30.987,64.78
MNT-USD-PERP.HYPERLIQUID,1771150080000,0.66986,0.67075,0.66965,0.66982,1877.0
MORPHO-USD-PERP.HYPERLIQUID,1771150080000,1.4039,1.4039,1.4035,1.4035,605.6
POL-USD-PERP.HYPERLIQUID,1771150080000,0.10912,0.10912,0.10912,0.10912,21650.0
PURR-USD-PERP.HYPERLIQUID,1771150080000,0.071621,0.071621,0.071621,0.071621,280.0
MANTA-USD-PERP.HYPERLIQUID,1771150080000,0.07786,0.07786,0.07786,0.07786,210.1
SUI-USD-PERP.HYPERLIQUID,1771150080000,1.0128,1.0128,1.0128,1.0128,12.0
ATOM-USD-PERP.HYPERLIQUID,1771150080000,2.16,2.16,2.1577,2.1577,49.18
BTC-USD-PERP.HYPERLIQUID,1771150080000,70204.0,70204.0,70200.0,70200.0,1.83914
CAKE-USD-PERP.HYPERLIQUID,1771150080000,1.3433,1.3433,1.342,1.342,72.2
ETH-USD-PERP.HYPERLIQUID,1771150080000,2055.3,2055.3,2054.6,2054.6,18.7212
HYPE-USD-PERP.HYPERLIQUID,1771150080000,30.987,30.987,30.982,30.982,65.15
LTC-USD-PERP.HYPERLIQUID,1771150080000,55.825,55.825,55.825,55.825,0.7
OP-USD-PERP.HYPERLIQUID,1771150080000,0.1937,0.1937,0.1937,0.1937,63.2
SOL-USD-PERP.HYPERLIQUID,1771150080000,89.379,89.379,89.358,89.358,4.5
XRP-USD-PERP.HYPERLIQUID,1771150080000,1.5739,1.5739,1.5736,1.5736,177.0
ZORA-USD-PERP.HYPERLIQUID,1771150080000,0.021712,0.021712,0.021712,0.021712,1026.0
APEX-USD-PERP.HYPERLIQUID,1771150080000,0.36543,0.36543,0.36543,0.36543,463.0
AVAX-USD-PERP.HYPERLIQUID,1771150080000,9.54,9.54,9.54,9.54,1.18
AXS-USD-PERP.HYPERLIQUID,1771150080000,1.4218,1.4218,1.4218,1.4218,37.6
BTC-USD-PERP.HYPERLIQUID,1771150080000,70204.0,70204.0,70198.0,70198.0,2.37079
CAKE-USD-PERP.HYPERLIQUID,1771150080000,1.3433,1.3433,1.342,1.342,338.5
ETH-USD-PERP.HYPERLIQUID,1771150080000,2055.3,2055.3,2054.4,2054.4,28.22
GAS-USD-PERP.HYPERLIQUID,1771150080000,1.6958,1.6958,1.6958,1.6958,132.6
LTC-USD-PERP.HYPERLIQUID,1771150080000,55.825,55.825,55.819,55.819,0.89
MNT-USD-PERP.HYPERLIQUID,1771150080000,0.66986,0.67075,0.66965,0.67075,1907.2
ONDO-USD-PERP.HYPERLIQUID,1771150080000,0.28536,0.28536,0.28536,0.28536,55.0
PENGU-USD-PERP.HYPERLIQUID,1771150080000,0.007505,0.007505,0.007505,0.007505,7137.0
WLD-USD-PERP.HYPERLIQUID,1771150080000,0.42119,0.42119,0.42107,0.42107,679.4
BTC-USD-PERP.HYPERLIQUID,1771150080000,70204.0,70204.0,70194.0,70194.0,2.37096
ETH-USD-PERP.HYPERLIQUID,1771150080000,2055.3,2055.3,2054.4,2054.7,149.8508
APEX-USD-PERP.HYPERLIQUID,1771150080000,0.36543,0.36543,0.36543,0.36543,791.0
BTC-USD-PERP.HYPERLIQUID,1771150080000,70204.0,70204.0,70194.0,70194.0,2.37118
FET-USD-PERP.HYPERLIQUID,1771150080000,0.17734,0.17734,0.17725,0.17725,432.0
LTC-USD-PERP.HYPERLIQUID,1771150080000,55.825,55.825,55.819,55.824,1.33
SUI-USD-PERP.HYPERLIQUID,1771150080000,1.0128,1.0128,1.0128,1.0128,24.0
TAO-USD-PERP.HYPERLIQUID,1771150080000,187.61,187.61,187.61,187.61,0.456
XMR-USD-PERP.HYPERLIQUID,1771150080000,347.93,347.93,347.93,347.93,3.0
BTC-USD-PERP.HYPERLIQUID,1771150080000,70204.0,70204.0,70194.0,70194.0,2.41342
ETC-USD-PERP.HYPERLIQUID,1771150080000,8.9918,8.9918,8.9915,8.9915,22.38
ETH-USD-PERP.HYPERLIQUID,1771150080000,2055.3,2055.3,2054.4,2054.6,157.4381
LDO-USD-PERP.HYPERLIQUID,1771150080000,0.35346,0.35349,0.35346,0.35349,5040.4
LINK-USD-PERP.HYPERLIQUID,1771150080000,9.0491,9.0491,9.0491,9.0491,60.3
NEO-USD-PERP.HYPERLIQUID,1771150080000,2.8995,2.8995,2.8962,2.8962,125.8
SOL-USD-PERP.HYPERLIQUID,1771150080000,89.379,89.379,89.34,89.34,34.19
WLD-USD-PERP.HYPERLIQUID,1771150080000,0.42119,0.42119,0.42107,0.42107,682.1
XRP-USD-PERP.HYPERLIQUID,1771150080000,1.5739,1.5739,1.5735,1.5735,1787.0
ZEC-USD-PERP.HYPERLIQUID,1771150080000,307.62,307.82,307.62,307.75,3.5
APT-USD-PERP.HYPERLIQUID,1771150080000,0.9623,0.9623,0.9622,0.9622,1000.0
BTC-USD-PERP.HYPERLIQUID,1771150080000,70204.0,70204.0,70185.0,70194.0,2.94179
DOGE-USD-PERP.HYPERLIQUID,1771150080000,0.11332,0.11332,0.11329,0.11329,44898.0
ETH-USD-PERP.HYPERLIQUID,1771150080000,2055.3,2055.3,2053.7,2053.7,326.6845
GAS-USD-PERP.HYPERLIQUID,1771150080000,1.6958,1.6958,1.6952,1.6952,180.2
LIT-USD-PERP.HYPERLIQUID,1771150080000,1.7009,1.7009,1.7009,1.7009,10.0
NEAR-USD-PERP.HYPERLIQUID,1771150080000,1.0714,1.0714,1.0714,1.0714,51.5
NEO-USD-PERP.HYPERLIQUID,1771150080000,2.8995,2.8995,2.8962,2.8962,149.45
SOL-USD-PERP.HYPERLIQUID,1771150080000,89.379,89.379,89.337,89.337,36.27
SUI-USD-PERP.HYPERLIQUID,1771150080000,1.0128,1.0128,1.0126,1.0126,216.8
TAO-USD-PERP.HYPERLIQUID,1771150080000,187.61,187.61,187.58,187.58,0.614
TRX-USD-PERP.HYPERLIQUID,1771150080000,0.28081,0.28081,0.28081,0.28081,113.0
ADA-USD-PERP.HYPERLIQUID,1771150080000,0.29307,0.29307,0.29307,0.29307,18.0
BNB-USD-PERP.HYPERLIQUID,1771150080000,627.18,627.18,627.18,627.18,0.03
BTC-USD-PERP.HYPERLIQUID,1771150080000,70204.0,70204.0,70185.0,70186.0,2.94195
ETH-USD-PERP.HYPERLIQUID,1771150080000,2055.3,2055.3,2053.7,2053.7,327.1902
OP-USD-PERP.HYPERLIQUID,1771150080000,0.1937,0.1937,0.19363,0.19363,325.7
S-USD-PERP.HYPERLIQUID,1771150080000,0.049554,0.049554,0.049554,0.049554,11032.0
ARB-USD-PERP.HYPERLIQUID,1771150080000,0.11804,0.11804,0.11804,0.11804,163.7
BCH-USD-PERP.HYPERLIQUID,1771150080000,558.7,558.7,558.64,558.64,0.074
BNB-USD-PERP.HYPERLIQUID,1771150080000,627.18,627.18,627.03,627.03,0.532
ETC-USD-PERP.HYPERLIQUID,1771150080000,8.9918,8.9918,8.9882,8.9882,39.06
ETH-USD-PERP.HYPERLIQUID,1771150080000,2055.3,2055.3,2053.5,2053.5,333.8349
FARTCOIN-USD-PERP.HYPERLIQUID,1771150080000,0.2094,0.2094,0.20926,0.20926,5247.1
GALA-USD-PERP.HYPERLIQUID,1771150080000,0.004266,0.004266,0.004266,0.004266,7944.0
HYPE-USD-PERP.HYPERLIQUID,1771150080000,30.987,30.987,30.976,30.976,158.38
JUP-USD-PERP.HYPERLIQUID,1771150080000,0.16557,0.16557,0.16557,0.16557,1684.0
LINK-USD-PERP.HYPERLIQUID,1771150080000,9.0491,9.0491,9.0473,9.0473,205.0
LIT-USD-PERP.HYPERLIQUID,1771150080000,1.7009,1.7009,1.7008,1.7008,109.0
MORPHO-USD-PERP.HYPERLIQUID,1771150080000,1.4039,1.4039,1.4031,1.4031,710.3
NEAR-USD-PERP.HYPERLIQUID,1771150080000,1.0714,1.0714,1.0713,1.0713,551.5
PENDLE-USD-PERP.HYPERLIQUID,1771150080000,1.2868,1.2868,1.2868,1.2868,1969.0
PENGU-USD-PERP.HYPERLIQUID,1771150080000,0.007505,0.007505,0.007502,0.007502,115287.0
PEOPLE-USD-PERP.HYPERLIQUID,1771150080000,0.007224,0.007224,0.007224,0.007224,2559.0
PUMP-USD-PERP.HYPERLIQUID,1771150080000,0.002277,0.002277,0.002277,0.002277,133928.0
S-USD-PERP.HYPERLIQUID,1771150080000,0.049554,0.049554,0.049553,0.049553,11284.0
SOL-USD-PERP.HYPERLIQUID,1771150080000,89.379,89.379,89.33,89.33,50.77
SUI-USD-PERP.HYPERLIQUID,1771150080000,1.0128,1.0128,1.0125,1.0125,2146.5
TAO-USD-PERP.HYPERLIQUID,1771150080000,187.61,187.61,187.58,187.58,5.074
VVV-USD-PERP.HYPERLIQUID,1771150080000,3.8816,3.8816,3.8816,3.8816,9.26
WLD-USD-PERP.HYPERLIQUID,1771150080000,0.42119,0.42119,0.4209,0.4209,707.4
XRP-USD-PERP.HYPERLIQUID,1771150080000,1.5739,1.5739,1.5735,1.5735,3779.0
ZRO-USD-PERP.HYPERLIQUID,1771150080000,1.8637,1.8637,1.863,1.863,369.2
kNEIRO-USD-PERP.HYPERLIQUID,1771150080000,0.07982,0.07982,0.07982,0.07982,9371.4
kPEPE-USD-PERP.HYPERLIQUID,1771150080000,0.004637,0.004637,0.004637,0.004637,80829.0
AZTEC-USD-PERP.HYPERLIQUID,1771150080000,0.023544,0.023544,0.023544,0.023544,468.0
ETH-USD-PERP.HYPERLIQUID,1771150080000,2055.3,2055.3,2052.9,2052.9,455.4657
MORPHO-USD-PERP.HYPERLIQUID,1771150080000,1.4039,1.4039,1.4031,1.4031,783.6
NEAR-USD-PERP.HYPERLIQUID,1771150080000,1.0714,1.0714,1.0712,1.0712,615.1
XRP-USD-PERP.HYPERLIQUID,1771150080000,1.5739,1.5739,1.573,1.573,6955.0
ACE-USD-PERP.HYPERLIQUID,1771150080000,0.1808,0.1808,0.1805,0.1805,191.76
BNB-USD-PERP.HYPERLIQUID,1771150080000,627.18,627.18,626.94,626.94,2.307
BTC-USD-PERP.HYPERLIQUID,1771150080000,70204.0,70204.0,70185.0,70185.0,3.43199
ETH-USD-PERP.HYPERLIQUID,1771150080000,2055.3,2055.3,2052.9,2053.6,501.3579
LINK-USD-PERP.HYPERLIQUID,1771150080000,9.0491,9.0491,9.0473,9.0473,236.9
MORPHO-USD-PERP.HYPERLIQUID,1771150080000,1.4039,1.4039,1.4031,1.4031,1005.6
ORDI-USD-PERP.HYPERLIQUID,1771150080000,2.8806,2.8806,2.8806,2.8806,5.84
PENDLE-USD-PERP.HYPERLIQUID,1771150080000,1.2868,1.2868,1.2868,1.2868,2222.0
SUI-USD-PERP.HYPERLIQUID,1771150080000,1.0128,1.0128,1.0121,1.0121,2588.1
VVV-USD-PERP.HYPERLIQUID,1771150080000,3.8816,3.884,3.8755,3.8755,4775.54
XRP-USD-PERP.HYPERLIQUID,1771150080000,1.5739,1.5739,1.573,1.573,10085.0
kPEPE-USD-PERP.HYPERLIQUID,1771150080000,0.004637,0.004637,0.004636,0.004636,131942.0
ALT-USD-PERP.HYPERLIQUID,1771150080000,0.008866,0.008866,0.008866,0.008866,5064.0
BCH-USD-PERP.HYPERLIQUID,1771150080000,558.7,558.7,558.62,558.62,0.148
BTC-USD-PERP.HYPERLIQUID,1771150080000,70204.0,70204.0,70185.0,70185.0,3.43231
ETH-USD-PERP.HYPERLIQUID,1771150080000,2055.3,2055.3,2052.9,2053.5,623.1005
MEME-USD-PERP.HYPERLIQUID,1771150080000,0.000748,0.000748,0.000748,0.000748,33890.0
PENDLE-USD-PERP.HYPERLIQUID,1771150080000,1.2868,1.2868,1.2868,1.2868,3114.0
PENGU-USD-PERP.HYPERLIQUID,1771150080000,0.007505,0.007505,0.007501,0.007501,152414.0
SKY-USD-PERP.HYPERLIQUID,1771150080000,0.067262,0.067262,0.067262,0.067262,5000.0
ZEC-USD-PERP.HYPERLIQUID,1771150080000,307.62,307.82,307.62,307.76,3.96
kPEPE-USD-PERP.HYPERLIQUID,1771150080000,0.004637,0.004637,0.004635,0.004635,164256.0
ARB-USD-PERP.HYPERLIQUID,1771150080000,0.11804,0.11804,0.11803,0.11803,6108.5
DOGE-USD-PERP.HYPERLIQUID,1771150080000,0.11332,0.11332,0.11328,0.11328,47411.0
DYDX-USD-PERP.HYPERLIQUID,1771150080000,0.11105,0.11105,0.11105,0.11105,500.0
ETC-USD-PERP.HYPERLIQUID,1771150080000,8.9918,8.9918,8.9817,8.9817,76.37
ICP-USD-PERP.HYPERLIQUID,1771150080000,2.4908,2.4908,2.4908,2.4908,4.5
LIT-USD-PERP.HYPERLIQUID,1771150080000,1.7009,1.7009,1.7,1.7,118.0
LTC-USD-PERP.HYPERLIQUID,1771150080000,55.825,55.825,55.8,55.8,7.26
NEAR-USD-PERP.HYPERLIQUID,1771150080000,1.0714,1.0714,1.0708,1.0708,830.3
PENGU-USD-PERP.HYPERLIQUID,1771150080000,0.007505,0.007505,0.007501,0.007501,165300.0
POPCAT-USD-PERP.HYPERLIQUID,1771150080000,0.056099,0.056099,0.056092,0.056092,1515.0
SUI-USD-PERP.HYPERLIQUID,1771150080000,1.0128,1.0128,1.0119,1.0119,3418.7
VIRTUAL-USD-PERP.HYPERLIQUID,1771150080000,0.66857,0.66857,0.66843,0.66843,3424.7
XRP-USD-PERP.HYPERLIQUID,1771150080000,1.5739,1.5739,1.5729,1.5729,10822.0
ZEC-USD-PERP.HYPERLIQUID,1771150080000,307.62,307.82,307.62,307.76,5.93
ZK-USD-PERP.HYPERLIQUID,1771150080000,0.022345,0.022345,0.022345,0.022345,10000.0
kBONK-USD-PERP.HYPERLIQUID,1771150080000,0.006844,0.006844,0.006844,0.006844,100000.0
kPEPE-USD-PERP.HYPERLIQUID,1771150080000,0.004637,0.004637,0.004624,0.004624,3502967.0
BRETT-USD-PERP.HYPERLIQUID,1771150080000,0.008247,0.008247,0.008247,0.008247,1308.0
BTC-USD-PERP.HYPERLIQUID,1771150080000,70204.0,70204.0,70185.0,70186.0,3.45567
DOT-USD-PERP.HYPERLIQUID,1771150080000,1.4032,1.4032,1.4032,1.4032,7.9
ETC-USD-PERP.HYPERLIQUID,1771150080000,8.9918,8.9918,8.9817,8.9914,78.35
NEAR-USD-PERP.HYPERLIQUID,1771150080000,1.0714,1.0714,1.0707,1.0707,1217.8
PENGU-USD-PERP.HYPERLIQUID,1771150080000,0.007505,0.007505,0.007501,0.007502,181568.0
DOGE-USD-PERP.HYPERLIQUID,1771150080000,0.11332,0.11332,0.11327,0.11327,62895.0
DYDX-USD-PERP.HYPERLIQUID,1771150080000,0.11105,0.11105,0.11095,0.11095,1000.0
LTC-USD-PERP.HYPERLIQUID,1771150080000,55.825,55.825,55.797,55.797,7.45
SOL-USD-PERP.HYPERLIQUID,1771150080000,89.379,89.379,89.33,89.331,57.31
XRP-USD-PERP.HYPERLIQUID,1771150080000,1.5739,1.5739,1.5729,1.5735,11993.0
ZEC-USD-PERP.HYPERLIQUID,1771150080000,307.62,307.84,307.62,307.84,5.97
AERO-USD-PERP.HYPERLIQUID,1771150080000,0.32808,0.32808,0.32807,0.32807,3048.0
BTC-USD-PERP.HYPERLIQUID,1771150080000,70204.0,70204.0,70185.0,70191.0,3.4571
COMP-USD-PERP.HYPERLIQUID,1771150080000,22.949,22.949,22.949,22.949,0.49
DOGE-USD-PERP.HYPERLIQUID,1771150080000,0.11332,0.11332,0.11327,0.1133,127411.0
ETH-USD-PERP.HYPERLIQUID,1771150080000,2055.3,2055.3,2052.9,2053.8,744.7728
ICP-USD-PERP.HYPERLIQUID,1771150080000,2.4908,2.4918,2.4908,2.4918,304.5
SEI-USD-PERP.HYPERLIQUID,1771150080000,0.077347,0.077347,0.077347,0.077347,1763.0
SOL-USD-PERP.HYPERLIQUID,1771150080000,89.379,89.379,89.33,89.35,83.94
XLM-USD-PERP.HYPERLIQUID,1771150080000,0.17614,0.17614,0.17614,0.17614,485.0
XRP-USD-PERP.HYPERLIQUID,1771150080000,1.5739,1.5739,1.5729,1.5735,17517.0
ZEC-USD-PERP.HYPERLIQUID,1771150080000,307.62,307.94,307.62,307.94,6.05
kPEPE-USD-PERP.HYPERLIQUID,1771150080000,0.004637,0.004637,0.004624,0.004632,3513761.0
BNB-USD-PERP.HYPERLIQUID,1771150080000,627.18,627.21,626.94,627.21,2.883
BTC-USD-PERP.HYPERLIQUID,1771150080000,70204.0,70204.0,70185.0,70203.0,3.49737
FARTCOIN-USD-PERP.HYPERLIQUID,1771150080000,0.2094,0.20944,0.20926,0.20944,7641.9
LAYER-USD-PERP.HYPERLIQUID,1771150080000,0.092722,0.092722,0.092722,0.092722,186.0
NEAR-USD-PERP.HYPERLIQUID,1771150080000,1.0714,1.0717,1.0707,1.0717,1508.1
ZEC-USD-PERP.HYPERLIQUID,1771150080000,307.62,307.95,307.62,307.95,6.23
BTC-USD-PERP.HYPERLIQUID,1771150080000,70204.0,70204.0,70185.0,70203.0,3.49887
LIT-USD-PERP.HYPERLIQUID,1771150080000,1.7009,1.7009,1.6999,1.6999,792.0
SUSHI-USD-PERP.HYPERLIQUID,1771150080000,0.21468,0.21468,0.21468,0.21468,258.4
USTC-USD-PERP.HYPERLIQUID,1771150080000,0.005339,0.005339,0.005339,0.005339,50000.0
WIF-USD-PERP.HYPERLIQUID,1771150080000,0.24184,0.24187,0.24184,0.24187,228.0
kLUNC-USD-PERP.HYPERLIQUID,1771150080000,0.036251,0.036251,0.036251,0.036251,502.0
BTC-USD-PERP.HYPERLIQUID,1771150080000,70204.0,70204.0,70185.0,70195.0,3.52223
HYPE-USD-PERP.HYPERLIQUID,1771150080000,30.987,30.987,30.969,30.969,202.38
JTO-USD-PERP.HYPERLIQUID,1771150080000,0.27885,0.27885,0.27849,0.27849,10157.0
SUI-USD-PERP.HYPERLIQUID,1771150080000,1.0128,1.0128,1.0119,1.0127,3522.9
BTC-USD-PERP.HYPERLIQUID,1771150080000,70204.0,70204.0,70185.0,70194.0,3.52251
HYPE-USD-PERP.HYPERLIQUID,1771150080000,30.987,30.987,30.969,30.975,202.75
VVV-USD-PERP.HYPERLIQUID,1771150080000,3.8816,3.884,3.8755,3.8797,4833.88
WLFI-USD-PERP.HYPERLIQUID,1771150080000,0.1061,0.1061,0.1061,0.1061,3000.0
BTC-USD-PERP.HYPERLIQUID,1771150080000,70204.0,70204.0,70185.0,70193.0,4.75147
ETH-USD-PERP.HYPERLIQUID,1771150080000,2055.3,2055.3,2052.9,2053.9,744.7824
LAYER-USD-PERP.HYPERLIQUID,1771150080000,0.092722,0.092722,0.092623,0.092623,346.0
VVV-USD-PERP.HYPERLIQUID,1771150080000,3.8816,3.884,3.8755,3.8797,4875.54
DOGE-USD-PERP.HYPERLIQUID,1771150080000,0.11332,0.11332,0.11327,0.1133,142895.0
ETH-USD-PERP.HYPERLIQUID,1771150080000,2055.3,2055.3,2052.9,2053.9,744.8034
MEME-USD-PERP.HYPERLIQUID,1771150080000,0.000748,0.000748,0.000748,0.000748,54444.0
POL-USD-PERP.HYPERLIQUID,1771150080000,0.10912,0.10912,0.10905,0.10905,43310.0
SOL-USD-PERP.HYPERLIQUID,1771150080000,89.379,89.379,89.33,89.344,84.14
WIF-USD-PERP.HYPERLIQUID,1771150080000,0.24184,0.24192,0.24184,0.24192,278.0
XPL-USD-PERP.HYPERLIQUID,1771150080000,0.10046,0.10047,0.10046,0.10047,6316.0
ZEC-USD-PERP.HYPERLIQUID,1771150080000,307.62,307.95,307.62,307.89,6.28
BTC-USD-PERP.HYPERLIQUID,1771150080000,70204.0,70204.0,70185.0,70194.0,4.83391
HYPE-USD-PERP.HYPERLIQUID,1771150080000,30.987,30.987,30.969,30.973,228.45
TRUMP-USD-PERP.HYPERLIQUID,1771150080000,3.4975,3.4975,3.4975,3.4975,5.8
WLD-USD-PERP.HYPERLIQUID,1771150080000,0.42119,0.42119,0.4209,0.42101,1154.2
ZEC-USD-PERP.HYPERLIQUID,1771150080000,307.62,307.95,307.62,307.9,6.44
TRX-USD-PERP.HYPERLIQUID,1771150080000,0.28081,0.28081,0.28078,0.28078,268.0
XRP-USD-PERP.HYPERLIQUID,1771150080000,1.5739,1.5739,1.5729,1.5739,17678.0
ZEC-USD-PERP.HYPERLIQUID,1771150080000,307.62,307.95,307.62,307.9,6.48
kPEPE-USD-PERP.HYPERLIQUID,1771150080000,0.004637,0.00464,0.004624,0.00464,3526664.0
BTC-USD-PERP.HYPERLIQUID,1771150080000,70204.0,70204.0,70185.0,70192.0,4.85588
PENGU-USD-PERP.HYPERLIQUID,1771150080000,0.007505,0.007508,0.007501,0.007508,186417.0
SUI-USD-PERP.HYPERLIQUID,1771150080000,1.0128,1.0128,1.0119,1.0125,3534.9
WLD-USD-PERP.HYPERLIQUID,1771150080000,0.42119,0.42119,0.4209,0.42105,1601.3
ZEC-USD-PERP.HYPERLIQUID,1771150080000,307.62,307.95,307.62,307.9,6.52
SKR-USD-PERP.HYPERLIQUID,1771150080000,0.022643,0.022643,0.022643,0.022643,40000.0
TRUMP-USD-PERP.HYPERLIQUID,1771150080000,3.4975,3.4975,3.4975,3.4975,11.6
WLD-USD-PERP.HYPERLIQUID,1771150080000,0.42119,0.42119,0.4209,0.42105,1638.9
ZEC-USD-PERP.HYPERLIQUID,1771150080000,307.62,307.95,307.62,307.9,6.56
ZETA-USD-PERP.HYPERLIQUID,1771150080000,0.05726,0.05726,0.05726,0.05726,17545.7
APEX-USD-PERP.HYPERLIQUID,1771150080000,0.36543,0.36543,0.36518,0.36518,1305.0
BTC-USD-PERP.HYPERLIQUID,1771150080000,70204.0,70204.0,70185.0,70190.0,4.85916
CC-USD-PERP.HYPERLIQUID,1771150080000,0.16016,0.16016,0.16016,0.16016,110.0
GRASS-USD-PERP.HYPERLIQUID,1771150080000,0.21983,0.21983,0.21983,0.21983,382.9
HYPE-USD-PERP.HYPERLIQUID,1771150080000,30.987,30.987,30.969,30.973,230.74
TAO-USD-PERP.HYPERLIQUID,1771150080000,187.61,187.61,187.5,187.5,30.411
TRX-USD-PERP.HYPERLIQUID,1771150080000,0.28081,0.28081,0.28078,0.28078,572.0
ALT-USD-PERP.HYPERLIQUID,1771150080000,0.008866,0.008866,0.008866,0.008866,7301.0
ETH-USD-PERP.HYPERLIQUID,1771150080000,2055.3,2055.3,2052.9,2053.0,856.6427
FET-USD-PERP.HYPERLIQUID,1771150080000,0.17734,0.17734,0.17708,0.17708,2432.0
SOL-USD-PERP.HYPERLIQUID,1771150080000,89.379,89.379,89.33,89.333,87.27
WLD-USD-PERP.HYPERLIQUID,1771150080000,0.42119,0.42119,0.4209,0.42105,2084.4
XRP-USD-PERP.HYPERLIQUID,1771150080000,1.5739,1.574,1.5729,1.574,18310.0
BTC-USD-PERP.HYPERLIQUID,1771150080000,70204.0,70204.0,70185.0,70191.0,4.86015
HYPE-USD-PERP.HYPERLIQUID,1771150080000,30.987,30.987,30.969,30.973,232.78
TRX-USD-PERP.HYPERLIQUID,1771150080000,0.28081,0.28081,0.28078,0.28078,617.0
XRP-USD-PERP.HYPERLIQUID,1771150080000,1.5739,1.5742,1.5729,1.5742,26678.0
BIO-USD-PERP.HYPERLIQUID,1771150080000,0.025333,0.025333,0.025333,0.025333,592.0
CRV-USD-PERP.HYPERLIQUID,1771150080000,0.25829,0.25829,0.25797,0.25797,145942.4
LIT-USD-PERP.HYPERLIQUID,1771150080000,1.7009,1.7009,1.6999,1.7009,799.0
PENDLE-USD-PERP.HYPERLIQUID,1771150080000,1.2868,1.2877,1.2867,1.2877,3563.0
SUI-USD-PERP.HYPERLIQUID,1771150080000,1.0128,1.0128,1.0119,1.0124,3546.9
TAO-USD-PERP.HYPERLIQUID,1771150080000,187.61,187.61,187.5,187.5,45.074
TRUMP-USD-PERP.HYPERLIQUID,1771150080000,3.4975,3.4975,3.4975,3.4975,29.1
VVV-USD-PERP.HYPERLIQUID,1771150080000,3.8816,3.884,3.8755,3.8762,4895.89
COMP-USD-PERP.HYPERLIQUID,1771150080000,22.949,22.949,22.913,22.913,11.44
ETH-USD-PERP.HYPERLIQUID,1771150080000,2055.3,2055.3,2052.9,2053.2,856.6761
LDO-USD-PERP.HYPERLIQUID,1771150080000,0.35346,0.35349,0.35346,0.35348,6040.4
TAO-USD-PERP.HYPERLIQUID,1771150080000,187.61,187.61,187.5,187.5,59.739
ZEC-USD-PERP.HYPERLIQUID,1771150080000,307.62,308.0,307.62,308.0,8.17
APT-USD-PERP.HYPERLIQUID,1771150080000,0.9623,0.9629,0.9622,0.9629,1075.75
BTC-USD-PERP.HYPERLIQUID,1771150080000,70204.0,70204.0,70185.0,70198.0,4.87324
COMP-USD-PERP.HYPERLIQUID,1771150080000,22.949,22.949,22.913,22.913,41.75
ETH-USD-PERP.HYPERLIQUID,1771150080000,2055.3,2055.3,2052.9,2053.7,856.8447
HBAR-USD-PERP.HYPERLIQUID,1771150080000,0.10288,0.10288,0.10288,0.10288,107.0
JUP-USD-PERP.HYPERLIQUID,1771150080000,0.16557,0.16557,0.16556,0.16556,1934.0
LDO-USD-PERP.HYPERLIQUID,1771150080000,0.35346,0.35354,0.35346,0.35354,6090.8
LINK-USD-PERP.HYPERLIQUID,1771150080000,9.0491,9.0496,9.0473,9.0496,241.3
OP-USD-PERP.HYPERLIQUID,1771150080000,0.1937,0.1937,0.19363,0.19364,389.0
PUMP-USD-PERP.HYPERLIQUID,1771150080000,0.002277,0.002278,0.002277,0.002278,148924.0
SOL-USD-PERP.HYPERLIQUID,1771150080000,89.379,89.379,89.33,89.354,87.44
SUI-USD-PERP.HYPERLIQUID,1771150080000,1.0128,1.0128,1.0119,1.0128,3586.7
TAO-USD-PERP.HYPERLIQUID,1771150080000,187.61,187.61,187.5,187.5,146.003
TRUMP-USD-PERP.HYPERLIQUID,1771150080000,3.4975,3.4975,3.4975,3.4975,45.2
UNI-USD-PERP.HYPERLIQUID,1771150080000,3.565,3.565,3.565,3.565,20.0
XLM-USD-PERP.HYPERLIQUID,1771150080000,0.17614,0.17623,0.17614,0.17623,970.0
AAVE-USD-PERP.HYPERLIQUID,1771150080000,128.52,128.52,128.52,128.52,0.76
APT-USD-PERP.HYPERLIQUID,1771150080000,0.9623,0.9631,0.9622,0.9631,1575.75
AVAX-USD-PERP.HYPERLIQUID,1771150080000,9.54,9.54,9.5369,9.5369,32.99
AZTEC-USD-PERP.HYPERLIQUID,1771150080000,0.023544,0.023545,0.023544,0.023545,20468.0
BLUR-USD-PERP.HYPERLIQUID,1771150080000,0.022063,0.022063,0.022063,0.022063,1616.0
BNB-USD-PERP.HYPERLIQUID,1771150080000,627.18,627.27,626.94,627.27,3.541
BTC-USD-PERP.HYPERLIQUID,1771150080000,70204.0,70204.0,70185.0,70202.0,4.94222
DOGE-USD-PERP.HYPERLIQUID,1771150080000,0.11332,0.11337,0.11327,0.11337,143056.0
ENA-USD-PERP.HYPERLIQUID,1771150080000,0.1263,0.1263,0.12629,0.12629,2820.0
FARTCOIN-USD-PERP.HYPERLIQUID,1771150080000,0.2094,0.20954,0.20926,0.20954,7724.5
LINK-USD-PERP.HYPERLIQUID,1771150080000,9.0491,9.0511,9.0473,9.0511,245.4
NEAR-USD-PERP.HYPERLIQUID,1771150080000,1.0714,1.0719,1.0707,1.0719,1608.1
ONDO-USD-PERP.HYPERLIQUID,1771150080000,0.28536,0.28536,0.28534,0.28534,241.0
PEOPLE-USD-PERP.HYPERLIQUID,1771150080000,0.007224,0.007225,0.007224,0.007225,4841.0
SOL-USD-PERP.HYPERLIQUID,1771150080000,89.379,89.379,89.33,89.375,115.92
TAO-USD-PERP.HYPERLIQUID,1771150080000,187.61,187.61,187.5,187.5,302.382
XRP-USD-PERP.HYPERLIQUID,1771150080000,1.5739,1.5759,1.5729,1.5759,32902.0
ZEC-USD-PERP.HYPERLIQUID,1771150080000,307.62,308.07,307.62,308.07,9.67
ADA-USD-PERP.HYPERLIQUID,1771150080000,0.29307,0.29312,0.29307,0.29312,93.0
AVAX-USD-PERP.HYPERLIQUID,1771150080000,9.54,9.54,9.5369,9.5369,54.78
BTC-USD-PERP.HYPERLIQUID,1771150080000,70204.0,70216.0,70185.0,70216.0,4.9694
CRV-USD-PERP.HYPERLIQUID,1771150080000,0.25829,0.25846,0.25797,0.25846,146079.5
DYDX-USD-PERP.HYPERLIQUID,1771150080000,0.11105,0.11105,0.11092,0.11092,1498.1
ETH-USD-PERP.HYPERLIQUID,1771150080000,2055.3,2055.3,2052.9,2054.8,856.9509
FARTCOIN-USD-PERP.HYPERLIQUID,1771150080000,0.2094,0.20954,0.20926,0.20935,17724.5
FET-USD-PERP.HYPERLIQUID,1771150080000,0.17734,0.17735,0.17708,0.17735,4187.0
HYPE-USD-PERP.HYPERLIQUID,1771150080000,30.987,31.0,30.969,31.0,455.2
IP-USD-PERP.HYPERLIQUID,1771150080000,1.1613,1.1613,1.1613,1.1613,252.2
SOL-USD-PERP.HYPERLIQUID,1771150080000,89.379,89.385,89.33,89.385,116.27
TAO-USD-PERP.HYPERLIQUID,1771150080000,187.61,187.62,187.5,187.62,327.296
VVV-USD-PERP.HYPERLIQUID,1771150080000,3.8816,3.884,3.8743,3.8743,4899.0
BERA-USD-PERP.HYPERLIQUID,1771150080000,0.66231,0.66231,0.6623,0.6623,1174.1
BTC-USD-PERP.HYPERLIQUID,1771150080000,70204.0,70216.0,70185.0,70216.0,4.96955
ETH-USD-PERP.HYPERLIQUID,1771150080000,2055.3,2055.3,2052.9,2054.8,856.9585
NEAR-USD-PERP.HYPERLIQUID,1771150080000,1.0714,1.0719,1.0707,1.0719,1625.3
PAXG-USD-PERP.HYPERLIQUID,1771150080000,5035.5,5035.5,5035.5,5035.5,0.002
RSR-USD-PERP.HYPERLIQUID,1771150080000,0.001614,0.001614,0.001614,0.001614,21622.0
XRP-USD-PERP.HYPERLIQUID,1771150080000,1.5739,1.5763,1.5729,1.5763,32909.0
ZEC-USD-PERP.HYPERLIQUID,1771150080000,307.62,308.26,307.62,308.26,9.87
ARB-USD-PERP.HYPERLIQUID,1771150080000,0.11804,0.11812,0.11803,0.11812,6616.8
ASTER-USD-PERP.HYPERLIQUID,1771150080000,0.73029,0.7303,0.73029,0.7303,788.0
BTC-USD-PERP.HYPERLIQUID,1771150080000,70204.0,70216.0,70185.0,70215.0,4.96989
DOGE-USD-PERP.HYPERLIQUID,1771150080000,0.11332,0.11342,0.11327,0.11342,143695.0
ETH-USD-PERP.HYPERLIQUID,1771150080000,2055.3,2055.3,2052.9,2055.2,857.0846
HYPE-USD-PERP.HYPERLIQUID,1771150080000,30.987,31.0,30.969,30.992,471.37
JUP-USD-PERP.HYPERLIQUID,1771150080000,0.16557,0.1656,0.16556,0.16558,18801.0
PUMP-USD-PERP.HYPERLIQUID,1771150080000,0.002277,0.00228,0.002277,0.00228,157916.0
SOL-USD-PERP.HYPERLIQUID,1771150080000,89.379,89.385,89.33,89.384,125.13
SUI-USD-PERP.HYPERLIQUID,1771150080000,1.0128,1.0133,1.0119,1.0133,3631.2
XRP-USD-PERP.HYPERLIQUID,1771150080000,1.5739,1.5763,1.5729,1.5762,32955.0
ZEC-USD-PERP.HYPERLIQUID,1771150080000,307.62,308.26,307.62,308.22,10.17
ZRO-USD-PERP.HYPERLIQUID,1771150080000,1.8637,1.8637,1.863,1.8632,397.7
BNB-USD-PERP.HYPERLIQUID,1771150080000,627.18,627.27,626.94,627.27,3.581
DOGE-USD-PERP.HYPERLIQUID,1771150080000,0.11332,0.11342,0.11327,0.11342,149484.0
HYPE-USD-PERP.HYPERLIQUID,1771150080000,30.987,31.0,30.969,30.994,471.74
JUP-USD-PERP.HYPERLIQUID,1771150080000,0.16557,0.1656,0.16555,0.16555,30435.0
LIT-USD-PERP.HYPERLIQUID,1771150080000,1.7009,1.7018,1.6999,1.7018,847.0
POL-USD-PERP.HYPERLIQUID,1771150080000,0.10912,0.10912,0.10898,0.10898,49270.0
VVV-USD-PERP.HYPERLIQUID,1771150080000,3.8816,3.884,3.8743,3.8795,5000.45
kPEPE-USD-PERP.HYPERLIQUID,1771150080000,0.004637,0.004642,0.004624,0.004642,3540913.0
kSHIB-USD-PERP.HYPERLIQUID,1771150080000,0.006798,0.006798,0.006797,0.006797,14667.0
ALT-USD-PERP.HYPERLIQUID,1771150080000,0.008866,0.008866,0.008866,0.008866,9404.0
JUP-USD-PERP.HYPERLIQUID,1771150080000,0.16557,0.1656,0.16555,0.16555,31188.0
VVV-USD-PERP.HYPERLIQUID,1771150080000,3.8816,3.884,3.8743,3.8766,5009.6
WIF-USD-PERP.HYPERLIQUID,1771150080000,0.24184,0.24192,0.24184,0.24188,2670.0
0G-USD-PERP.HYPERLIQUID,1771150080000,0.68542,0.6855,0.68542,0.6855,1459.0
BTC-USD-PERP.HYPERLIQUID,1771150080000,70204.0,70216.0,70185.0,70212.0,4.9925
ETH-USD-PERP.HYPERLIQUID,1771150080000,2055.3,2055.3,2052.9,2054.9,857.1346
HYPE-USD-PERP.HYPERLIQUID,1771150080000,30.987,31.0,30.969,30.984,472.11
NEAR-USD-PERP.HYPERLIQUID,1771150080000,1.0714,1.0719,1.0707,1.0717,1692.2
TAO-USD-PERP.HYPERLIQUID,1771150080000,187.61,187.66,187.5,187.66,327.656
XMR-USD-PERP.HYPERLIQUID,1771150080000,347.93,347.93,347.89,347.89,4.006
ZEC-USD-PERP.HYPERLIQUID,1771150080000,307.62,308.26,307.62,308.14,10.23
kSHIB-USD-PERP.HYPERLIQUID,1771150080000,0.006798,0.006798,0.006797,0.006797,94195.0
ETH-USD-PERP.HYPERLIQUID,1771150080000,2055.3,2055.3,2052.9,2054.5,1047.5549
WLFI-USD-PERP.HYPERLIQUID,1771150080000,0.1061,0.10617,0.1061,0.10617,3260.0
ETH-USD-PERP.HYPERLIQUID,1771150080000,2055.3,2055.3,2052.9,2054.5,1049.0655
FARTCOIN-USD-PERP.HYPERLIQUID,1771150080000,0.2094,0.20954,0.20926,0.20939,17835.7
HYPE-USD-PERP.HYPERLIQUID,1771150080000,30.987,31.0,30.969,30.981,473.14
PENDLE-USD-PERP.HYPERLIQUID,1771150080000,1.2868,1.2877,1.2864,1.2864,3702.0
STX-USD-PERP.HYPERLIQUID,1771150080000,0.27323,0.27323,0.27323,0.27323,407.6
ZEC-USD-PERP.HYPERLIQUID,1771150080000,307.62,308.26,307.62,308.17,11.67
kPEPE-USD-PERP.HYPERLIQUID,1771150080000,0.004637,0.004642,0.004624,0.00464,3545636.0
BTC-USD-PERP.HYPERLIQUID,1771150080000,70204.0,70216.0,70185.0,70201.0,5.5935
ETH-USD-PERP.HYPERLIQUID,1771150080000,2055.3,2055.3,2052.9,2054.5,1049.0704
HYPE-USD-PERP.HYPERLIQUID,1771150080000,30.987,31.0,30.969,30.977,478.46
ADA-USD-PERP.HYPERLIQUID,1771150080000,0.29307,0.29312,0.29304,0.29304,178.0
AZTEC-USD-PERP.HYPERLIQUID,1771150080000,0.023544,0.023581,0.023544,0.023581,22750.0
ETH-USD-PERP.HYPERLIQUID,1771150080000,2055.3,2055.3,2052.9,2054.4,1099.076
HYPE-USD-PERP.HYPERLIQUID,1771150080000,30.987,31.0,30.969,30.982,479.27
MOODENG-USD-PERP.HYPERLIQUID,1771150080000,0.059453,0.059453,0.059453,0.059453,176.0
NEAR-USD-PERP.HYPERLIQUID,1771150080000,1.0714,1.0719,1.0707,1.0717,1715.5
VVV-USD-PERP.HYPERLIQUID,1771150080000,3.8816,3.8882,3.8743,3.8882,5014.69
AR-USD-PERP.HYPERLIQUID,1771150080000,2.0546,2.0546,2.0546,2.0546,7.42
BTC-USD-PERP.HYPERLIQUID,1771150080000,70204.0,70216.0,70185.0,70206.0,5.59463
PENDLE-USD-PERP.HYPERLIQUID,1771150080000,1.2868,1.2877,1.2864,1.2871,3854.0
TRX-USD-PERP.HYPERLIQUID,1771150080000,0.28081,0.28081,0.28078,0.28078,3117.0
ZEC-USD-PERP.HYPERLIQUID,1771150080000,307.62,308.26,307.62,308.15,14.07
BTC-USD-PERP.HYPERLIQUID,1771150080000,70204.0,70216.0,70185.0,70205.0,5.59629
ETH-USD-PERP.HYPERLIQUID,1771150080000,2055.3,2055.3,2052.9,2054.1,1099.4513
LIT-USD-PERP.HYPERLIQUID,1771150080000,1.7009,1.7018,1.6999,1.7011,853.0
SOL-USD-PERP.HYPERLIQUID,1771150080000,89.379,89.385,89.33,89.347,125.63
SUI-USD-PERP.HYPERLIQUID,1771150080000,1.0128,1.0133,1.0119,1.0125,3735.4
TRX-USD-PERP.HYPERLIQUID,1771150080000,0.28081,0.28081,0.28078,0.28078,3193.0
VVV-USD-PERP.HYPERLIQUID,1771150080000,3.8816,3.9013,3.8743,3.9013,8737.17
ZEC-USD-PERP.HYPERLIQUID,1771150080000,307.62,308.26,307.62,308.08,14.15
CRV-USD-PERP.HYPERLIQUID,1771150080000,0.25829,0.25846,0.25797,0.25829,146251.6
FARTCOIN-USD-PERP.HYPERLIQUID,1771150080000,0.2094,0.20954,0.20925,0.20925,18313.2
FIL-USD-PERP.HYPERLIQUID,1771150080000,0.99536,0.99536,0.99536,0.99536,36.2
GMT-USD-PERP.HYPERLIQUID,1771150080000,0.012842,0.012842,0.01284,0.01284,23882.0
GMX-USD-PERP.HYPERLIQUID,1771150080000,6.6355,6.6355,6.6355,6.6355,4.3
HYPE-USD-PERP.HYPERLIQUID,1771150080000,30.987,31.0,30.969,30.978,479.66
MNT-USD-PERP.HYPERLIQUID,1771150080000,0.66986,0.6708,0.66965,0.6708,1928.5
VVV-USD-PERP.HYPERLIQUID,1771150080000,3.8816,3.9013,3.8743,3.8799,8839.4
ZEC-USD-PERP.HYPERLIQUID,1771150080000,307.62,308.26,307.62,308.07,14.35
BTC-USD-PERP.HYPERLIQUID,1771150080000,70204.0,70216.0,70185.0,70206.0,5.59671
ETH-USD-PERP.HYPERLIQUID,1771150080000,2055.3,2055.3,2052.9,2054.3,1099.48
LINK-USD-PERP.HYPERLIQUID,1771150080000,9.0491,9.0535,9.0473,9.0535,252.0
W-USD-PERP.HYPERLIQUID,1771150080000,0.02091,0.02091,0.02091,0.02091,1583.5
ZEC-USD-PERP.HYPERLIQUID,1771150080000,307.62,308.26,307.62,308.12,14.6
BTC-USD-PERP.HYPERLIQUID,1771150080000,70204.0,70216.0,70185.0,70206.0,5.59785
CELO-USD-PERP.HYPERLIQUID,1771150080000,0.088441,0.088461,0.088441,0.088461,9601.0
HYPE-USD-PERP.HYPERLIQUID,1771150080000,30.987,31.0,30.969,30.985,486.12
VVV-USD-PERP.HYPERLIQUID,1771150080000,3.8816,3.9013,3.8743,3.8805,8939.4
kBONK-USD-PERP.HYPERLIQUID,1771150080000,0.006844,0.006853,0.006844,0.006853,102234.0
BTC-USD-PERP.HYPERLIQUID,1771150080000,70204.0,70216.0,70185.0,70206.0,5.59933
SOL-USD-PERP.HYPERLIQUID,1771150080000,89.379,89.385,89.33,89.361,125.76
ZEC-USD-PERP.HYPERLIQUID,1771150080000,307.62,308.26,307.62,308.11,14.64
kPEPE-USD-PERP.HYPERLIQUID,1771150080000,0.004637,0.004642,0.004624,0.004633,3548305.0
BTC-USD-PERP.HYPERLIQUID,1771150080000,70204.0,70216.0,70185.0,70205.0,5.60526
HEMI-USD-PERP.HYPERLIQUID,1771150080000,0.010407,0.010407,0.010407,0.010407,1685.0
SOL-USD-PERP.HYPERLIQUID,1771150080000,89.379,89.385,89.33,89.368,181.9
VVV-USD-PERP.HYPERLIQUID,1771150080000,3.8816,3.9013,3.8743,3.886,9016.59
kPEPE-USD-PERP.HYPERLIQUID,1771150080000,0.004637,0.004642,0.004624,0.004635,3557188.0
BTC-USD-PERP.HYPERLIQUID,1771150080000,70204.0,70216.0,70185.0,70203.0,5.60771
HYPE-USD-PERP.HYPERLIQUID,1771150080000,30.987,31.0,30.969,30.992,487.05
SAGA-USD-PERP.HYPERLIQUID,1771150080000,0.03314,0.03314,0.03314,0.03314,599.7
SUI-USD-PERP.HYPERLIQUID,1771150080000,1.0128,1.0133,1.0119,1.0126,3839.6
VVV-USD-PERP.HYPERLIQUID,1771150080000,3.8816,3.9013,3.8743,3.886,9939.4
ACE-USD-PERP.HYPERLIQUID,1771150080000,0.1808,0.1808,0.1801,0.1801,258.42
SUI-USD-PERP.HYPERLIQUID,1771150080000,1.0128,1.0133,1.0119,1.0126,3864.3
ZEC-USD-PERP.HYPERLIQUID,1771150080000,307.62,308.26,307.62,308.1,15.91
kSHIB-USD-PERP.HYPERLIQUID,1771150080000,0.006798,0.006798,0.006797,0.006797,113476.0
BTC-USD-PERP.HYPERLIQUID,1771150080000,70204.0,70216.0,70185.0,70202.0,5.60788
DOGE-USD-PERP.HYPERLIQUID,1771150080000,0.11332,0.11342,0.11327,0.11338,149617.0
CRV-USD-PERP.HYPERLIQUID,1771150080000,0.25829,0.25846,0.25797,0.25839,146319.0
ETH-USD-PERP.HYPERLIQUID,1771150080000,2055.3,2055.3,2052.9,2054.8,1100.9246
ICP-USD-PERP.HYPERLIQUID,1771150080000,2.4908,2.4931,2.4908,2.4931,586.0
MNT-USD-PERP.HYPERLIQUID,1771150080000,0.66986,0.6708,0.66965,0.6708,1948.2
NEAR-USD-PERP.HYPERLIQUID,1771150080000,1.0714,1.0719,1.0707,1.0717,2169.5
RENDER-USD-PERP.HYPERLIQUID,1771150080000,1.4711,1.4711,1.4711,1.4711,632.4
UNI-USD-PERP.HYPERLIQUID,1771150080000,3.565,3.5662,3.565,3.5662,71.1
ADA-USD-PERP.HYPERLIQUID,1771150080000,0.29307,0.29312,0.29304,0.29305,523.0
ENS-USD-PERP.HYPERLIQUID,1771150080000,6.8642,6.8642,6.8642,6.8642,3.89
ETH-USD-PERP.HYPERLIQUID,1771150080000,2055.3,2055.3,2052.9,2054.9,1100.9598
AAVE-USD-PERP.HYPERLIQUID,1771150080000,128.52,128.55,128.52,128.55,1.53
ASTER-USD-PERP.HYPERLIQUID,1771150080000,0.73029,0.73048,0.73029,0.73048,804.0
BCH-USD-PERP.HYPERLIQUID,1771150080000,558.7,558.75,558.62,558.75,1.279
SOL-USD-PERP.HYPERLIQUID,1771150080000,89.379,89.385,89.33,89.377,361.65
UNI-USD-PERP.HYPERLIQUID,1771150080000,3.565,3.5662,3.565,3.5662,197.6
WLD-USD-PERP.HYPERLIQUID,1771150080000,0.42119,0.42123,0.4209,0.42123,2664.1
BTC-USD-PERP.HYPERLIQUID,1771150080000,70204.0,70216.0,70185.0,70208.0,5.62783
ETH-USD-PERP.HYPERLIQUID,1771150080000,2055.3,2055.3,2052.9,2055.0,1100.9671
HYPE-USD-PERP.HYPERLIQUID,1771150080000,30.987,31.0,30.969,30.997,487.44
STRK-USD-PERP.HYPERLIQUID,1771150080000,0.05051,0.05051,0.05051,0.05051,967.3
STX-USD-PERP.HYPERLIQUID,1771150080000,0.27323,0.27325,0.27323,0.27325,448.1
TAO-USD-PERP.HYPERLIQUID,1771150080000,187.61,187.66,187.5,187.57,327.743
UNI-USD-PERP.HYPERLIQUID,1771150080000,3.565,3.5667,3.565,3.5667,324.6
BLUR-USD-PERP.HYPERLIQUID,1771150080000,0.022063,0.022063,0.022062,0.022062,2475.0
BTC-USD-PERP.HYPERLIQUID,1771150080000,70204.0,70216.0,70185.0,70209.0,5.62858
DOGE-USD-PERP.HYPERLIQUID,1771150080000,0.11332,0.11342,0.11327,0.11339,156856.0
FARTCOIN-USD-PERP.HYPERLIQUID,1771150080000,0.2094,0.20954,0.20925,0.20946,18867.1
LIT-USD-PERP.HYPERLIQUID,1771150080000,1.7009,1.702,1.6999,1.702,871.0
POL-USD-PERP.HYPERLIQUID,1771150080000,0.10912,0.10912,0.10898,0.10899,49728.0
ARB-USD-PERP.HYPERLIQUID,1771150080000,0.11804,0.11813,0.11803,0.11813,7685.4
BTC-USD-PERP.HYPERLIQUID,1771150080000,70204.0,70216.0,70185.0,70211.0,5.62971
INJ-USD-PERP.HYPERLIQUID,1771150080000,3.2222,3.2222,3.2222,3.2222,138.4
kPEPE-USD-PERP.HYPERLIQUID,1771150080000,0.004637,0.004642,0.004624,0.004642,12176020.0
BTC-USD-PERP.HYPERLIQUID,1771150080000,70204.0,70216.0,70185.0,70211.0,5.63084
ETH-USD-PERP.HYPERLIQUID,1771150080000,2055.3,2055.6,2052.9,2055.6,1101.18
IP-USD-PERP.HYPERLIQUID,1771150080000,1.1613,1.1635,1.1613,1.1635,552.2
NIL-USD-PERP.HYPERLIQUID,1771150080000,0.054529,0.054529,0.054529,0.054529,289.0
SKY-USD-PERP.HYPERLIQUID,1771150080000,0.067262,0.067267,0.067262,0.067267,8489.0
SOL-USD-PERP.HYPERLIQUID,1771150080000,89.379,89.385,89.33,89.383,548.46
ZEC-USD-PERP.HYPERLIQUID,1771150080000,307.62,308.26,307.62,308.21,17.68
AVAX-USD-PERP.HYPERLIQUID,1771150080000,9.54,9.5411,9.5369,9.5411,75.28
ETH-USD-PERP.HYPERLIQUID,1771150080000,2055.3,2055.6,2052.9,2055.6,1101.325
HYPE-USD-PERP.HYPERLIQUID,1771150080000,30.987,31.0,30.969,30.982,1987.44
INJ-USD-PERP.HYPERLIQUID,1771150080000,3.2222,3.2222,3.2222,3.2222,154.4
IP-USD-PERP.HYPERLIQUID,1771150080000,1.1613,1.1636,1.1613,1.1636,852.2
SOL-USD-PERP.HYPERLIQUID,1771150080000,89.379,89.385,89.33,89.385,580.97
XRP-USD-PERP.HYPERLIQUID,1771150080000,1.5739,1.5773,1.5729,1.5773,37553.0
BCH-USD-PERP.HYPERLIQUID,1771150080000,558.7,559.03,558.62,559.03,1.726
BERA-USD-PERP.HYPERLIQUID,1771150080000,0.66231,0.66231,0.66229,0.66229,2330.3
BTC-USD-PERP.HYPERLIQUID,1771150080000,70204.0,70216.0,70185.0,70213.0,5.63197
ENA-USD-PERP.HYPERLIQUID,1771150080000,0.1263,0.12639,0.12629,0.12639,3029.0
ETH-USD-PERP.HYPERLIQUID,1771150080000,2055.3,2055.7,2052.9,2055.7,1101.3301
HYPE-USD-PERP.HYPERLIQUID,1771150080000,30.987,31.0,30.969,30.995,1987.81
MNT-USD-PERP.HYPERLIQUID,1771150080000,0.66986,0.6708,0.66965,0.66978,3280.7
XRP-USD-PERP.HYPERLIQUID,1771150080000,1.5739,1.5775,1.5729,1.5775,37670.0
kPEPE-USD-PERP.HYPERLIQUID,1771150080000,0.004637,0.004642,0.004624,0.004637,12189186.0
AXS-USD-PERP.HYPERLIQUID,1771150080000,1.4218,1.4246,1.4218,1.4246,68.7
CELO-USD-PERP.HYPERLIQUID,1771150080000,0.088441,0.088529,0.088441,0.088529,9777.0
ETH-USD-PERP.HYPERLIQUID,1771150080000,2055.3,2055.7,2052.9,2055.7,1101.335
ONDO-USD-PERP.HYPERLIQUID,1771150080000,0.28536,0.28542,0.28534,0.28542,393.0
BTC-USD-PERP.HYPERLIQUID,1771150080000,70204.0,70217.0,70185.0,70216.0,5.65244
ETH-USD-PERP.HYPERLIQUID,1771150080000,2055.3,2056.0,2052.9,2056.0,1101.436
HYPE-USD-PERP.HYPERLIQUID,1771150080000,30.987,31.0,30.969,30.991,1988.69
NEAR-USD-PERP.HYPERLIQUID,1771150080000,1.0714,1.0719,1.0707,1.0719,2606.1
ZEC-USD-PERP.HYPERLIQUID,1771150080000,307.62,308.26,307.62,308.21,17.72
HYPE-USD-PERP.HYPERLIQUID,1771150080000,30.987,31.003,30.969,31.003,2144.52
NEAR-USD-PERP.HYPERLIQUID,1771150080000,1.0714,1.0719,1.0707,1.0719,2642.7
UNI-USD-PERP.HYPERLIQUID,1771150080000,3.565,3.5671,3.565,3.5671,360.2
ZEC-USD-PERP.HYPERLIQUID,1771150080000,307.62,308.26,307.62,308.21,17.84
kPEPE-USD-PERP.HYPERLIQUID,1771150080000,0.004637,0.004642,0.004624,0.004637,12393601.0
BTC-USD-PERP.HYPERLIQUID,1771150080000,70204.0,70219.0,70185.0,70219.0,5.65357
CELO-USD-PERP.HYPERLIQUID,1771150080000,0.088441,0.088529,0.088441,0.088529,14601.0
DASH-USD-PERP.HYPERLIQUID,1771150080000,39.742,39.742,39.742,39.742,0.63
ETH-USD-PERP.HYPERLIQUID,1771150080000,2055.3,2056.1,2052.9,2056.1,1101.581
FET-USD-PERP.HYPERLIQUID,1771150080000,0.17734,0.17736,0.17708,0.17736,4247.0
HYPE-USD-PERP.HYPERLIQUID,1771150080000,30.987,31.008,30.969,31.008,2394.52
ZEC-USD-PERP.HYPERLIQUID,1771150080000,307.62,308.26,307.62,308.26,18.42
BNB-USD-PERP.HYPERLIQUID,1771150080000,627.18,627.3,626.94,627.3,4.392
BTC-USD-PERP.HYPERLIQUID,1771150080000,70204.0,70230.0,70185.0,70230.0,5.83402
ETH-USD-PERP.HYPERLIQUID,1771150080000,2055.3,2056.2,2052.9,2056.2,1101.631
W-USD-PERP.HYPERLIQUID,1771150080000,0.02091,0.02091,0.02091,0.02091,2358.0
ZEC-USD-PERP.HYPERLIQUID,1771150080000,307.62,308.28,307.62,308.28,23.5
kPEPE-USD-PERP.HYPERLIQUID,1771150080000,0.004637,0.004642,0.004624,0.00464,13335214.0
BTC-USD-PERP.HYPERLIQUID,1771150080000,70204.0,70230.0,70185.0,70230.0,5.8682
ENA-USD-PERP.HYPERLIQUID,1771150080000,0.1263,0.12645,0.12629,0.12645,9624.0
SUI-USD-PERP.HYPERLIQUID,1771150080000,1.0128,1.0133,1.0119,1.0129,3876.3
TRX-USD-PERP.HYPERLIQUID,1771150080000,0.28081,0.28081,0.28078,0.28078,3477.0
ZEC-USD-PERP.HYPERLIQUID,1771150080000,307.62,308.34,307.62,308.34,23.54
ME-USD-PERP.HYPERLIQUID,1771150080000,0.14836,0.14836,0.14836,0.14836,1011.5
MNT-USD-PERP.HYPERLIQUID,1771150080000,0.66986,0.67081,0.66965,0.67081,3410.5
NEAR-USD-PERP.HYPERLIQUID,1771150080000,1.0714,1.0722,1.0707,1.0722,2679.4
PENGU-USD-PERP.HYPERLIQUID,1771150080000,0.007505,0.007509,0.007501,0.007509,189151.0
SOL-USD-PERP.HYPERLIQUID,1771150080000,89.379,89.396,89.33,89.396,582.87
WIF-USD-PERP.HYPERLIQUID,1771150080000,0.24184,0.24192,0.24165,0.24165,2716.0
AAVE-USD-PERP.HYPERLIQUID,1771150080000,128.52,128.62,128.52,128.62,17.83
DOGE-USD-PERP.HYPERLIQUID,1771150080000,0.11332,0.11342,0.11327,0.11337,156966.0
ETH-USD-PERP.HYPERLIQUID,1771150080000,2055.3,2056.2,2052.9,2056.1,1101.6429
HYPE-USD-PERP.HYPERLIQUID,1771150080000,30.987,31.008,30.969,31.0,2394.91
PUMP-USD-PERP.HYPERLIQUID,1771150080000,0.002277,0.00228,0.002277,0.002279,220098.0
XRP-USD-PERP.HYPERLIQUID,1771150080000,1.5739,1.5775,1.5729,1.5772,41073.0
BTC-USD-PERP.HYPERLIQUID,1771150080000,70204.0,70230.0,70185.0,70229.0,5.8707
LIT-USD-PERP.HYPERLIQUID,1771150080000,1.7009,1.702,1.6999,1.7018,882.0
NEAR-USD-PERP.HYPERLIQUID,1771150080000,1.0714,1.0722,1.0707,1.0722,2749.5
SUI-USD-PERP.HYPERLIQUID,1771150080000,1.0128,1.0133,1.0119,1.0128,3992.5
ZEC-USD-PERP.HYPERLIQUID,1771150080000,307.62,308.34,307.62,308.31,25.61
AZTEC-USD-PERP.HYPERLIQUID,1771150080000,0.023544,0.023581,0.023544,0.023575,23260.0
BERA-USD-PERP.HYPERLIQUID,1771150080000,0.66231,0.66231,0.66206,0.66206,3597.2
BTC-USD-PERP.HYPERLIQUID,1771150080000,70204.0,70230.0,70185.0,70230.0,5.8862
ETH-USD-PERP.HYPERLIQUID,1771150080000,2055.3,2056.2,2052.9,2055.9,1101.7857
FARTCOIN-USD-PERP.HYPERLIQUID,1771150080000,0.2094,0.20954,0.20925,0.20942,18949.7
HYPE-USD-PERP.HYPERLIQUID,1771150080000,30.987,31.008,30.969,31.0,2401.37
PYTH-USD-PERP.HYPERLIQUID,1771150080000,0.056607,0.056607,0.056607,0.056607,1325.0
SUI-USD-PERP.HYPERLIQUID,1771150080000,1.0128,1.0133,1.0119,1.0128,5980.5
VVV-USD-PERP.HYPERLIQUID,1771150080000,3.8816,3.9013,3.8743,3.8934,10350.99
WIF-USD-PERP.HYPERLIQUID,1771150080000,0.24184,0.24192,0.241,0.241,2824.0
ZEC-USD-PERP.HYPERLIQUID,1771150080000,307.62,308.34,307.62,308.16,27.33
kPEPE-USD-PERP.HYPERLIQUID,1771150080000,0.004637,0.004642,0.004624,0.004632,13712493.0
BERA-USD-PERP.HYPERLIQUID,1771150080000,0.66231,0.66231,0.66202,0.66202,4050.4
FTT-USD-PERP.HYPERLIQUID,1771150080000,0.35554,0.35554,0.35554,0.35554,500.0
ME-USD-PERP.HYPERLIQUID,1771150080000,0.14836,0.14836,0.14825,0.14825,5649.0
SYRUP-USD-PERP.HYPERLIQUID,1771150080000,0.27426,0.27426,0.27426,0.27426,60.0
BERA-USD-PERP.HYPERLIQUID,1771150080000,0.66231,0.66231,0.66201,0.66201,4503.7
BTC-USD-PERP.HYPERLIQUID,1771150080000,70204.0,70230.0,70185.0,70229.0,5.88764
DOGE-USD-PERP.HYPERLIQUID,1771150080000,0.11332,0.11342,0.11327,0.11335,176966.0
DYDX-USD-PERP.HYPERLIQUID,1771150080000,0.11105,0.11105,0.11092,0.11104,2124.2
ENA-USD-PERP.HYPERLIQUID,1771150080000,0.1263,0.12645,0.12629,0.12634,10624.0
ETH-USD-PERP.HYPERLIQUID,1771150080000,2055.3,2056.2,2052.9,2055.6,1108.9421
LTC-USD-PERP.HYPERLIQUID,1771150080000,55.825,55.825,55.797,55.814,7.65
MELANIA-USD-PERP.HYPERLIQUID,1771150080000,0.12359,0.12359,0.12354,0.12354,7141.3
SUI-USD-PERP.HYPERLIQUID,1771150080000,1.0128,1.0133,1.0119,1.0127,6227.3
WIF-USD-PERP.HYPERLIQUID,1771150080000,0.24184,0.24192,0.24075,0.24075,2870.0
XRP-USD-PERP.HYPERLIQUID,1771150080000,1.5739,1.5775,1.5729,1.5765,41715.0
ZEC-USD-PERP.HYPERLIQUID,1771150080000,307.62,308.34,307.62,308.16,27.41
ZRO-USD-PERP.HYPERLIQUID,1771150080000,1.8637,1.8637,1.8626,1.8626,566.3
BERA-USD-PERP.HYPERLIQUID,1771150080000,0.66231,0.66231,0.66198,0.66198,4956.9
BTC-USD-PERP.HYPERLIQUID,1771150080000,70204.0,70230.0,70185.0,70229.0,5.90926
DOGE-USD-PERP.HYPERLIQUID,1771150080000,0.11332,0.11342,0.11327,0.1133,177466.0
ETH-USD-PERP.HYPERLIQUID,1771150080000,2055.3,2056.2,2052.9,2055.3,1109.0021
GRASS-USD-PERP.HYPERLIQUID,1771150080000,0.21983,0.21983,0.21952,0.21952,5865.2
SUI-USD-PERP.HYPERLIQUID,1771150080000,1.0128,1.0133,1.0119,1.0127,7093.8
TIA-USD-PERP.HYPERLIQUID,1771150080000,0.35166,0.35166,0.35166,0.35166,52.7
ZEC-USD-PERP.HYPERLIQUID,1771150080000,307.62,308.34,307.62,308.08,27.49
AERO-USD-PERP.HYPERLIQUID,1771150080000,0.32808,0.32808,0.32794,0.32794,4048.0
COMP-USD-PERP.HYPERLIQUID,1771150080000,22.949,22.949,22.913,22.926,96.77
DYDX-USD-PERP.HYPERLIQUID,1771150080000,0.11105,0.11105,0.11092,0.11105,2224.2
ETH-USD-PERP.HYPERLIQUID,1771150080000,2055.3,2056.2,2052.9,2055.2,1109.0621
HYPE-USD-PERP.HYPERLIQUID,1771150080000,30.987,31.008,30.969,30.997,2401.76
PNUT-USD-PERP.HYPERLIQUID,1771150080000,0.0523,0.0523,0.05228,0.05228,11666.1
SUI-USD-PERP.HYPERLIQUID,1771150080000,1.0128,1.0133,1.0119,1.0127,7972.3
TNSR-USD-PERP.HYPERLIQUID,1771150080000,0.05389,0.05389,0.05389,0.05389,4178.5
ZEC-USD-PERP.HYPERLIQUID,1771150080000,307.62,308.34,307.62,308.05,27.64
ZRO-USD-PERP.HYPERLIQUID,1771150080000,1.8637,1.8637,1.8626,1.8626,597.7
ADA-USD-PERP.HYPERLIQUID,1771150080000,0.29307,0.29312,0.29295,0.29295,565.0
AERO-USD-PERP.HYPERLIQUID,1771150080000,0.32808,0.32808,0.32787,0.32787,5574.0
AVAX-USD-PERP.HYPERLIQUID,1771150080000,9.54,9.5411,9.5369,9.5385,95.19
BTC-USD-PERP.HYPERLIQUID,1771150080000,70204.0,70230.0,70185.0,70220.0,5.96234
DOGE-USD-PERP.HYPERLIQUID,1771150080000,0.11332,0.11342,0.11327,0.11332,181876.0
ETH-USD-PERP.HYPERLIQUID,1771150080000,2055.3,2056.2,2052.9,2055.0,1109.0742
FARTCOIN-USD-PERP.HYPERLIQUID,1771150080000,0.2094,0.20954,0.20925,0.20929,20282.0
PENGU-USD-PERP.HYPERLIQUID,1771150080000,0.007505,0.007509,0.007501,0.007504,224052.0
SUI-USD-PERP.HYPERLIQUID,1771150080000,1.0128,1.0133,1.0119,1.0126,9809.5
WIF-USD-PERP.HYPERLIQUID,1771150080000,0.24184,0.24192,0.2406,0.2406,7660.0
ZEC-USD-PERP.HYPERLIQUID,1771150080000,307.62,308.34,307.62,307.98,27.68
kPEPE-USD-PERP.HYPERLIQUID,1771150080000,0.004637,0.004642,0.004624,0.004632,13719487.0
BERA-USD-PERP.HYPERLIQUID,1771150080000,0.66231,0.66231,0.66198,0.66198,5097.2
BTC-USD-PERP.HYPERLIQUID,1771150080000,70204.0,70230.0,70185.0,70219.0,5.96347
DYDX-USD-PERP.HYPERLIQUID,1771150080000,0.11105,0.11105,0.11092,0.11104,2850.3
FARTCOIN-USD-PERP.HYPERLIQUID,1771150080000,0.2094,0.20954,0.20925,0.20929,20885.3
FET-USD-PERP.HYPERLIQUID,1771150080000,0.17734,0.17736,0.17708,0.17735,4364.0
GRIFFAIN-USD-PERP.HYPERLIQUID,1771150080000,0.010281,0.010281,0.010281,0.010281,2380.0
IMX-USD-PERP.HYPERLIQUID,1771150080000,0.17286,0.17286,0.17286,0.17286,66.2
PENGU-USD-PERP.HYPERLIQUID,1771150080000,0.007505,0.007509,0.007501,0.007504,289151.0
SOL-USD-PERP.HYPERLIQUID,1771150080000,89.379,89.396,89.33,89.348,654.19
SUI-USD-PERP.HYPERLIQUID,1771150080000,1.0128,1.0133,1.0119,1.0125,10935.3
WLFI-USD-PERP.HYPERLIQUID,1771150080000,0.1061,0.1062,0.1061,0.10619,8750.0
XPL-USD-PERP.HYPERLIQUID,1771150080000,0.10046,0.10051,0.10046,0.10051,8892.0
ZEC-USD-PERP.HYPERLIQUID,1771150080000,307.62,308.34,307.62,307.98,27.72
kBONK-USD-PERP.HYPERLIQUID,1771150080000,0.006844,0.006853,0.006844,0.00685,202234.0
BNB-USD-PERP.HYPERLIQUID,1771150080000,627.18,627.34,626.94,627.11,5.972
BTC-USD-PERP.HYPERLIQUID,1771150080000,70204.0,70230.0,70185.0,70219.0,6.04133
DYDX-USD-PERP.HYPERLIQUID,1771150080000,0.11105,0.11106,0.11092,0.11106,3097.3
HYPE-USD-PERP.HYPERLIQUID,1771150080000,30.987,31.008,30.969,30.993,2408.22
MERL-USD-PERP.HYPERLIQUID,1771150080000,0.064079,0.064079,0.063902,0.063902,1451.0
TRX-USD-PERP.HYPERLIQUID,1771150080000,0.28081,0.28081,0.28078,0.28078,4027.0
VVV-USD-PERP.HYPERLIQUID,1771150080000,3.8816,3.9013,3.8743,3.8926,10648.62
WLFI-USD-PERP.HYPERLIQUID,1771150080000,0.1061,0.1062,0.1061,0.10619,13460.0
EIGEN-USD-PERP.HYPERLIQUID,1771150080000,0.2132,0.2132,0.2132,0.2132,84.23
ETH-USD-PERP.HYPERLIQUID,1771150080000,2055.3,2056.2,2052.9,2055.2,1109.0802
LIT-USD-PERP.HYPERLIQUID,1771150080000,1.7009,1.702,1.6999,1.7007,1350.0
MINA-USD-PERP.HYPERLIQUID,1771150080000,0.067832,0.067832,0.067832,0.067832,359.0
SUI-USD-PERP.HYPERLIQUID,1771150080000,1.0128,1.0133,1.0119,1.0123,10947.3
kPEPE-USD-PERP.HYPERLIQUID,1771150080000,0.004637,0.004642,0.004624,0.004633,13935384.0
ARB-USD-PERP.HYPERLIQUID,1771150080000,0.11804,0.11813,0.11803,0.11809,7835.8
BTC-USD-PERP.HYPERLIQUID,1771150080000,70204.0,70230.0,70185.0,70219.0,6.35561
ETH-USD-PERP.HYPERLIQUID,1771150080000,2055.3,2056.2,2052.9,2055.2,1202.5112
PAXG-USD-PERP.HYPERLIQUID,1771150080000,5035.5,5036.1,5035.5,5036.1,0.067
SUI-USD-PERP.HYPERLIQUID,1771150080000,1.0128,1.0133,1.0119,1.0123,11051.5
ZRO-USD-PERP.HYPERLIQUID,1771150080000,1.8637,1.8637,1.8605,1.8605,2329.2
kPEPE-USD-PERP.HYPERLIQUID,1771150080000,0.004637,0.004642,0.004624,0.004633,14151278.0
AVAX-USD-PERP.HYPERLIQUID,1771150080000,9.54,9.5411,9.5366,9.5366,106.07
BTC-USD-PERP.HYPERLIQUID,1771150080000,70204.0,70230.0,70185.0,70220.0,6.35636
FARTCOIN-USD-PERP.HYPERLIQUID,1771150080000,0.2094,0.20954,0.20925,0.2095,29424.6
LIT-USD-PERP.HYPERLIQUID,1771150080000,1.7009,1.702,1.6999,1.7004,1985.0
ZRO-USD-PERP.HYPERLIQUID,1771150080000,1.8637,1.8637,1.8605,1.8615,3572.8
ENA-USD-PERP.HYPERLIQUID,1771150080000,0.1263,0.12645,0.12629,0.12635,11700.0
ETH-USD-PERP.HYPERLIQUID,1771150080000,2055.3,2056.2,2052.9,2055.7,1202.9975
FOGO-USD-PERP.HYPERLIQUID,1771150080000,0.0228,0.0228,0.0228,0.0228,652.0
HYPE-USD-PERP.HYPERLIQUID,1771150080000,30.987,31.008,30.969,30.993,2408.59
LTC-USD-PERP.HYPERLIQUID,1771150080000,55.825,55.825,55.797,55.806,7.89
ME-USD-PERP.HYPERLIQUID,1771150080000,0.14836,0.14836,0.14816,0.14816,5915.4
SOL-USD-PERP.HYPERLIQUID,1771150080000,89.379,89.396,89.33,89.37,654.54
ZRO-USD-PERP.HYPERLIQUID,1771150080000,1.8637,1.8637,1.8605,1.8618,3659.2
kFLOKI-USD-PERP.HYPERLIQUID,1771150080000,0.03356,0.03356,0.03356,0.03356,499.0
kPEPE-USD-PERP.HYPERLIQUID,1771150080000,0.004637,0.004642,0.004624,0.004637,14701342.0
ETH-USD-PERP.HYPERLIQUID,1771150080000,2055.3,2056.2,2052.9,2055.8,1203.3747
BERA-USD-PERP.HYPERLIQUID,1771150080000,0.66231,0.66231,0.66129,0.66129,5170.8
ETH-USD-PERP.HYPERLIQUID,1771150080000,2055.3,2056.2,2052.9,2055.7,1203.3816
HYPE-USD-PERP.HYPERLIQUID,1771150080000,30.987,31.008,30.969,31.0,2415.05
PENGU-USD-PERP.HYPERLIQUID,1771150080000,0.007505,0.007509,0.007501,0.007504,369279.0
SOL-USD-PERP.HYPERLIQUID,1771150080000,89.379,89.396,89.33,89.378,654.74
SUI-USD-PERP.HYPERLIQUID,1771150080000,1.0128,1.0133,1.0119,1.0126,11063.5
ZEC-USD-PERP.HYPERLIQUID,1771150080000,307.62,308.34,307.62,307.91,29.46
kBONK-USD-PERP.HYPERLIQUID,1771150080000,0.006844,0.006853,0.006844,0.006849,302234.0
BSV-USD-PERP.HYPERLIQUID,1771150080000,17.618,17.618,17.618,17.618,0.98
NEAR-USD-PERP.HYPERLIQUID,1771150080000,1.0714,1.0722,1.0707,1.0722,2785.4
S-USD-PERP.HYPERLIQUID,1771150080000,0.049554,0.049554,0.049476,0.049476,11778.0
XMR-USD-PERP.HYPERLIQUID,1771150080000,347.93,347.93,347.89,347.93,4.868
BTC-USD-PERP.HYPERLIQUID,1771150080000,70204.0,70230.0,70185.0,70222.0,6.35695
XMR-USD-PERP.HYPERLIQUID,1771150080000,347.93,347.93,347.89,347.93,5.73
ZEC-USD-PERP.HYPERLIQUID,1771150080000,307.62,308.34,307.62,307.94,29.51
AZTEC-USD-PERP.HYPERLIQUID,1771150080000,0.023544,0.023624,0.023544,0.023624,28686.0
HYPE-USD-PERP.HYPERLIQUID,1771150080000,30.987,31.008,30.969,30.998,2415.43
XMR-USD-PERP.HYPERLIQUID,1771150080000,347.93,347.93,347.89,347.93,6.592
kPEPE-USD-PERP.HYPERLIQUID,1771150080000,0.004637,0.004642,0.004624,0.004636,14708099.0
APE-USD-PERP.HYPERLIQUID,1771150080000,0.1348,0.1348,0.1348,0.1348,190.7
AZTEC-USD-PERP.HYPERLIQUID,1771150080000,0.023544,0.023624,0.023544,0.023624,43260.0
COMP-USD-PERP.HYPERLIQUID,1771150080000,22.949,22.962,22.913,22.962,97.93
MOODENG-USD-PERP.HYPERLIQUID,1771150080000,0.059453,0.059453,0.059344,0.059344,513.0
SOL-USD-PERP.HYPERLIQUID,1771150080000,89.379,89.396,89.33,89.378,654.86
ZORA-USD-PERP.HYPERLIQUID,1771150080000,0.021712,0.021712,0.021709,0.021709,11026.0
BTC-USD-PERP.HYPERLIQUID,1771150080000,70204.0,70230.0,70185.0,70222.0,6.36023
VVV-USD-PERP.HYPERLIQUID,1771150080000,3.8816,3.9013,3.8743,3.8851,10725.84
XMR-USD-PERP.HYPERLIQUID,1771150080000,347.93,347.93,347.89,347.93,7.006
ZEC-USD-PERP.HYPERLIQUID,1771150080000,307.62,308.34,307.62,307.93,32.51
AVAX-USD-PERP.HYPERLIQUID,1771150080000,9.54,9.5411,9.5366,9.5378,178.06
BABY-USD-PERP.HYPERLIQUID,1771150080000,0.013912,0.013912,0.013912,0.013912,1336.0
BTC-USD-PERP.HYPERLIQUID,1771150080000,70204.0,70230.0,70185.0,70222.0,6.36873
FTT-USD-PERP.HYPERLIQUID,1771150080000,0.35554,0.3576,0.35554,0.3576,1000.0
SUI-USD-PERP.HYPERLIQUID,1771150080000,1.0128,1.0133,1.0119,1.0125,11075.5
VVV-USD-PERP.HYPERLIQUID,1771150080000,3.8816,3.9013,3.8743,3.8918,10730.46
XRP-USD-PERP.HYPERLIQUID,1771150080000,1.5739,1.5775,1.5729,1.5767,41729.0
ZEC-USD-PERP.HYPERLIQUID,1771150080000,307.62,308.34,307.62,307.92,35.51
BSV-USD-PERP.HYPERLIQUID,1771150080000,17.618,17.618,17.605,17.605,8.29
ETH-USD-PERP.HYPERLIQUID,1771150080000,2055.3,2056.2,2052.9,2055.7,1203.3971
GALA-USD-PERP.HYPERLIQUID,1771150080000,0.004266,0.00427,0.004266,0.00427,12189.0
HYPE-USD-PERP.HYPERLIQUID,1771150080000,30.987,31.008,30.969,31.007,2417.46
PUMP-USD-PERP.HYPERLIQUID,1771150080000,0.002277,0.00228,0.002277,0.002279,236021.0
BERA-USD-PERP.HYPERLIQUID,1771150080000,0.66231,0.66231,0.66129,0.6613,5472.7
BTC-USD-PERP.HYPERLIQUID,1771150080000,70204.0,70230.0,70185.0,70227.0,6.37657
XRP-USD-PERP.HYPERLIQUID,1771150080000,1.5739,1.5775,1.5729,1.577,42165.0
ZRO-USD-PERP.HYPERLIQUID,1771150080000,1.8637,1.8637,1.8605,1.862,3715.2
ZEC-USD-PERP.HYPERLIQUID,1771150080000,307.62,308.34,307.62,307.92,37.98
BTC-USD-PERP.HYPERLIQUID,1771150080000,70204.0,70230.0,70185.0,70227.0,6.37732
HYPE-USD-PERP.HYPERLIQUID,1771150080000,30.987,31.008,30.969,31.002,2417.85
KAITO-USD-PERP.HYPERLIQUID,1771150080000,0.32463,0.32463,0.32463,0.32463,55.0
NEAR-USD-PERP.HYPERLIQUID,1771150080000,1.0714,1.0722,1.0707,1.0722,2801.2
WLFI-USD-PERP.HYPERLIQUID,1771150080000,0.1061,0.10622,0.1061,0.10622,13464.0
ZEC-USD-PERP.HYPERLIQUID,1771150080000,307.62,308.34,307.62,307.96,38.88
BTC-USD-PERP.HYPERLIQUID,1771150080000,70204.0,70230.0,70185.0,70227.0,6.38285
FARTCOIN-USD-PERP.HYPERLIQUID,1771150080000,0.2094,0.20954,0.20925,0.20943,29507.2
MERL-USD-PERP.HYPERLIQUID,1771150080000,0.064079,0.064079,0.063895,0.063895,1961.0
TRX-USD-PERP.HYPERLIQUID,1771150080000,0.28081,0.28081,0.28078,0.28078,4874.0
BCH-USD-PERP.HYPERLIQUID,1771150080000,558.7,559.03,558.62,558.91,2.114
CRV-USD-PERP.HYPERLIQUID,1771150080000,0.25829,0.25846,0.25797,0.25827,146365.5
VVV-USD-PERP.HYPERLIQUID,1771150080000,3.8816,3.9013,3.8743,3.8888,11485.59
ZEC-USD-PERP.HYPERLIQUID,1771150080000,307.62,308.34,307.62,308.0,38.92
PAXG-USD-PERP.HYPERLIQUID,1771150080000,5035.5,5036.2,5035.5,5036.2,0.069
XRP-USD-PERP.HYPERLIQUID,1771150080000,1.5739,1.5775,1.5729,1.5772,42172.0
ZEC-USD-PERP.HYPERLIQUID,1771150080000,307.62,308.34,307.62,308.02,39.0
HYPE-USD-PERP.HYPERLIQUID,1771150080000,30.987,31.008,30.969,31.008,2472.34
TRX-USD-PERP.HYPERLIQUID,1771150080000,0.28081,0.28081,0.28078,0.28078,11304.0
ZEC-USD-PERP.HYPERLIQUID,1771150080000,307.62,308.34,307.62,308.06,42.0
AAVE-USD-PERP.HYPERLIQUID,1771150080000,128.52,128.62,128.52,128.62,20.27
ADA-USD-PERP.HYPERLIQUID,1771150080000,0.29307,0.29312,0.29295,0.29304,1207.0
HYPE-USD-PERP.HYPERLIQUID,1771150080000,30.987,31.015,30.969,31.015,2472.71
AVNT-USD-PERP.HYPERLIQUID,1771150080000,0.20702,0.20702,0.20702,0.20702,170.0
MET-USD-PERP.HYPERLIQUID,1771150080000,0.22944,0.22944,0.22944,0.22944,135.0
ETH-USD-PERP.HYPERLIQUID,1771150080000,2055.3,2056.2,2052.9,2056.1,1203.4044
HYPE-USD-PERP.HYPERLIQUID,1771150080000,30.987,31.016,30.969,31.016,2473.08
INJ-USD-PERP.HYPERLIQUID,1771150080000,3.2222,3.2222,3.2208,3.2208,234.2
MON-USD-PERP.HYPERLIQUID,1771150080000,0.023469,0.023469,0.023469,0.023469,1599.0
XMR-USD-PERP.HYPERLIQUID,1771150080000,347.93,348.24,347.89,348.24,8.012
YGG-USD-PERP.HYPERLIQUID,1771150080000,0.042143,0.042143,0.042143,0.042143,274.0
ZEC-USD-PERP.HYPERLIQUID,1771150080000,307.62,308.34,307.62,308.07,42.05
0G-USD-PERP.HYPERLIQUID,1771150080000,0.68542,0.6861,0.68542,0.6861,1971.0
AAVE-USD-PERP.HYPERLIQUID,1771150080000,128.52,128.62,128.52,128.62,28.21
BTC-USD-PERP.HYPERLIQUID,1771150080000,70204.0,70233.0,70185.0,70233.0,6.3836
ETH-USD-PERP.HYPERLIQUID,1771150080000,2055.3,2056.2,2052.9,2056.2,1203.4117
ZEC-USD-PERP.HYPERLIQUID,1771150080000,307.62,308.34,307.62,308.07,45.0
BTC-USD-PERP.HYPERLIQUID,1771150080000,70204.0,70237.0,70185.0,70237.0,6.396
FARTCOIN-USD-PERP.HYPERLIQUID,1771150080000,0.2094,0.20954,0.20925,0.20948,29618.4
HYPE-USD-PERP.HYPERLIQUID,1771150080000,30.987,31.016,30.969,31.016,2474.1
IP-USD-PERP.HYPERLIQUID,1771150080000,1.1613,1.1641,1.1613,1.1641,922.9
WIF-USD-PERP.HYPERLIQUID,1771150080000,0.24184,0.24192,0.2406,0.24098,8240.0
ZEC-USD-PERP.HYPERLIQUID,1771150080000,307.62,308.34,307.62,308.17,45.13
BABY-USD-PERP.HYPERLIQUID,1771150080000,0.013912,0.013912,0.013903,0.013903,2547.0
FARTCOIN-USD-PERP.HYPERLIQUID,1771150080000,0.2094,0.20954,0.20925,0.20948,30081.6
ONDO-USD-PERP.HYPERLIQUID,1771150080000,0.28536,0.28548,0.28534,0.28548,529.0
WLFI-USD-PERP.HYPERLIQUID,1771150080000,0.1061,0.10629,0.1061,0.10629,46469.0
XMR-USD-PERP.HYPERLIQUID,1771150080000,347.93,348.24,347.89,348.18,8.23
XRP-USD-PERP.HYPERLIQUID,1771150080000,1.5739,1.5776,1.5729,1.5776,42179.0
kLUNC-USD-PERP.HYPERLIQUID,1771150080000,0.036251,0.036251,0.036172,0.036172,1052.0
APT-USD-PERP.HYPERLIQUID,1771150080000,0.9623,0.9631,0.9622,0.9631,2199.64
JTO-USD-PERP.HYPERLIQUID,1771150080000,0.27885,0.27917,0.27849,0.27917,10266.0
PUMP-USD-PERP.HYPERLIQUID,1771150080000,0.002277,0.00228,0.002277,0.002279,240494.0
TRB-USD-PERP.HYPERLIQUID,1771150080000,16.386,16.386,16.386,16.386,1.1
ZEC-USD-PERP.HYPERLIQUID,1771150080000,307.62,308.34,307.62,308.26,46.72
AAVE-USD-PERP.HYPERLIQUID,1771150080000,128.52,128.62,128.52,128.62,39.93
EIGEN-USD-PERP.HYPERLIQUID,1771150080000,0.2132,0.2135,0.2132,0.2135,4286.8
ETH-USD-PERP.HYPERLIQUID,1771150080000,2055.3,2056.6,2052.9,2056.6,1204.3898
HYPE-USD-PERP.HYPERLIQUID,1771150080000,30.987,31.016,30.969,31.016,2474.91
OP-USD-PERP.HYPERLIQUID,1771150080000,0.1937,0.19374,0.19363,0.19374,476.5
kNEIRO-USD-PERP.HYPERLIQUID,1771150080000,0.07982,0.07982,0.07979,0.07979,9627.2
BTC-USD-PERP.HYPERLIQUID,1771150080000,70204.0,70238.0,70185.0,70238.0,6.39622
FARTCOIN-USD-PERP.HYPERLIQUID,1771150080000,0.2094,0.2096,0.20925,0.2096,30212.9
NEAR-USD-PERP.HYPERLIQUID,1771150080000,1.0714,1.0727,1.0707,1.0727,2914.4
BTC-USD-PERP.HYPERLIQUID,1771150080000,70204.0,70246.0,70185.0,70246.0,6.43565
ETH-USD-PERP.HYPERLIQUID,1771150080000,2055.3,2056.7,2052.9,2056.7,1207.4994
LIT-USD-PERP.HYPERLIQUID,1771150080000,1.7009,1.7044,1.6999,1.7044,1992.0
MNT-USD-PERP.HYPERLIQUID,1771150080000,0.66986,0.67081,0.66965,0.67079,3531.0
SOL-USD-PERP.HYPERLIQUID,1771150080000,89.379,89.396,89.33,89.388,655.03
VIRTUAL-USD-PERP.HYPERLIQUID,1771150080000,0.66857,0.66954,0.66843,0.66954,3565.8
WLD-USD-PERP.HYPERLIQUID,1771150080000,0.42119,0.42131,0.4209,0.42131,3109.1
ZEC-USD-PERP.HYPERLIQUID,1771150080000,307.62,308.34,307.62,308.25,46.76
BTC-USD-PERP.HYPERLIQUID,1771150080000,70204.0,70246.0,70185.0,70245.0,6.44136
HYPE-USD-PERP.HYPERLIQUID,1771150080000,30.987,31.017,30.969,31.017,2475.27
NEAR-USD-PERP.HYPERLIQUID,1771150080000,1.0714,1.0727,1.0707,1.0727,2933.7
ZEC-USD-PERP.HYPERLIQUID,1771150080000,307.62,308.34,307.62,308.26,46.84
BTC-USD-PERP.HYPERLIQUID,1771150080000,70204.0,70246.0,70185.0,70246.0,6.72671
ETH-USD-PERP.HYPERLIQUID,1771150080000,2055.3,2056.8,2052.9,2056.8,1207.7264
IO-USD-PERP.HYPERLIQUID,1771150080000,0.10946,0.10946,0.10946,0.10946,401.5
LINK-USD-PERP.HYPERLIQUID,1771150080000,9.0491,9.0594,9.0473,9.0594,261.5
LTC-USD-PERP.HYPERLIQUID,1771150080000,55.825,55.825,55.797,55.814,8.08
PUMP-USD-PERP.HYPERLIQUID,1771150080000,0.002277,0.00228,0.002277,0.00228,244967.0
TAO-USD-PERP.HYPERLIQUID,1771150080000,187.61,187.66,187.5,187.64,328.27
VVV-USD-PERP.HYPERLIQUID,1771150080000,3.8816,3.9013,3.8743,3.8788,11700.59
ZEC-USD-PERP.HYPERLIQUID,1771150080000,307.62,308.34,307.62,308.24,47.23
HYPE-USD-PERP.HYPERLIQUID,1771150080000,30.987,31.017,30.969,31.017,2475.66
STABLE-USD-PERP.HYPERLIQUID,1771150080000,0.023928,0.023928,0.023928,0.023928,7472.0
APE-USD-PERP.HYPERLIQUID,1771150080000,0.1348,0.13483,0.1348,0.13483,5424.1
BIGTIME-USD-PERP.HYPERLIQUID,1771150080000,0.015988,0.015988,0.015988,0.015988,1082.0
BTC-USD-PERP.HYPERLIQUID,1771150080000,70204.0,70246.0,70185.0,70243.0,6.72687
JUP-USD-PERP.HYPERLIQUID,1771150080000,0.16557,0.16575,0.16555,0.16575,31333.0
SOL-USD-PERP.HYPERLIQUID,1771150080000,89.379,89.396,89.33,89.381,655.16
XRP-USD-PERP.HYPERLIQUID,1771150080000,1.5739,1.5779,1.5729,1.5779,44154.0
kPEPE-USD-PERP.HYPERLIQUID,1771150080000,0.004637,0.004644,0.004624,0.004644,14775524.0
BTC-USD-PERP.HYPERLIQUID,1771150080000,70204.0,70246.0,70185.0,70243.0,6.72702
OM-USD-PERP.HYPERLIQUID,1771150080000,0.06157,0.06157,0.06157,0.06157,1031.6
kPEPE-USD-PERP.HYPERLIQUID,1771150080000,0.004637,0.004644,0.004624,0.004643,14786087.0
AAVE-USD-PERP.HYPERLIQUID,1771150080000,128.52,128.62,128.52,128.62,51.65
BTC-USD-PERP.HYPERLIQUID,1771150080000,70204.0,70246.0,70185.0,70243.0,6.85404
DOGE-USD-PERP.HYPERLIQUID,1771150080000,0.11332,0.11342,0.11327,0.11342,214482.0
ETH-USD-PERP.HYPERLIQUID,1771150080000,2055.3,2056.8,2052.9,2056.8,1207.8364
FARTCOIN-USD-PERP.HYPERLIQUID,1771150080000,0.2094,0.2096,0.20925,0.20953,40212.9
GOAT-USD-PERP.HYPERLIQUID,1771150080000,0.02475,0.02475,0.02475,0.02475,673.0
HYPE-USD-PERP.HYPERLIQUID,1771150080000,30.987,31.02,30.969,31.02,2476.6
MANTA-USD-PERP.HYPERLIQUID,1771150080000,0.07786,0.07788,0.07786,0.07788,407.0
NEAR-USD-PERP.HYPERLIQUID,1771150080000,1.0714,1.0727,1.0707,1.0726,2953.6
BTC-USD-PERP.HYPERLIQUID,1771150080000,70204.0,70246.0,70185.0,70243.0,6.85579
ORDI-USD-PERP.HYPERLIQUID,1771150080000,2.8806,2.8863,2.8806,2.8863,12.06
SPX-USD-PERP.HYPERLIQUID,1771150080000,0.32769,0.3281,0.32769,0.3281,13144.0
VVV-USD-PERP.HYPERLIQUID,1771150080000,3.8816,3.9013,3.8422,3.8422,15205.62
YGG-USD-PERP.HYPERLIQUID,1771150080000,0.042143,0.042169,0.042143,0.042169,728.0
SPX-USD-PERP.HYPERLIQUID,1771150080000,0.32769,0.3281,0.32769,0.32789,13602.0
VVV-USD-PERP.HYPERLIQUID,1771150080000,3.8816,3.9013,3.8422,3.8459,15814.05
BTC-USD-PERP.HYPERLIQUID,1771150080000,70204.0,70246.0,70185.0,70242.0,6.85596
DOGE-USD-PERP.HYPERLIQUID,1771150080000,0.11332,0.11342,0.11327,0.11342,214616.0
SPX-USD-PERP.HYPERLIQUID,1771150080000,0.32769,0.3281,0.32769,0.32789,13819.9
VVV-USD-PERP.HYPERLIQUID,1771150080000,3.8816,3.9013,3.7898,3.7898,34424.04
XMR-USD-PERP.HYPERLIQUID,1771150080000,347.93,348.27,347.89,348.27,11.406
XRP-USD-PERP.HYPERLIQUID,1771150080000,1.5739,1.5779,1.5729,1.5778,44570.0
ZEC-USD-PERP.HYPERLIQUID,1771150080000,307.62,308.34,307.62,308.34,49.05
BIO-USD-PERP.HYPERLIQUID,1771150080000,0.025333,0.025347,0.025333,0.025347,1342.0
ETH-USD-PERP.HYPERLIQUID,1771150080000,2055.3,2056.8,2052.9,2056.8,1207.9464
OP-USD-PERP.HYPERLIQUID,1771150080000,0.1937,0.19374,0.19363,0.19373,552.4
TON-USD-PERP.HYPERLIQUID,1771150080000,1.4733,1.4733,1.4733,1.4733,11.5
JTO-USD-PERP.HYPERLIQUID,1771150080000,0.27885,0.27917,0.27849,0.27886,10337.0
SPX-USD-PERP.HYPERLIQUID,1771150080000,0.32769,0.3281,0.32769,0.32784,15956.0
VVV-USD-PERP.HYPERLIQUID,1771150080000,3.8816,3.9013,3.7898,3.8268,35755.9
WLD-USD-PERP.HYPERLIQUID,1771150080000,0.42119,0.42132,0.4209,0.42132,3554.1
BTC-USD-PERP.HYPERLIQUID,1771150080000,70204.0,70246.0,70185.0,70240.0,6.85617
ZEC-USD-PERP.HYPERLIQUID,1771150080000,307.62,308.34,307.62,308.34,49.09
BTC-USD-PERP.HYPERLIQUID,1771150080000,70204.0,70246.0,70185.0,70238.0,6.86617
OP-USD-PERP.HYPERLIQUID,1771150080000,0.1937,0.19374,0.19363,0.19373,624.9
VVV-USD-PERP.HYPERLIQUID,1771150080000,3.8816,3.9013,3.7898,3.8344,37329.48
BTC-USD-PERP.HYPERLIQUID,1771150080000,70204.0,70246.0,70185.0,70238.0,6.98084
ETH-USD-PERP.HYPERLIQUID,1771150080000,2055.3,2056.9,2052.9,2056.9,1219.3042
LIT-USD-PERP.HYPERLIQUID,1771150080000,1.7009,1.7044,1.6999,1.7037,2011.0
VVV-USD-PERP.HYPERLIQUID,1771150080000,3.8816,3.9013,3.7898,3.8151,39860.1
CC-USD-PERP.HYPERLIQUID,1771150080000,0.16016,0.16033,0.16016,0.16033,249.0
HYPE-USD-PERP.HYPERLIQUID,1771150080000,30.987,31.021,30.969,31.021,2476.99
OP-USD-PERP.HYPERLIQUID,1771150080000,0.1937,0.19374,0.19363,0.19373,731.7
SOL-USD-PERP.HYPERLIQUID,1771150080000,89.379,89.396,89.33,89.378,655.29
VVV-USD-PERP.HYPERLIQUID,1771150080000,3.8816,3.9013,3.7898,3.8192,39970.53
kPEPE-USD-PERP.HYPERLIQUID,1771150080000,0.004637,0.004647,0.004624,0.004647,16254385.0
VVV-USD-PERP.HYPERLIQUID,1771150080000,3.8816,3.9013,3.7898,3.8127,40070.53
BERA-USD-PERP.HYPERLIQUID,1771150140000,0.6624,0.6624,0.66229,0.66229,1156.2
ENA-USD-PERP.HYPERLIQUID,1771150140000,0.12639,0.12639,0.12639,0.12639,278.0
ETH-USD-PERP.HYPERLIQUID,1771150080000,2055.3,2056.9,2052.9,2056.8,1220.6442
HYPE-USD-PERP.HYPERLIQUID,1771150140000,31.019,31.019,31.019,31.019,0.37
MNT-USD-PERP.HYPERLIQUID,1771150140000,0.67022,0.67022,0.67012,0.67012,1332.4
RUNE-USD-PERP.HYPERLIQUID,1771150080000,0.4155,0.4155,0.4155,0.4155,107.0
SEI-USD-PERP.HYPERLIQUID,1771150080000,0.077347,0.077439,0.077347,0.077439,10838.0
TAO-USD-PERP.HYPERLIQUID,1771150080000,187.61,187.66,187.5,187.64,328.417
VVV-USD-PERP.HYPERLIQUID,1771150080000,3.8816,3.9013,3.7898,3.8086,40289.52
XRP-USD-PERP.HYPERLIQUID,1771150140000,1.5781,1.5781,1.5781,1.5781,157.0
ZEC-USD-PERP.HYPERLIQUID,1771150140000,308.27,308.27,308.27,308.27,0.04
MANTA-USD-PERP.HYPERLIQUID,1771150140000,0.07788,0.07788,0.07788,0.07788,194.4
SOL-USD-PERP.HYPERLIQUID,1771150140000,89.37,89.373,89.37,89.373,3685.68
SUI-USD-PERP.HYPERLIQUID,1771150140000,1.0127,1.0127,1.0127,1.0127,39.2
UNI-USD-PERP.HYPERLIQUID,1771150140000,3.5685,3.5685,3.5685,3.5685,7.6
WLFI-USD-PERP.HYPERLIQUID,1771150140000,0.10621,0.10621,0.10621,0.10621,12860.0
BTC-USD-PERP.HYPERLIQUID,1771150140000,70234.0,70234.0,70234.0,70234.0,0.01661
FARTCOIN-USD-PERP.HYPERLIQUID,1771150140000,0.20961,0.20969,0.20959,0.20969,10295.9
ONDO-USD-PERP.HYPERLIQUID,1771150140000,0.28554,0.28554,0.28554,0.28554,227.0
AAVE-USD-PERP.HYPERLIQUID,1771150140000,128.62,128.62,128.62,128.62,28.84
BLAST-USD-PERP.HYPERLIQUID,1771150140000,0.000637,0.000637,0.000637,0.000637,81110.0
ETH-USD-PERP.HYPERLIQUID,1771150140000,2056.7,2056.7,2056.7,2056.7,0.065
HBAR-USD-PERP.HYPERLIQUID,1771150140000,0.10269,0.10269,0.10269,0.10269,185.0
HYPE-USD-PERP.HYPERLIQUID,1771150140000,31.019,31.022,31.019,31.022,0.72
MAVIA-USD-PERP.HYPERLIQUID,1771150140000,0.0396,0.0396,0.0396,0.0396,490.1
MNT-USD-PERP.HYPERLIQUID,1771150140000,0.67022,0.67081,0.67012,0.67081,1425.2
PUMP-USD-PERP.HYPERLIQUID,1771150140000,0.00228,0.00228,0.00228,0.00228,109698.0
SOL-USD-PERP.HYPERLIQUID,1771150140000,89.37,89.383,89.37,89.382,3686.37
SUSHI-USD-PERP.HYPERLIQUID,1771150140000,0.21486,0.21486,0.21486,0.21486,201.9
TON-USD-PERP.HYPERLIQUID,1771150140000,1.4735,1.4735,1.4735,1.4735,238.3
WLD-USD-PERP.HYPERLIQUID,1771150140000,0.42133,0.42133,0.42133,0.42133,1640.4
ZEC-USD-PERP.HYPERLIQUID,1771150140000,308.27,308.51,308.27,308.51,1.5
kSHIB-USD-PERP.HYPERLIQUID,1771150140000,0.006802,0.006802,0.006802,0.006802,1992.0
ETH-USD-PERP.HYPERLIQUID,1771150140000,2056.7,2057.0,2056.7,2057.0,0.175
TAO-USD-PERP.HYPERLIQUID,1771150140000,187.63,187.63,187.63,187.63,0.056
ETH-USD-PERP.HYPERLIQUID,1771150140000,2056.7,2057.0,2056.7,2057.0,0.1806
GRIFFAIN-USD-PERP.HYPERLIQUID,1771150140000,0.010291,0.010291,0.010291,0.010291,3354.0
HYPE-USD-PERP.HYPERLIQUID,1771150140000,31.019,31.03,31.019,31.03,1.09
PENGU-USD-PERP.HYPERLIQUID,1771150140000,0.00751,0.00751,0.00751,0.00751,5622.0
SUI-USD-PERP.HYPERLIQUID,1771150140000,1.0127,1.0133,1.0127,1.0133,156.8
VVV-USD-PERP.HYPERLIQUID,1771150140000,3.8129,3.8129,3.8129,3.8129,97.81
XRP-USD-PERP.HYPERLIQUID,1771150140000,1.5781,1.5792,1.5781,1.5792,164.0
AVAX-USD-PERP.HYPERLIQUID,1771150140000,9.5438,9.5438,9.5438,9.5438,5.55
FET-USD-PERP.HYPERLIQUID,1771150140000,0.17736,0.17736,0.17736,0.17736,229.0
HYPE-USD-PERP.HYPERLIQUID,1771150140000,31.019,31.03,31.019,31.029,1.57
SOL-USD-PERP.HYPERLIQUID,1771150140000,89.37,89.393,89.37,89.393,3686.54
SUI-USD-PERP.HYPERLIQUID,1771150140000,1.0127,1.0136,1.0127,1.0136,667.4
VIRTUAL-USD-PERP.HYPERLIQUID,1771150140000,0.66979,0.66979,0.66979,0.66979,228.4
VVV-USD-PERP.HYPERLIQUID,1771150140000,3.8129,3.8214,3.8129,3.8214,220.18
XRP-USD-PERP.HYPERLIQUID,1771150140000,1.5781,1.5799,1.5781,1.5799,225.0
ZEC-USD-PERP.HYPERLIQUID,1771150140000,308.27,308.55,308.27,308.55,1.52
ALT-USD-PERP.HYPERLIQUID,1771150140000,0.008884,0.008884,0.008884,0.008884,4026.0
BTC-USD-PERP.HYPERLIQUID,1771150140000,70234.0,70237.0,70234.0,70237.0,0.01678
HYPE-USD-PERP.HYPERLIQUID,1771150140000,31.019,31.03,31.019,31.029,1.96
KAITO-USD-PERP.HYPERLIQUID,1771150140000,0.32486,0.32486,0.32486,0.32486,42.0
NXPC-USD-PERP.HYPERLIQUID,1771150140000,0.27684,0.27684,0.27684,0.27684,56.0
VVV-USD-PERP.HYPERLIQUID,1771150140000,3.8129,3.8237,3.8129,3.8214,1161.89
XRP-USD-PERP.HYPERLIQUID,1771150140000,1.5781,1.5799,1.5781,1.5799,2493.0
ZEC-USD-PERP.HYPERLIQUID,1771150140000,308.27,308.64,308.27,308.64,1.68
ALGO-USD-PERP.HYPERLIQUID,1771150140000,0.098372,0.098372,0.098372,0.098372,117.0
BTC-USD-PERP.HYPERLIQUID,1771150140000,70234.0,70238.0,70234.0,70238.0,0.01694
ETH-USD-PERP.HYPERLIQUID,1771150140000,2056.7,2057.1,2056.7,2057.1,0.2906
ZEC-USD-PERP.HYPERLIQUID,1771150140000,308.27,308.64,308.27,308.63,1.8
BTC-USD-PERP.HYPERLIQUID,1771150140000,70234.0,70243.0,70234.0,70243.0,0.01791
ETH-USD-PERP.HYPERLIQUID,1771150140000,2056.7,2057.1,2056.7,2057.1,4.0793
HYPE-USD-PERP.HYPERLIQUID,1771150140000,31.019,31.033,31.019,31.033,24.4
LIT-USD-PERP.HYPERLIQUID,1771150140000,1.7044,1.7044,1.7044,1.7044,11.0
TRB-USD-PERP.HYPERLIQUID,1771150140000,16.4,16.4,16.4,16.4,2.12
ZEC-USD-PERP.HYPERLIQUID,1771150140000,308.27,308.64,308.27,308.63,1.84
kPEPE-USD-PERP.HYPERLIQUID,1771150140000,0.004654,0.004655,0.004654,0.004655,912609.0
DOOD-USD-PERP.HYPERLIQUID,1771150140000,0.00387,0.00387,0.00387,0.00387,4137.0
NEAR-USD-PERP.HYPERLIQUID,1771150140000,1.0727,1.0727,1.0727,1.0727,81.3
ETH-USD-PERP.HYPERLIQUID,1771150140000,2056.7,2057.3,2056.7,2057.3,4.0878
STRK-USD-PERP.HYPERLIQUID,1771150140000,0.05054,0.05054,0.05054,0.05054,522.5
kPEPE-USD-PERP.HYPERLIQUID,1771150140000,0.004654,0.004655,0.004654,0.004655,1376901.0
AAVE-USD-PERP.HYPERLIQUID,1771150140000,128.62,128.62,128.62,128.62,119.95
AVAX-USD-PERP.HYPERLIQUID,1771150140000,9.5438,9.5502,9.5438,9.5499,72.57
BCH-USD-PERP.HYPERLIQUID,1771150140000,558.96,558.96,558.96,558.96,3.027
BNB-USD-PERP.HYPERLIQUID,1771150140000,627.37,627.37,627.37,627.37,0.48
ETH-USD-PERP.HYPERLIQUID,1771150140000,2056.7,2057.3,2056.7,2057.3,4.1178
ETHFI-USD-PERP.HYPERLIQUID,1771150140000,0.49254,0.49254,0.49254,0.49254,32.0
HYPE-USD-PERP.HYPERLIQUID,1771150140000,31.019,31.042,31.019,31.042,25.08
LDO-USD-PERP.HYPERLIQUID,1771150140000,0.35398,0.35399,0.35398,0.35399,320.3
LTC-USD-PERP.HYPERLIQUID,1771150140000,55.822,55.822,55.822,55.822,4.99
SOL-USD-PERP.HYPERLIQUID,1771150140000,89.37,89.416,89.37,89.416,3687.21
SUI-USD-PERP.HYPERLIQUID,1771150140000,1.0127,1.0138,1.0127,1.0138,1051.4
WLD-USD-PERP.HYPERLIQUID,1771150140000,0.42133,0.42164,0.42133,0.42164,2233.2
XMR-USD-PERP.HYPERLIQUID,1771150140000,348.35,348.39,348.35,348.39,3.57
ZEC-USD-PERP.HYPERLIQUID,1771150140000,308.27,308.79,308.27,308.79,3.21
AAVE-USD-PERP.HYPERLIQUID,1771150140000,128.62,128.62,128.62,128.62,141.79
AZTEC-USD-PERP.HYPERLIQUID,1771150140000,0.023652,0.023652,0.023652,0.023652,466.0
ETH-USD-PERP.HYPERLIQUID,1771150140000,2056.7,2057.3,2056.7,2057.3,4.5969
FARTCOIN-USD-PERP.HYPERLIQUID,1771150140000,0.20961,0.20969,0.20959,0.2096,20295.9
FET-USD-PERP.HYPERLIQUID,1771150140000,0.17736,0.17736,0.17736,0.17736,392.0
PENGU-USD-PERP.HYPERLIQUID,1771150140000,0.00751,0.007512,0.00751,0.007512,24425.0
TRX-USD-PERP.HYPERLIQUID,1771150140000,0.28078,0.28078,0.28078,0.28078,2771.0
VVV-USD-PERP.HYPERLIQUID,1771150140000,3.8129,3.8347,3.8129,3.8347,1177.38
BTC-USD-PERP.HYPERLIQUID,1771150140000,70234.0,70243.0,70234.0,70243.0,0.02121
ETH-USD-PERP.HYPERLIQUID,1771150140000,2056.7,2057.3,2056.7,2057.2,5.3228
PUMP-USD-PERP.HYPERLIQUID,1771150140000,0.00228,0.002281,0.00228,0.002281,134844.0
RENDER-USD-PERP.HYPERLIQUID,1771150140000,1.4727,1.4727,1.4727,1.4727,6.8
TRX-USD-PERP.HYPERLIQUID,1771150140000,0.28078,0.28078,0.28078,0.28078,4093.0
VVV-USD-PERP.HYPERLIQUID,1771150140000,3.8129,3.8347,3.8129,3.8346,1254.44
XMR-USD-PERP.HYPERLIQUID,1771150140000,348.35,348.6,348.35,348.6,9.57
XRP-USD-PERP.HYPERLIQUID,1771150140000,1.5781,1.5801,1.5781,1.5801,2500.0
BCH-USD-PERP.HYPERLIQUID,1771150140000,558.96,558.99,558.96,558.99,5.442
VVV-USD-PERP.HYPERLIQUID,1771150140000,3.8129,3.8347,3.8129,3.8325,1420.36
BTC-USD-PERP.HYPERLIQUID,1771150140000,70234.0,70245.0,70234.0,70245.0,0.02606
ETH-USD-PERP.HYPERLIQUID,1771150140000,2056.7,2057.4,2056.7,2057.4,5.3631
PENDLE-USD-PERP.HYPERLIQUID,1771150140000,1.2868,1.2868,1.2868,1.2868,252.0
RESOLV-USD-PERP.HYPERLIQUID,1771150140000,0.06194,0.06195,0.06194,0.06195,476.0
SOL-USD-PERP.HYPERLIQUID,1771150140000,89.37,89.416,89.37,89.416,3713.84
TRX-USD-PERP.HYPERLIQUID,1771150140000,0.28078,0.28078,0.28078,0.28078,4239.0
AIXBT-USD-PERP.HYPERLIQUID,1771150140000,0.021941,0.021941,0.021941,0.021941,786.0
ARB-USD-PERP.HYPERLIQUID,1771150140000,0.11823,0.11823,0.11823,0.11823,759.0
VVV-USD-PERP.HYPERLIQUID,1771150140000,3.8129,3.8347,3.8129,3.8323,1558.38
AVAX-USD-PERP.HYPERLIQUID,1771150140000,9.5438,9.5502,9.5438,9.5495,74.13
BCH-USD-PERP.HYPERLIQUID,1771150140000,558.96,559.21,558.96,559.21,5.527
BSV-USD-PERP.HYPERLIQUID,1771150140000,17.615,17.615,17.615,17.615,3.66
BTC-USD-PERP.HYPERLIQUID,1771150140000,70234.0,70261.0,70234.0,70261.0,0.04217
ETH-USD-PERP.HYPERLIQUID,1771150140000,2056.7,2057.4,2056.7,2057.4,5.4518
LDO-USD-PERP.HYPERLIQUID,1771150140000,0.35398,0.35411,0.35398,0.35411,614.3
LIT-USD-PERP.HYPERLIQUID,1771150140000,1.7044,1.7044,1.7039,1.7039,445.0
LTC-USD-PERP.HYPERLIQUID,1771150140000,55.822,55.832,55.822,55.832,10.47
MON-USD-PERP.HYPERLIQUID,1771150140000,0.023494,0.023494,0.023494,0.023494,20000.0
PENGU-USD-PERP.HYPERLIQUID,1771150140000,0.00751,0.007513,0.00751,0.007513,25933.0
SOL-USD-PERP.HYPERLIQUID,1771150140000,89.37,89.426,89.37,89.426,3888.51
STBL-USD-PERP.HYPERLIQUID,1771150140000,0.039562,0.039562,0.039562,0.039562,722.0
VVV-USD-PERP.HYPERLIQUID,1771150140000,3.8129,3.8367,3.8129,3.8367,1775.75
BTC-USD-PERP.HYPERLIQUID,1771150140000,70234.0,70267.0,70234.0,70267.0,0.05817
DASH-USD-PERP.HYPERLIQUID,1771150140000,39.848,39.848,39.848,39.848,0.27
ETH-USD-PERP.HYPERLIQUID,1771150140000,2056.7,2057.8,2056.7,2057.8,8.0207
LTC-USD-PERP.HYPERLIQUID,1771150140000,55.822,55.835,55.822,55.835,17.09
MOVE-USD-PERP.HYPERLIQUID,1771150140000,0.025098,0.025098,0.025098,0.025098,1356.0
NEAR-USD-PERP.HYPERLIQUID,1771150140000,1.0727,1.0728,1.0727,1.0728,696.5
SKR-USD-PERP.HYPERLIQUID,1771150140000,0.022666,0.022667,0.022666,0.022667,23262.0
SUI-USD-PERP.HYPERLIQUID,1771150140000,1.0127,1.0141,1.0127,1.0141,1100.1
WLD-USD-PERP.HYPERLIQUID,1771150140000,0.42133,0.42168,0.42133,0.42168,2679.4
XLM-USD-PERP.HYPERLIQUID,1771150140000,0.17646,0.17646,0.17646,0.17646,485.0
CRV-USD-PERP.HYPERLIQUID,1771150140000,0.25844,0.25844,0.25844,0.25844,8498.9
ETH-USD-PERP.HYPERLIQUID,1771150140000,2056.7,2057.8,2056.7,2057.8,8.1927
HYPE-USD-PERP.HYPERLIQUID,1771150140000,31.019,31.046,31.019,31.046,25.45
JTO-USD-PERP.HYPERLIQUID,1771150140000,0.27919,0.27935,0.27919,0.27935,104.0
MNT-USD-PERP.HYPERLIQUID,1771150140000,0.67022,0.67081,0.67012,0.67081,1472.1
SOL-USD-PERP.HYPERLIQUID,1771150140000,89.37,89.449,89.37,89.449,4112.18
ZEC-USD-PERP.HYPERLIQUID,1771150140000,308.27,308.8,308.27,308.8,3.45
ZEN-USD-PERP.HYPERLIQUID,1771150140000,6.5161,6.5161,6.5161,6.5161,2.83
ETH-USD-PERP.HYPERLIQUID,1771150140000,2056.7,2057.8,2056.7,2057.8,8.217
HYPE-USD-PERP.HYPERLIQUID,1771150140000,31.019,31.072,31.019,31.072,3256.13
VVV-USD-PERP.HYPERLIQUID,1771150140000,3.8129,3.8367,3.8129,3.8315,1817.66
ZEC-USD-PERP.HYPERLIQUID,1771150140000,308.27,308.8,308.27,308.8,3.63
2Z-USD-PERP.HYPERLIQUID,1771150140000,0.080216,0.080216,0.080216,0.080216,207.0
BTC-USD-PERP.HYPERLIQUID,1771150140000,70234.0,70272.0,70234.0,70272.0,0.06094
SOL-USD-PERP.HYPERLIQUID,1771150140000,89.37,89.449,89.37,89.449,4112.38
FET-USD-PERP.HYPERLIQUID,1771150140000,0.17736,0.17739,0.17736,0.17739,1458.0
MNT-USD-PERP.HYPERLIQUID,1771150140000,0.67022,0.67081,0.67012,0.67081,1528.6
MON-USD-PERP.HYPERLIQUID,1771150140000,0.023494,0.02352,0.023494,0.02352,28979.0
VVV-USD-PERP.HYPERLIQUID,1771150140000,3.8129,3.8367,3.8129,3.8301,1885.57
AERO-USD-PERP.HYPERLIQUID,1771150140000,0.32859,0.32859,0.32859,0.32859,334.0
TIA-USD-PERP.HYPERLIQUID,1771150140000,0.3519,0.3519,0.3519,0.3519,211.0
XRP-USD-PERP.HYPERLIQUID,1771150140000,1.5781,1.581,1.5781,1.581,4926.0
APT-USD-PERP.HYPERLIQUID,1771150140000,0.9643,0.9643,0.9643,0.9643,500.0
BRETT-USD-PERP.HYPERLIQUID,1771150140000,0.008274,0.008274,0.008274,0.008274,1669.0
BTC-USD-PERP.HYPERLIQUID,1771150140000,70234.0,70272.0,70234.0,70271.0,0.06154
ETH-USD-PERP.HYPERLIQUID,1771150140000,2056.7,2057.8,2056.7,2057.8,8.222
INJ-USD-PERP.HYPERLIQUID,1771150140000,3.2251,3.2251,3.2251,3.2251,7.5
LDO-USD-PERP.HYPERLIQUID,1771150140000,0.35398,0.35415,0.35398,0.35415,1002.6
SPX-USD-PERP.HYPERLIQUID,1771150140000,0.32817,0.32817,0.32817,0.32817,143.8
VVV-USD-PERP.HYPERLIQUID,1771150140000,3.8129,3.8367,3.8129,3.8345,2124.45
ZEC-USD-PERP.HYPERLIQUID,1771150140000,308.27,308.8,308.27,308.75,3.68
ETH-USD-PERP.HYPERLIQUID,1771150140000,2056.7,2057.9,2056.7,2057.9,8.584
HYPE-USD-PERP.HYPERLIQUID,1771150140000,31.019,31.072,31.019,31.062,3257.13
MERL-USD-PERP.HYPERLIQUID,1771150140000,0.064145,0.064145,0.064145,0.064145,375.0
SYRUP-USD-PERP.HYPERLIQUID,1771150140000,0.27449,0.27449,0.27449,0.27449,134.0
TAO-USD-PERP.HYPERLIQUID,1771150140000,187.63,187.77,187.63,187.77,0.132
TRX-USD-PERP.HYPERLIQUID,1771150140000,0.28078,0.28078,0.28078,0.28078,4545.0
VVV-USD-PERP.HYPERLIQUID,1771150140000,3.8129,3.8367,3.8129,3.8248,2246.82
XLM-USD-PERP.HYPERLIQUID,1771150140000,0.17646,0.1765,0.17646,0.1765,970.0
kBONK-USD-PERP.HYPERLIQUID,1771150140000,0.00685,0.00685,0.006849,0.006849,74117.0
kFLOKI-USD-PERP.HYPERLIQUID,1771150140000,0.033613,0.033613,0.033613,0.033613,557.0
BTC-USD-PERP.HYPERLIQUID,1771150140000,70234.0,70282.0,70234.0,70282.0,0.1043
HBAR-USD-PERP.HYPERLIQUID,1771150140000,0.10269,0.10292,0.10269,0.10292,318.0
MET-USD-PERP.HYPERLIQUID,1771150140000,0.2299,0.2299,0.2299,0.2299,1000.0
kSHIB-USD-PERP.HYPERLIQUID,1771150140000,0.006802,0.006809,0.006802,0.006809,51992.0
AAVE-USD-PERP.HYPERLIQUID,1771150140000,128.62,128.62,128.62,128.62,180.64
APT-USD-PERP.HYPERLIQUID,1771150140000,0.9643,0.9644,0.9643,0.9644,1000.0
AZTEC-USD-PERP.HYPERLIQUID,1771150140000,0.023652,0.023704,0.023652,0.023704,18838.0
BOME-USD-PERP.HYPERLIQUID,1771150140000,0.000449,0.000449,0.000449,0.000449,129534.0
BTC-USD-PERP.HYPERLIQUID,1771150140000,70234.0,70282.0,70234.0,70282.0,0.10558
ETH-USD-PERP.HYPERLIQUID,1771150140000,2056.7,2058.1,2056.7,2058.1,8.694
GRASS-USD-PERP.HYPERLIQUID,1771150140000,0.22051,0.22051,0.22051,0.22051,1000.0
HYPE-USD-PERP.HYPERLIQUID,1771150140000,31.019,31.072,31.019,31.069,3258.09
NEAR-USD-PERP.HYPERLIQUID,1771150140000,1.0727,1.0729,1.0727,1.0729,747.1
SOL-USD-PERP.HYPERLIQUID,1771150140000,89.37,89.453,89.37,89.453,4114.89
UNI-USD-PERP.HYPERLIQUID,1771150140000,3.5685,3.572,3.5685,3.5708,1768.0
XLM-USD-PERP.HYPERLIQUID,1771150140000,0.17646,0.1765,0.17646,0.1765,1455.0
ZEC-USD-PERP.HYPERLIQUID,1771150140000,308.27,308.8,308.27,308.77,4.44
kSHIB-USD-PERP.HYPERLIQUID,1771150140000,0.006802,0.00681,0.006802,0.00681,101992.0
AAVE-USD-PERP.HYPERLIQUID,1771150140000,128.62,128.62,128.62,128.62,210.89
AVAX-USD-PERP.HYPERLIQUID,1771150140000,9.5438,9.5514,9.5438,9.5514,81.33
BTC-USD-PERP.HYPERLIQUID,1771150140000,70234.0,70282.0,70234.0,70282.0,0.10658
ETH-USD-PERP.HYPERLIQUID,1771150140000,2056.7,2058.1,2056.7,2058.1,8.7072
HYPE-USD-PERP.HYPERLIQUID,1771150140000,31.019,31.072,31.019,31.067,3260.12
LINEA-USD-PERP.HYPERLIQUID,1771150140000,0.003838,0.003838,0.003838,0.003838,39082.0
PUMP-USD-PERP.HYPERLIQUID,1771150140000,0.00228,0.002281,0.00228,0.002281,149994.0
ZRO-USD-PERP.HYPERLIQUID,1771150140000,1.8654,1.8654,1.8654,1.8654,200.0
BTC-USD-PERP.HYPERLIQUID,1771150140000,70234.0,70290.0,70234.0,70290.0,0.11367
EIGEN-USD-PERP.HYPERLIQUID,1771150140000,0.2137,0.2137,0.2137,0.2137,321.85
HYPE-USD-PERP.HYPERLIQUID,1771150140000,31.019,31.072,31.019,31.064,3273.19
NEAR-USD-PERP.HYPERLIQUID,1771150140000,1.0727,1.073,1.0727,1.073,1247.1
RENDER-USD-PERP.HYPERLIQUID,1771150140000,1.4727,1.4727,1.4727,1.4727,200.0
VVV-USD-PERP.HYPERLIQUID,1771150140000,3.8129,3.8367,3.8129,3.8307,2569.39
XRP-USD-PERP.HYPERLIQUID,1771150140000,1.5781,1.581,1.5781,1.5798,4934.0
2Z-USD-PERP.HYPERLIQUID,1771150140000,0.080216,0.08026,0.080216,0.08026,451.0
ASTER-USD-PERP.HYPERLIQUID,1771150140000,0.73082,0.73122,0.73082,0.73122,5465.0
BNB-USD-PERP.HYPERLIQUID,1771150140000,627.37,627.41,627.37,627.38,2.031
BTC-USD-PERP.HYPERLIQUID,1771150140000,70234.0,70290.0,70234.0,70289.0,0.20864
OP-USD-PERP.HYPERLIQUID,1771150140000,0.19383,0.19383,0.19383,0.19383,63.1
SAND-USD-PERP.HYPERLIQUID,1771150140000,0.091051,0.091051,0.091051,0.091051,168.0
STABLE-USD-PERP.HYPERLIQUID,1771150140000,0.023941,0.023941,0.023941,0.023941,20000.0
BSV-USD-PERP.HYPERLIQUID,1771150140000,17.615,17.624,17.615,17.624,5.38
GRIFFAIN-USD-PERP.HYPERLIQUID,1771150140000,0.010291,0.010291,0.010291,0.010291,4472.0
SOL-USD-PERP.HYPERLIQUID,1771150140000,89.37,89.455,89.37,89.455,4115.04
XLM-USD-PERP.HYPERLIQUID,1771150140000,0.17646,0.1765,0.17646,0.1765,1940.0
AVAX-USD-PERP.HYPERLIQUID,1771150140000,9.5438,9.5532,9.5438,9.5532,94.23
ETH-USD-PERP.HYPERLIQUID,1771150140000,2056.7,2058.1,2056.7,2058.1,8.7791
FARTCOIN-USD-PERP.HYPERLIQUID,1771150140000,0.20961,0.20985,0.20959,0.20985,20378.5
HYPE-USD-PERP.HYPERLIQUID,1771150140000,31.019,31.072,31.019,31.066,3275.69
LINK-USD-PERP.HYPERLIQUID,1771150140000,9.068,9.0682,9.068,9.0682,508.5
VVV-USD-PERP.HYPERLIQUID,1771150140000,3.8129,3.8367,3.8129,3.829,2638.34
XRP-USD-PERP.HYPERLIQUID,1771150140000,1.5781,1.581,1.5781,1.5795,6031.0
BTC-USD-PERP.HYPERLIQUID,1771150140000,70234.0,70290.0,70234.0,70287.0,0.20909
SOL-USD-PERP.HYPERLIQUID,1771150140000,89.37,89.456,89.37,89.455,4261.44
AZTEC-USD-PERP.HYPERLIQUID,1771150140000,0.023652,0.023705,0.023652,0.023705,44541.0
BTC-USD-PERP.HYPERLIQUID,1771150140000,70234.0,70290.0,70234.0,70287.0,0.21175
FOGO-USD-PERP.HYPERLIQUID,1771150140000,0.022812,0.022812,0.022812,0.022812,1304.0
LTC-USD-PERP.HYPERLIQUID,1771150140000,55.822,55.841,55.822,55.841,17.3
PAXG-USD-PERP.HYPERLIQUID,1771150140000,5036.2,5036.2,5036.2,5036.2,0.002
XRP-USD-PERP.HYPERLIQUID,1771150140000,1.5781,1.581,1.5781,1.5795,6039.0
ADA-USD-PERP.HYPERLIQUID,1771150140000,0.29361,0.29361,0.29361,0.29361,2797.0
ALGO-USD-PERP.HYPERLIQUID,1771150140000,0.098372,0.098432,0.098372,0.098432,309.0
BTC-USD-PERP.HYPERLIQUID,1771150140000,70234.0,70290.0,70234.0,70284.0,0.21288
ETH-USD-PERP.HYPERLIQUID,1771150140000,2056.7,2058.1,2056.7,2057.9,8.9338
GMX-USD-PERP.HYPERLIQUID,1771150140000,6.6442,6.6442,6.6442,6.6442,3.66
HYPE-USD-PERP.HYPERLIQUID,1771150140000,31.019,31.072,31.019,31.057,3277.31
MOODENG-USD-PERP.HYPERLIQUID,1771150140000,0.059508,0.059508,0.059508,0.059508,2915.0
kPEPE-USD-PERP.HYPERLIQUID,1771150140000,0.004654,0.004655,0.004654,0.004655,1379117.0
AAVE-USD-PERP.HYPERLIQUID,1771150140000,128.62,128.62,128.62,128.62,234.86
AZTEC-USD-PERP.HYPERLIQUID,1771150140000,0.023652,0.023706,0.023652,0.023706,45006.0
ETH-USD-PERP.HYPERLIQUID,1771150140000,2056.7,2058.1,2056.7,2057.9,9.1369
VVV-USD-PERP.HYPERLIQUID,1771150140000,3.8129,3.8367,3.8129,3.8314,2792.21
ZEC-USD-PERP.HYPERLIQUID,1771150140000,308.27,308.8,308.27,308.75,20.09
kPEPE-USD-PERP.HYPERLIQUID,1771150140000,0.004654,0.004655,0.004652,0.004652,1443675.0
DOGE-USD-PERP.HYPERLIQUID,1771150140000,0.11349,0.11349,0.11349,0.11349,1617.0
DYDX-USD-PERP.HYPERLIQUID,1771150140000,0.11108,0.11108,0.11107,0.11107,264.0
ENA-USD-PERP.HYPERLIQUID,1771150140000,0.12639,0.12654,0.12639,0.12654,8185.0
HYPE-USD-PERP.HYPERLIQUID,1771150140000,31.019,31.072,31.019,31.058,3278.16
TRX-USD-PERP.HYPERLIQUID,1771150140000,0.28078,0.28078,0.28078,0.28078,4626.0
VVV-USD-PERP.HYPERLIQUID,1771150140000,3.8129,3.8367,3.8129,3.8247,2796.66
ETH-USD-PERP.HYPERLIQUID,1771150140000,2056.7,2058.1,2056.7,2057.9,9.1471
KAS-USD-PERP.HYPERLIQUID,1771150140000,0.033039,0.033039,0.033039,0.033039,460.0
NEAR-USD-PERP.HYPERLIQUID,1771150140000,1.0727,1.0737,1.0727,1.0737,1268.2
SOL-USD-PERP.HYPERLIQUID,1771150140000,89.37,89.456,89.37,89.441,4261.81
TIA-USD-PERP.HYPERLIQUID,1771150140000,0.3519,0.35221,0.3519,0.35221,2211.0
BLUR-USD-PERP.HYPERLIQUID,1771150140000,0.022049,0.022049,0.022049,0.022049,13471.0
HYPE-USD-PERP.HYPERLIQUID,1771150140000,31.019,31.072,31.019,31.059,3278.53
LTC-USD-PERP.HYPERLIQUID,1771150140000,55.822,55.841,55.822,55.83,20.65
USTC-USD-PERP.HYPERLIQUID,1771150140000,0.005332,0.005332,0.005332,0.005332,17664.0
XMR-USD-PERP.HYPERLIQUID,1771150140000,348.35,349.55,348.35,349.55,10.576
ZEC-USD-PERP.HYPERLIQUID,1771150140000,308.27,308.8,308.27,308.68,20.14
kFLOKI-USD-PERP.HYPERLIQUID,1771150140000,0.033613,0.033613,0.033592,0.033592,10557.0
kPEPE-USD-PERP.HYPERLIQUID,1771150140000,0.004654,0.004655,0.004652,0.004653,1594152.0
AAVE-USD-PERP.HYPERLIQUID,1771150140000,128.62,128.62,128.62,128.62,236.13
ADA-USD-PERP.HYPERLIQUID,1771150140000,0.29361,0.29363,0.29359,0.29359,5362.0
ARB-USD-PERP.HYPERLIQUID,1771150140000,0.11823,0.11828,0.11823,0.11824,3775.4
AVAX-USD-PERP.HYPERLIQUID,1771150140000,9.5438,9.5532,9.5438,9.5528,97.14
BTC-USD-PERP.HYPERLIQUID,1771150140000,70234.0,70290.0,70234.0,70284.0,0.22313
DOGE-USD-PERP.HYPERLIQUID,1771150140000,0.11349,0.1135,0.11349,0.1135,5503.0
LTC-USD-PERP.HYPERLIQUID,1771150140000,55.822,55.841,55.822,55.827,20.95
MINA-USD-PERP.HYPERLIQUID,1771150140000,0.067874,0.067874,0.067874,0.067874,284.0
REZ-USD-PERP.HYPERLIQUID,1771150140000,0.003075,0.003075,0.003075,0.003075,9690.0
SUI-USD-PERP.HYPERLIQUID,1771150140000,1.0127,1.0142,1.0127,1.0142,1829.1
USTC-USD-PERP.HYPERLIQUID,1771150140000,0.005332,0.005332,0.005332,0.005332,50000.0
WIF-USD-PERP.HYPERLIQUID,1771150140000,0.24126,0.24126,0.24126,0.24126,140.0
XRP-USD-PERP.HYPERLIQUID,1771150140000,1.5781,1.581,1.5781,1.5793,6064.0
ZK-USD-PERP.HYPERLIQUID,1771150140000,0.022363,0.022363,0.022363,0.022363,1886.0
kPEPE-USD-PERP.HYPERLIQUID,1771150140000,0.004654,0.004655,0.004652,0.004652,3380282.0
BTC-USD-PERP.HYPERLIQUID,1771150140000,70234.0,70290.0,70234.0,70285.0,0.2235
FARTCOIN-USD-PERP.HYPERLIQUID,1771150140000,0.20961,0.20985,0.20959,0.20984,20489.5
HYPE-USD-PERP.HYPERLIQUID,1771150140000,31.019,31.072,31.019,31.059,3279.56
MEME-USD-PERP.HYPERLIQUID,1771150140000,0.000749,0.000749,0.000749,0.000749,20938.0
NEAR-USD-PERP.HYPERLIQUID,1771150140000,1.0727,1.0737,1.0727,1.0737,1348.8
SOL-USD-PERP.HYPERLIQUID,1771150140000,89.37,89.456,89.37,89.454,4312.42
UMA-USD-PERP.HYPERLIQUID,1771150140000,0.51649,0.51649,0.51649,0.51649,37.4
USTC-USD-PERP.HYPERLIQUID,1771150140000,0.005332,0.005332,0.005322,0.005322,89268.0
ZEC-USD-PERP.HYPERLIQUID,1771150140000,308.27,308.8,308.27,308.68,20.28
ATOM-USD-PERP.HYPERLIQUID,1771150140000,2.1581,2.1581,2.1581,2.1581,18.53
CRV-USD-PERP.HYPERLIQUID,1771150140000,0.25844,0.25862,0.25844,0.25862,10990.9
ETH-USD-PERP.HYPERLIQUID,1771150140000,2056.7,2058.1,2056.7,2057.8,9.1981
HYPE-USD-PERP.HYPERLIQUID,1771150140000,31.019,31.072,31.019,31.059,3352.46
LINEA-USD-PERP.HYPERLIQUID,1771150140000,0.003838,0.003841,0.003838,0.003841,46696.0
OP-USD-PERP.HYPERLIQUID,1771150140000,0.19383,0.19383,0.19383,0.19383,192.3
PROVE-USD-PERP.HYPERLIQUID,1771150140000,0.33533,0.33533,0.33533,0.33533,1000.0
VVV-USD-PERP.HYPERLIQUID,1771150140000,3.8129,3.8392,3.8129,3.8392,5036.1
ZEC-USD-PERP.HYPERLIQUID,1771150140000,308.27,308.8,308.27,308.67,20.59
APEX-USD-PERP.HYPERLIQUID,1771150140000,0.36804,0.36804,0.36804,0.36804,30.0
DOT-USD-PERP.HYPERLIQUID,1771150140000,1.4061,1.4061,1.4061,1.4061,185.4
TRUMP-USD-PERP.HYPERLIQUID,1771150140000,3.5066,3.5066,3.5066,3.5066,6.4
2Z-USD-PERP.HYPERLIQUID,1771150140000,0.080216,0.08026,0.080216,0.080232,670.0
BTC-USD-PERP.HYPERLIQUID,1771150140000,70234.0,70290.0,70234.0,70284.0,0.23761
ETH-USD-PERP.HYPERLIQUID,1771150140000,2056.7,2058.1,2056.7,2057.9,9.2037
HYPE-USD-PERP.HYPERLIQUID,1771150140000,31.019,31.072,31.019,31.059,3353.27
JUP-USD-PERP.HYPERLIQUID,1771150140000,0.16599,0.16599,0.16599,0.16599,1364.0
AVAX-USD-PERP.HYPERLIQUID,1771150140000,9.5438,9.5532,9.5438,9.5522,104.42
BCH-USD-PERP.HYPERLIQUID,1771150140000,558.96,559.47,558.96,559.47,5.742
ETH-USD-PERP.HYPERLIQUID,1771150140000,2056.7,2058.2,2056.7,2058.2,12.1177
JUP-USD-PERP.HYPERLIQUID,1771150140000,0.16599,0.16608,0.16599,0.16608,2222.0
PENGU-USD-PERP.HYPERLIQUID,1771150140000,0.00751,0.007514,0.00751,0.007514,42291.0
SOL-USD-PERP.HYPERLIQUID,1771150140000,89.37,89.459,89.37,89.459,4354.43
TAO-USD-PERP.HYPERLIQUID,1771150140000,187.63,187.94,187.63,187.94,1.619
ZEC-USD-PERP.HYPERLIQUID,1771150140000,308.27,308.8,308.27,308.71,21.61
kPEPE-USD-PERP.HYPERLIQUID,1771150140000,0.004654,0.004655,0.004652,0.004653,3380295.0
AAVE-USD-PERP.HYPERLIQUID,1771150140000,128.62,128.62,128.62,128.62,265.88
BNB-USD-PERP.HYPERLIQUID,1771150140000,627.37,627.42,627.37,627.42,2.615
BTC-USD-PERP.HYPERLIQUID,1771150140000,70234.0,70290.0,70234.0,70287.0,0.23777
CRV-USD-PERP.HYPERLIQUID,1771150140000,0.25844,0.25863,0.25844,0.25863,11171.3
ETH-USD-PERP.HYPERLIQUID,1771150140000,2056.7,2058.2,2056.7,2058.2,12.2277
LIT-USD-PERP.HYPERLIQUID,1771150140000,1.7044,1.705,1.7039,1.705,451.0
PROVE-USD-PERP.HYPERLIQUID,1771150140000,0.33533,0.33533,0.33532,0.33532,1036.0
VVV-USD-PERP.HYPERLIQUID,1771150140000,3.8129,3.8392,3.8129,3.8292,5158.47
XPL-USD-PERP.HYPERLIQUID,1771150140000,0.10074,0.10074,0.10074,0.10074,2675.0
ZEC-USD-PERP.HYPERLIQUID,1771150140000,308.27,308.8,308.27,308.68,21.71
AVAX-USD-PERP.HYPERLIQUID,1771150140000,9.5438,9.5546,9.5438,9.5546,109.43
BNB-USD-PERP.HYPERLIQUID,1771150140000,627.37,627.7,627.37,627.7,2.785
BTC-USD-PERP.HYPERLIQUID,1771150140000,70234.0,70292.0,70234.0,70292.0,0.23852
CRV-USD-PERP.HYPERLIQUID,1771150140000,0.25844,0.25864,0.25844,0.25864,14359.2
IP-USD-PERP.HYPERLIQUID,1771150140000,1.1648,1.1648,1.1648,1.1648,31.9
PENGU-USD-PERP.HYPERLIQUID,1771150140000,0.00751,0.007516,0.00751,0.007516,50277.0
PUMP-USD-PERP.HYPERLIQUID,1771150140000,0.00228,0.002282,0.00228,0.002282,260994.0
VVV-USD-PERP.HYPERLIQUID,1771150140000,3.8129,3.8392,3.8129,3.8292,5224.28
ZEC-USD-PERP.HYPERLIQUID,1771150140000,308.27,308.8,308.27,308.65,22.0
AAVE-USD-PERP.HYPERLIQUID,1771150140000,128.62,128.62,128.62,128.62,269.35
BTC-USD-PERP.HYPERLIQUID,1771150140000,70234.0,70292.0,70234.0,70292.0,0.23894
CRV-USD-PERP.HYPERLIQUID,1771150140000,0.25844,0.2587,0.25844,0.2587,14733.7
FARTCOIN-USD-PERP.HYPERLIQUID,1771150140000,0.20961,0.20993,0.20959,0.20993,20620.8
LINK-USD-PERP.HYPERLIQUID,1771150140000,9.068,9.0693,9.068,9.0693,514.8
ZEC-USD-PERP.HYPERLIQUID,1771150140000,308.27,308.8,308.27,308.61,22.21
AAVE-USD-PERP.HYPERLIQUID,1771150140000,128.62,128.62,128.62,128.62,317.07
BNB-USD-PERP.HYPERLIQUID,1771150140000,627.37,627.7,627.37,627.65,3.353
BRETT-USD-PERP.HYPERLIQUID,1771150140000,0.008274,0.008274,0.008274,0.008274,32099.0
ENA-USD-PERP.HYPERLIQUID,1771150140000,0.12639,0.12654,0.12639,0.12653,8454.0
ETH-USD-PERP.HYPERLIQUID,1771150140000,2056.7,2058.3,2056.7,2058.3,12.5784
KAS-USD-PERP.HYPERLIQUID,1771150140000,0.033039,0.033081,0.033039,0.033081,1040.0
LINK-USD-PERP.HYPERLIQUID,1771150140000,9.068,9.07,9.0679,9.07,613.1
SOL-USD-PERP.HYPERLIQUID,1771150140000,89.37,89.472,89.37,89.472,4354.67
TAO-USD-PERP.HYPERLIQUID,1771150140000,187.63,187.95,187.63,187.95,2.962
TRUMP-USD-PERP.HYPERLIQUID,1771150140000,3.5066,3.508,3.5066,3.508,108.4
WLFI-USD-PERP.HYPERLIQUID,1771150140000,0.10621,0.1063,0.10621,0.1063,15388.0
ZEC-USD-PERP.HYPERLIQUID,1771150140000,308.27,308.8,308.27,308.64,24.85
AAVE-USD-PERP.HYPERLIQUID,1771150140000,128.62,128.62,128.62,128.62,319.47
BTC-USD-PERP.HYPERLIQUID,1771150140000,70234.0,70294.0,70234.0,70294.0,0.2391
ETH-USD-PERP.HYPERLIQUID,1771150140000,2056.7,2058.5,2056.7,2058.5,14.0354
HYPE-USD-PERP.HYPERLIQUID,1771150140000,31.019,31.074,31.019,31.074,3354.59
ICP-USD-PERP.HYPERLIQUID,1771150140000,2.4983,2.4983,2.4983,2.4983,12.0
SAND-USD-PERP.HYPERLIQUID,1771150140000,0.091051,0.091051,0.091051,0.091051,374.0
SOL-USD-PERP.HYPERLIQUID,1771150140000,89.37,89.473,89.37,89.473,4354.8
VVV-USD-PERP.HYPERLIQUID,1771150140000,3.8129,3.8392,3.8129,3.8326,5485.19
kPEPE-USD-PERP.HYPERLIQUID,1771150140000,0.004654,0.004655,0.004652,0.004654,3382952.0
ARB-USD-PERP.HYPERLIQUID,1771150140000,0.11823,0.11831,0.11823,0.11831,5265.0
CRV-USD-PERP.HYPERLIQUID,1771150140000,0.25844,0.2587,0.25844,0.2587,15035.4
ETC-USD-PERP.HYPERLIQUID,1771150140000,9.0023,9.004,9.0023,9.004,18.41
HYPE-USD-PERP.HYPERLIQUID,1771150140000,31.019,31.075,31.019,31.075,3398.98
IO-USD-PERP.HYPERLIQUID,1771150140000,0.10974,0.10987,0.10974,0.10987,37862.9
VVV-USD-PERP.HYPERLIQUID,1771150140000,3.8129,3.8392,3.8129,3.8317,5586.02
kBONK-USD-PERP.HYPERLIQUID,1771150140000,0.00685,0.006851,0.006849,0.006851,147131.0
AZTEC-USD-PERP.HYPERLIQUID,1771150140000,0.023652,0.023731,0.023652,0.023731,81632.0
BTC-USD-PERP.HYPERLIQUID,1771150140000,70234.0,70295.0,70234.0,70295.0,0.24004
ETH-USD-PERP.HYPERLIQUID,1771150140000,2056.7,2058.5,2056.7,2058.5,14.0636
SOL-USD-PERP.HYPERLIQUID,1771150140000,89.37,89.473,89.37,89.473,4466.67
WCT-USD-PERP.HYPERLIQUID,1771150140000,0.064927,0.064927,0.064927,0.064927,446.0
ATOM-USD-PERP.HYPERLIQUID,1771150140000,2.1581,2.1609,2.1581,2.1609,28.08
BTC-USD-PERP.HYPERLIQUID,1771150140000,70234.0,70295.0,70234.0,70295.0,0.24104
SOL-USD-PERP.HYPERLIQUID,1771150140000,89.37,89.473,89.37,89.472,4524.16
CRV-USD-PERP.HYPERLIQUID,1771150140000,0.25844,0.2587,0.25844,0.25869,15211.1
ETH-USD-PERP.HYPERLIQUID,1771150140000,2056.7,2058.6,2056.7,2058.6,14.0685
VVV-USD-PERP.HYPERLIQUID,1771150140000,3.8129,3.8392,3.8129,3.8348,5603.2
BCH-USD-PERP.HYPERLIQUID,1771150140000,558.96,559.52,558.96,559.52,5.907
BTC-USD-PERP.HYPERLIQUID,1771150140000,70234.0,70295.0,70234.0,70294.0,0.24121
CAKE-USD-PERP.HYPERLIQUID,1771150140000,1.3438,1.3438,1.3438,1.3438,22.0
DOGE-USD-PERP.HYPERLIQUID,1771150140000,0.11349,0.1136,0.11349,0.1136,5636.0
ZEC-USD-PERP.HYPERLIQUID,1771150140000,308.27,308.8,308.27,308.79,24.89
CRV-USD-PERP.HYPERLIQUID,1771150140000,0.25844,0.25876,0.25844,0.25876,15989.2
ETH-USD-PERP.HYPERLIQUID,1771150140000,2056.7,2058.7,2056.7,2058.7,14.1694
PENDLE-USD-PERP.HYPERLIQUID,1771150140000,1.2868,1.2876,1.2868,1.2876,461.0
TAO-USD-PERP.HYPERLIQUID,1771150140000,187.63,188.03,187.63,188.03,3.492
VVV-USD-PERP.HYPERLIQUID,1771150140000,3.8129,3.8392,3.8129,3.8325,5635.02
kPEPE-USD-PERP.HYPERLIQUID,1771150140000,0.004654,0.004656,0.004652,0.004656,3385315.0
kSHIB-USD-PERP.HYPERLIQUID,1771150140000,0.006802,0.006812,0.006802,0.006812,103790.0
AVAX-USD-PERP.HYPERLIQUID,1771150140000,9.5438,9.5565,9.5438,9.5565,129.42
MOODENG-USD-PERP.HYPERLIQUID,1771150140000,0.059508,0.059576,0.059508,0.059576,5161.0
PENGU-USD-PERP.HYPERLIQUID,1771150140000,0.00751,0.007516,0.00751,0.007516,50436.0
TIA-USD-PERP.HYPERLIQUID,1771150140000,0.3519,0.35235,0.3519,0.35235,3275.7
ZEC-USD-PERP.HYPERLIQUID,1771150140000,308.27,308.8,308.27,308.74,26.67
kBONK-USD-PERP.HYPERLIQUID,1771150140000,0.00685,0.006853,0.006849,0.006853,205428.0
ARB-USD-PERP.HYPERLIQUID,1771150140000,0.11823,0.11833,0.11823,0.11833,5405.5
CRV-USD-PERP.HYPERLIQUID,1771150140000,0.25844,0.25876,0.25844,0.25876,17370.9
HYPE-USD-PERP.HYPERLIQUID,1771150140000,31.019,31.075,31.019,31.07,3400.05
SOL-USD-PERP.HYPERLIQUID,1771150140000,89.37,89.48,89.37,89.48,4524.5
VVV-USD-PERP.HYPERLIQUID,1771150140000,3.8129,3.8392,3.8129,3.8295,5757.39
WLFI-USD-PERP.HYPERLIQUID,1771150140000,0.10621,0.10631,0.10621,0.10631,15588.0
ZETA-USD-PERP.HYPERLIQUID,1771150140000,0.0575,0.0575,0.0575,0.0575,278.4
kBONK-USD-PERP.HYPERLIQUID,1771150140000,0.00685,0.006853,0.006849,0.006853,410656.0
ADA-USD-PERP.HYPERLIQUID,1771150140000,0.29361,0.29383,0.29359,0.29383,5838.0
ARB-USD-PERP.HYPERLIQUID,1771150140000,0.11823,0.11833,0.11823,0.11833,6917.8
BTC-USD-PERP.HYPERLIQUID,1771150140000,70234.0,70295.0,70234.0,70294.0,0.24197
LIT-USD-PERP.HYPERLIQUID,1771150140000,1.7044,1.7054,1.7039,1.7054,469.0
LTC-USD-PERP.HYPERLIQUID,1771150140000,55.822,55.848,55.822,55.848,29.05
PNUT-USD-PERP.HYPERLIQUID,1771150140000,0.05241,0.0525,0.05241,0.0525,955.1
S-USD-PERP.HYPERLIQUID,1771150140000,0.049586,0.049586,0.049586,0.049586,2112.0
TAO-USD-PERP.HYPERLIQUID,1771150140000,187.63,188.03,187.63,188.03,3.631
USUAL-USD-PERP.HYPERLIQUID,1771150140000,0.01569,0.01569,0.01569,0.01569,1728.7
kPEPE-USD-PERP.HYPERLIQUID,1771150140000,0.004654,0.004656,0.004652,0.004656,3761343.0
AAVE-USD-PERP.HYPERLIQUID,1771150140000,128.62,128.62,128.62,128.62,321.07
DASH-USD-PERP.HYPERLIQUID,1771150140000,39.848,39.871,39.848,39.871,8.56
FET-USD-PERP.HYPERLIQUID,1771150140000,0.17736,0.17777,0.17736,0.17774,2456.0
GAS-USD-PERP.HYPERLIQUID,1771150140000,1.7002,1.7002,1.7002,1.7002,10.0
OP-USD-PERP.HYPERLIQUID,1771150140000,0.19383,0.19397,0.19383,0.19397,260.9
PYTH-USD-PERP.HYPERLIQUID,1771150140000,0.056692,0.056692,0.056692,0.056692,2646.0
SAND-USD-PERP.HYPERLIQUID,1771150140000,0.091051,0.091131,0.091051,0.091131,577.0
TIA-USD-PERP.HYPERLIQUID,1771150140000,0.3519,0.35235,0.3519,0.35225,3369.4
ZEC-USD-PERP.HYPERLIQUID,1771150140000,308.27,308.83,308.27,308.83,26.71
AVAX-USD-PERP.HYPERLIQUID,1771150140000,9.5438,9.5565,9.5438,9.5558,140.3
BIO-USD-PERP.HYPERLIQUID,1771150140000,0.025388,0.025405,0.025388,0.025405,151747.0
PENDLE-USD-PERP.HYPERLIQUID,1771150140000,1.2868,1.2876,1.2868,1.2876,598.0
VVV-USD-PERP.HYPERLIQUID,1771150140000,3.8129,3.8392,3.8129,3.833,5779.49
ADA-USD-PERP.HYPERLIQUID,1771150140000,0.29361,0.29383,0.29359,0.29369,8231.0
ETH-USD-PERP.HYPERLIQUID,1771150140000,2056.7,2058.7,2056.7,2058.6,14.2794
FET-USD-PERP.HYPERLIQUID,1771150140000,0.17736,0.17777,0.17736,0.17774,2814.0
PENDLE-USD-PERP.HYPERLIQUID,1771150140000,1.2868,1.2876,1.2868,1.2876,798.0
POL-USD-PERP.HYPERLIQUID,1771150140000,0.10913,0.10913,0.10913,0.10913,599.0
SOL-USD-PERP.HYPERLIQUID,1771150140000,89.37,89.501,89.37,89.501,4524.63
TIA-USD-PERP.HYPERLIQUID,1771150140000,0.3519,0.35235,0.3519,0.35231,4434.2
VVV-USD-PERP.HYPERLIQUID,1771150140000,3.8129,3.8392,3.8129,3.8331,5979.73
XRP-USD-PERP.HYPERLIQUID,1771150140000,1.5781,1.581,1.5781,1.581,6258.0
HYPE-USD-PERP.HYPERLIQUID,1771150140000,31.019,31.09,31.019,31.09,5068.73
LTC-USD-PERP.HYPERLIQUID,1771150140000,55.822,55.848,55.822,55.842,29.24
NEAR-USD-PERP.HYPERLIQUID,1771150140000,1.0727,1.0741,1.0727,1.0741,1423.8
POPCAT-USD-PERP.HYPERLIQUID,1771150140000,0.056228,0.056228,0.056228,0.056228,334.0
SOL-USD-PERP.HYPERLIQUID,1771150140000,89.37,89.501,89.37,89.488,4603.99
SUI-USD-PERP.HYPERLIQUID,1771150140000,1.0127,1.0147,1.0127,1.0147,1897.7
VVV-USD-PERP.HYPERLIQUID,1771150140000,3.8129,3.8392,3.8129,3.8331,6002.96
ZEC-USD-PERP.HYPERLIQUID,1771150140000,308.27,308.83,308.27,308.7,26.75
ZEN-USD-PERP.HYPERLIQUID,1771150140000,6.5161,6.5225,6.5161,6.5225,5.63
BERA-USD-PERP.HYPERLIQUID,1771150140000,0.6624,0.66302,0.66229,0.66302,2312.5
BTC-USD-PERP.HYPERLIQUID,1771150140000,70234.0,70295.0,70234.0,70294.0,0.24213
ETH-USD-PERP.HYPERLIQUID,1771150140000,2056.7,2058.7,2056.7,2058.4,14.2999
HYPE-USD-PERP.HYPERLIQUID,1771150140000,31.019,31.09,31.019,31.086,5069.1
MNT-USD-PERP.HYPERLIQUID,1771150140000,0.67022,0.67081,0.67012,0.67042,2861.1
SOL-USD-PERP.HYPERLIQUID,1771150140000,89.37,89.501,89.37,89.485,4604.13
TRX-USD-PERP.HYPERLIQUID,1771150140000,0.28078,0.28079,0.28078,0.28079,4687.0
ZEC-USD-PERP.HYPERLIQUID,1771150140000,308.27,308.83,308.27,308.61,26.79
2Z-USD-PERP.HYPERLIQUID,1771150140000,0.080216,0.080282,0.080216,0.080282,820.0
ATOM-USD-PERP.HYPERLIQUID,1771150140000,2.1581,2.1622,2.1581,2.1622,74.2
BTC-USD-PERP.HYPERLIQUID,1771150140000,70234.0,70299.0,70234.0,70299.0,2.80707
CRV-USD-PERP.HYPERLIQUID,1771150140000,0.25844,0.25876,0.25844,0.25873,18053.2
DOT-USD-PERP.HYPERLIQUID,1771150140000,1.4061,1.4061,1.406,1.406,235.4
ENA-USD-PERP.HYPERLIQUID,1771150140000,0.12639,0.12661,0.12639,0.12661,8755.0
ENS-USD-PERP.HYPERLIQUID,1771150140000,6.8767,6.8767,6.8767,6.8767,2.74
ETC-USD-PERP.HYPERLIQUID,1771150140000,9.0023,9.0048,9.0023,9.0048,20.53
ETH-USD-PERP.HYPERLIQUID,1771150140000,2056.7,2058.7,2056.7,2058.5,15.4537
FET-USD-PERP.HYPERLIQUID,1771150140000,0.17736,0.1779,0.17736,0.1779,3010.0
GOAT-USD-PERP.HYPERLIQUID,1771150140000,0.02475,0.02475,0.02475,0.02475,8569.0
HYPE-USD-PERP.HYPERLIQUID,1771150140000,31.019,31.09,31.019,31.089,5288.93
IMX-USD-PERP.HYPERLIQUID,1771150140000,0.17306,0.17306,0.17306,0.17306,172.0
LINEA-USD-PERP.HYPERLIQUID,1771150140000,0.003838,0.003842,0.003838,0.003842,51165.0
LIT-USD-PERP.HYPERLIQUID,1771150140000,1.7044,1.7054,1.7039,1.7051,479.0
MERL-USD-PERP.HYPERLIQUID,1771150140000,0.064145,0.064215,0.064145,0.064215,626.0
NEAR-USD-PERP.HYPERLIQUID,1771150140000,1.0727,1.0741,1.0727,1.0741,1438.0
ONDO-USD-PERP.HYPERLIQUID,1771150140000,0.28554,0.28614,0.28554,0.28614,527.0
OP-USD-PERP.HYPERLIQUID,1771150140000,0.19383,0.19403,0.19383,0.19403,330.3
POPCAT-USD-PERP.HYPERLIQUID,1771150140000,0.056228,0.056228,0.056228,0.056228,617.0
PUMP-USD-PERP.HYPERLIQUID,1771150140000,0.00228,0.002283,0.00228,0.002283,1004994.0
RENDER-USD-PERP.HYPERLIQUID,1771150140000,1.4727,1.474,1.4727,1.474,206.8
SCR-USD-PERP.HYPERLIQUID,1771150140000,0.05064,0.05064,0.05064,0.05064,710.8
SKY-USD-PERP.HYPERLIQUID,1771150140000,0.067343,0.067343,0.067343,0.067343,426.0
SOL-USD-PERP.HYPERLIQUID,1771150140000,89.37,89.501,89.37,89.498,4805.79
SPX-USD-PERP.HYPERLIQUID,1771150140000,0.32817,0.329,0.32817,0.329,5661.9
STRK-USD-PERP.HYPERLIQUID,1771150140000,0.05054,0.05061,0.05054,0.05061,1518.5
STX-USD-PERP.HYPERLIQUID,1771150140000,0.27392,0.27392,0.27392,0.27392,71.0
SYRUP-USD-PERP.HYPERLIQUID,1771150140000,0.27449,0.27466,0.27449,0.27466,200.0
TRUMP-USD-PERP.HYPERLIQUID,1771150140000,3.5066,3.508,3.5066,3.5079,130.9
TRX-USD-PERP.HYPERLIQUID,1771150140000,0.28078,0.28079,0.28078,0.28078,5996.0
UNI-USD-PERP.HYPERLIQUID,1771150140000,3.5685,3.576,3.5685,3.576,1878.6
VVV-USD-PERP.HYPERLIQUID,1771150140000,3.8129,3.8429,3.8129,3.8337,10021.19
XRP-USD-PERP.HYPERLIQUID,1771150140000,1.5781,1.5815,1.5781,1.5815,8202.0
ZEC-USD-PERP.HYPERLIQUID,1771150140000,308.27,308.83,308.27,308.64,29.36
kLUNC-USD-PERP.HYPERLIQUID,1771150140000,0.035919,0.035919,0.035907,0.035907,71065.0
kPEPE-USD-PERP.HYPERLIQUID,1771150140000,0.004654,0.00466,0.004652,0.00466,3997893.0
MEME-USD-PERP.HYPERLIQUID,1771150140000,0.000749,0.000749,0.000748,0.000748,44813.0
SKR-USD-PERP.HYPERLIQUID,1771150140000,0.022666,0.022681,0.022666,0.022681,63262.0
USUAL-USD-PERP.HYPERLIQUID,1771150140000,0.01569,0.01569,0.01569,0.01569,3717.9
VVV-USD-PERP.HYPERLIQUID,1771150140000,3.8129,3.8429,3.8129,3.8336,10038.31
ETH-USD-PERP.HYPERLIQUID,1771150140000,2056.7,2058.7,2056.7,2058.4,15.4612
HYPE-USD-PERP.HYPERLIQUID,1771150140000,31.019,31.09,31.019,31.082,5289.41
ATOM-USD-PERP.HYPERLIQUID,1771150140000,2.1581,2.1622,2.1581,2.1606,94.2
LINK-USD-PERP.HYPERLIQUID,1771150140000,9.068,9.07,9.0676,9.0676,642.1
XRP-USD-PERP.HYPERLIQUID,1771150140000,1.5781,1.5815,1.5781,1.5815,8209.0
NEAR-USD-PERP.HYPERLIQUID,1771150140000,1.0727,1.0741,1.0727,1.0739,1454.6
VVV-USD-PERP.HYPERLIQUID,1771150140000,3.8129,3.8429,3.8129,3.8291,10193.56
XRP-USD-PERP.HYPERLIQUID,1771150140000,1.5781,1.5815,1.5781,1.5814,20956.0
kBONK-USD-PERP.HYPERLIQUID,1771150140000,0.00685,0.006856,0.006849,0.006856,415297.0
ENS-USD-PERP.HYPERLIQUID,1771150140000,6.8767,6.8767,6.8742,6.8742,7.14
PENGU-USD-PERP.HYPERLIQUID,1771150140000,0.00751,0.007516,0.00751,0.007515,52026.0
SOL-USD-PERP.HYPERLIQUID,1771150140000,89.37,89.501,89.37,89.471,4832.42
VVV-USD-PERP.HYPERLIQUID,1771150140000,3.8129,3.8429,3.8129,3.831,10200.71
W-USD-PERP.HYPERLIQUID,1771150140000,0.02094,0.02094,0.02094,0.02094,844.6
AAVE-USD-PERP.HYPERLIQUID,1771150140000,128.62,128.62,128.6,128.6,332.1
BTC-USD-PERP.HYPERLIQUID,1771150140000,70234.0,70299.0,70234.0,70292.0,2.81097
ETH-USD-PERP.HYPERLIQUID,1771150140000,2056.7,2058.7,2056.7,2058.3,15.5878
FARTCOIN-USD-PERP.HYPERLIQUID,1771150140000,0.20961,0.20993,0.20959,0.20978,25516.4
HEMI-USD-PERP.HYPERLIQUID,1771150140000,0.010415,0.010415,0.010415,0.010415,1585.0
LINK-USD-PERP.HYPERLIQUID,1771150140000,9.068,9.07,9.0665,9.0665,698.3
SNX-USD-PERP.HYPERLIQUID,1771150140000,0.30417,0.30461,0.30417,0.30461,118.8
SUI-USD-PERP.HYPERLIQUID,1771150140000,1.0127,1.0147,1.0127,1.0144,2583.9
UNI-USD-PERP.HYPERLIQUID,1771150140000,3.5685,3.576,3.5685,3.576,1895.2
XRP-USD-PERP.HYPERLIQUID,1771150140000,1.5781,1.5815,1.5781,1.5803,21903.0
ETH-USD-PERP.HYPERLIQUID,1771150140000,2056.7,2058.7,2056.7,2058.2,15.5938
LIT-USD-PERP.HYPERLIQUID,1771150140000,1.7044,1.7054,1.7039,1.7045,1086.0
COMP-USD-PERP.HYPERLIQUID,1771150140000,23.034,23.034,23.034,23.034,3.6
AZTEC-USD-PERP.HYPERLIQUID,1771150140000,0.023652,0.023731,0.023652,0.023713,82129.0
HYPE-USD-PERP.HYPERLIQUID,1771150140000,31.019,31.092,31.019,31.092,5289.78
NEAR-USD-PERP.HYPERLIQUID,1771150140000,1.0727,1.0741,1.0727,1.0737,1471.3
SOL-USD-PERP.HYPERLIQUID,1771150140000,89.37,89.501,89.37,89.47,4952.62
VVV-USD-PERP.HYPERLIQUID,1771150140000,3.8129,3.8429,3.8129,3.8309,10472.34
ETH-USD-PERP.HYPERLIQUID,1771150140000,2056.7,2058.7,2056.7,2058.3,18.2038
SOL-USD-PERP.HYPERLIQUID,1771150140000,89.37,89.501,89.37,89.472,4952.82
ZEC-USD-PERP.HYPERLIQUID,1771150140000,308.27,308.83,308.27,308.64,31.0
HYPE-USD-PERP.HYPERLIQUID,1771150140000,31.019,31.092,31.019,31.09,5343.85
NEAR-USD-PERP.HYPERLIQUID,1771150140000,1.0727,1.0741,1.0727,1.0737,1807.8
OP-USD-PERP.HYPERLIQUID,1771150140000,0.19383,0.19408,0.19383,0.19408,391.9
BTC-USD-PERP.HYPERLIQUID,1771150140000,70234.0,70299.0,70234.0,70288.0,2.84572
HYPE-USD-PERP.HYPERLIQUID,1771150140000,31.019,31.092,31.019,31.088,5401.85
VVV-USD-PERP.HYPERLIQUID,1771150140000,3.8129,3.8429,3.8129,3.8313,10723.63
VVV-USD-PERP.HYPERLIQUID,1771150140000,3.8129,3.8429,3.8129,3.8276,10760.71
BTC-USD-PERP.HYPERLIQUID,1771150140000,70234.0,70299.0,70234.0,70288.0,2.849
AAVE-USD-PERP.HYPERLIQUID,1771150140000,128.62,128.62,128.6,128.62,333.1
ETH-USD-PERP.HYPERLIQUID,1771150140000,2056.7,2058.7,2056.7,2058.4,18.2148
MNT-USD-PERP.HYPERLIQUID,1771150140000,0.67022,0.67081,0.67012,0.67081,2897.3
TRX-USD-PERP.HYPERLIQUID,1771150140000,0.28078,0.28079,0.28078,0.28078,6080.0
ENA-USD-PERP.HYPERLIQUID,1771150140000,0.12639,0.12662,0.12639,0.12662,32455.0
FARTCOIN-USD-PERP.HYPERLIQUID,1771150140000,0.20961,0.20993,0.20959,0.2098,29304.2
HYPE-USD-PERP.HYPERLIQUID,1771150140000,31.019,31.094,31.019,31.091,5404.65
VVV-USD-PERP.HYPERLIQUID,1771150140000,3.8129,3.8429,3.8129,3.8276,10838.73
ZEC-USD-PERP.HYPERLIQUID,1771150140000,308.27,308.83,308.27,308.62,31.09
FIL-USD-PERP.HYPERLIQUID,1771150140000,0.99771,0.99771,0.99771,0.99771,15.5
OP-USD-PERP.HYPERLIQUID,1771150140000,0.19383,0.19408,0.19383,0.19408,449.7
ZEC-USD-PERP.HYPERLIQUID,1771150140000,308.27,308.83,308.27,308.62,31.29
VVV-USD-PERP.HYPERLIQUID,1771150140000,3.8129,3.8429,3.8129,3.8294,10855.88
AAVE-USD-PERP.HYPERLIQUID,1771150140000,128.62,128.62,128.6,128.62,333.9
ETH-USD-PERP.HYPERLIQUID,1771150140000,2056.7,2058.7,2056.7,2058.5,18.5408
HYPE-USD-PERP.HYPERLIQUID,1771150140000,31.019,31.094,31.019,31.09,5406.27
PUMP-USD-PERP.HYPERLIQUID,1771150140000,0.00228,0.002284,0.00228,0.002284,1016125.0
VVV-USD-PERP.HYPERLIQUID,1771150140000,3.8129,3.8429,3.8129,3.8294,10896.31
SOL-USD-PERP.HYPERLIQUID,1771150140000,89.37,89.501,89.37,89.492,4953.1
VVV-USD-PERP.HYPERLIQUID,1771150140000,3.8129,3.8429,3.8129,3.8294,10982.38
ZEC-USD-PERP.HYPERLIQUID,1771150140000,308.27,308.83,308.27,308.58,31.45
FARTCOIN-USD-PERP.HYPERLIQUID,1771150140000,0.20961,0.20993,0.20959,0.2098,29386.8
ZEC-USD-PERP.HYPERLIQUID,1771150140000,308.27,308.83,308.27,308.58,31.65
BTC-USD-PERP.HYPERLIQUID,1771150140000,70234.0,70299.0,70234.0,70289.0,2.84916
VVV-USD-PERP.HYPERLIQUID,1771150140000,3.8129,3.8429,3.8129,3.8294,11152.88
ZEC-USD-PERP.HYPERLIQUID,1771150140000,308.27,308.83,308.27,308.58,31.69
PAXG-USD-PERP.HYPERLIQUID,1771150140000,5036.2,5036.2,5036.2,5036.2,0.004
SOL-USD-PERP.HYPERLIQUID,1771150140000,89.37,89.501,89.37,89.495,4955.27
XRP-USD-PERP.HYPERLIQUID,1771150140000,1.5781,1.5815,1.5781,1.5808,23968.0
BABY-USD-PERP.HYPERLIQUID,1771150140000,0.013931,0.013931,0.013931,0.013931,1281.0
ETH-USD-PERP.HYPERLIQUID,1771150140000,2056.7,2058.7,2056.7,2058.6,18.6408
LTC-USD-PERP.HYPERLIQUID,1771150140000,55.822,55.848,55.801,55.801,30.31
OM-USD-PERP.HYPERLIQUID,1771150140000,0.06167,0.06167,0.06167,0.06167,269.9
TST-USD-PERP.HYPERLIQUID,1771150140000,0.011664,0.011664,0.011664,0.011664,1912.0
HYPE-USD-PERP.HYPERLIQUID,1771150140000,31.019,31.095,31.019,31.095,5406.64
MERL-USD-PERP.HYPERLIQUID,1771150140000,0.064145,0.064215,0.064145,0.064175,4752.0
TAO-USD-PERP.HYPERLIQUID,1771150140000,187.63,188.03,187.63,187.84,6.45
VVV-USD-PERP.HYPERLIQUID,1771150140000,3.8129,3.8429,3.8129,3.8298,11197.56
ZEC-USD-PERP.HYPERLIQUID,1771150140000,308.27,308.83,308.27,308.57,32.82
HYPE-USD-PERP.HYPERLIQUID,1771150140000,31.019,31.095,31.019,31.091,5415.2
BTC-USD-PERP.HYPERLIQUID,1771150140000,70234.0,70299.0,70234.0,70291.0,2.84932
HYPE-USD-PERP.HYPERLIQUID,1771150140000,31.019,31.095,31.019,31.094,5415.57
LTC-USD-PERP.HYPERLIQUID,1771150140000,55.822,55.848,55.801,55.812,31.96
PENGU-USD-PERP.HYPERLIQUID,1771150140000,0.00751,0.007517,0.00751,0.007517,54035.0
XMR-USD-PERP.HYPERLIQUID,1771150140000,348.35,349.83,348.35,349.83,11.582
ZEC-USD-PERP.HYPERLIQUID,1771150140000,308.27,308.83,308.27,308.58,32.87
ETH-USD-PERP.HYPERLIQUID,1771150140000,2056.7,2058.9,2056.7,2058.9,21.6905
VVV-USD-PERP.HYPERLIQUID,1771150140000,3.8129,3.8429,3.8129,3.8299,11325.52
AAVE-USD-PERP.HYPERLIQUID,1771150140000,128.62,128.62,128.6,128.62,520.49
AVAX-USD-PERP.HYPERLIQUID,1771150140000,9.5438,9.5565,9.5438,9.5559,161.3
BTC-USD-PERP.HYPERLIQUID,1771150140000,70234.0,70299.0,70234.0,70294.0,2.85254
ETH-USD-PERP.HYPERLIQUID,1771150140000,2056.7,2058.9,2056.7,2058.9,21.8516
FARTCOIN-USD-PERP.HYPERLIQUID,1771150140000,0.20961,0.20993,0.20959,0.20983,29442.3
HYPE-USD-PERP.HYPERLIQUID,1771150140000,31.019,31.099,31.019,31.099,5416.6
INJ-USD-PERP.HYPERLIQUID,1771150140000,3.2251,3.2281,3.2251,3.2281,171.9
MORPHO-USD-PERP.HYPERLIQUID,1771150140000,1.4074,1.4074,1.4074,1.4074,1776.3
ZEC-USD-PERP.HYPERLIQUID,1771150140000,308.27,308.83,308.27,308.62,33.0
BTC-USD-PERP.HYPERLIQUID,1771150140000,70234.0,70299.0,70234.0,70297.0,2.93842
HYPE-USD-PERP.HYPERLIQUID,1771150140000,31.019,31.099,31.019,31.096,5417.38
SOL-USD-PERP.HYPERLIQUID,1771150140000,89.37,89.504,89.37,89.504,4955.44
kPEPE-USD-PERP.HYPERLIQUID,1771150140000,0.004654,0.004664,0.004652,0.004664,4112829.0
AAVE-USD-PERP.HYPERLIQUID,1771150140000,128.62,128.62,128.6,128.62,647.94
BTC-USD-PERP.HYPERLIQUID,1771150140000,70234.0,70303.0,70234.0,70303.0,3.05286
CRV-USD-PERP.HYPERLIQUID,1771150140000,0.25844,0.25879,0.25844,0.25879,18651.2
EIGEN-USD-PERP.HYPERLIQUID,1771150140000,0.2137,0.2142,0.2137,0.2142,438.67
ETH-USD-PERP.HYPERLIQUID,1771150140000,2056.7,2059.5,2056.7,2059.5,24.0745
FET-USD-PERP.HYPERLIQUID,1771150140000,0.17736,0.1779,0.17736,0.1779,3172.0
HYPE-USD-PERP.HYPERLIQUID,1771150140000,31.019,31.099,31.019,31.096,5418.67
NEAR-USD-PERP.HYPERLIQUID,1771150140000,1.0727,1.0744,1.0727,1.0744,1827.1
POPCAT-USD-PERP.HYPERLIQUID,1771150140000,0.056228,0.056251,0.056228,0.056251,930.0
SOL-USD-PERP.HYPERLIQUID,1771150140000,89.37,89.513,89.37,89.513,4955.61
VVV-USD-PERP.HYPERLIQUID,1771150140000,3.8129,3.8429,3.8129,3.8305,11420.85
AAVE-USD-PERP.HYPERLIQUID,1771150140000,128.62,128.72,128.6,128.72,673.04
LAYER-USD-PERP.HYPERLIQUID,1771150140000,0.092918,0.092918,0.092918,0.092918,124.0
MELANIA-USD-PERP.HYPERLIQUID,1771150140000,0.12371,0.12371,0.12371,0.12371,132.2
SOL-USD-PERP.HYPERLIQUID,1771150140000,89.37,89.527,89.37,89.527,4956.65
VVV-USD-PERP.HYPERLIQUID,1771150140000,3.8129,3.8429,3.8129,3.8304,11517.24
kPEPE-USD-PERP.HYPERLIQUID,1771150140000,0.004654,0.004664,0.004652,0.004664,4354488.0
BTC-USD-PERP.HYPERLIQUID,1771150140000,70234.0,70304.0,70234.0,70304.0,3.05386
INJ-USD-PERP.HYPERLIQUID,1771150140000,3.2251,3.2291,3.2251,3.2291,187.3
LIT-USD-PERP.HYPERLIQUID,1771150140000,1.7044,1.7054,1.7039,1.7052,1093.0
ORDI-USD-PERP.HYPERLIQUID,1771150140000,2.8923,2.8923,2.8923,2.8923,5.26
SPX-USD-PERP.HYPERLIQUID,1771150140000,0.32817,0.32915,0.32817,0.32915,6549.2
VVV-USD-PERP.HYPERLIQUID,1771150140000,3.8129,3.8429,3.8129,3.8304,11613.82
ZEC-USD-PERP.HYPERLIQUID,1771150140000,308.27,308.83,308.27,308.65,33.04
PENGU-USD-PERP.HYPERLIQUID,1771150140000,0.00751,0.00752,0.00751,0.00752,160848.0
VVV-USD-PERP.HYPERLIQUID,1771150140000,3.8129,3.8429,3.8129,3.8375,12613.51
ZEC-USD-PERP.HYPERLIQUID,1771150140000,308.27,308.83,308.27,308.63,33.42
ZORA-USD-PERP.HYPERLIQUID,1771150140000,0.02175,0.02175,0.02175,0.02175,861.0
kBONK-USD-PERP.HYPERLIQUID,1771150140000,0.00685,0.006859,0.006849,0.006859,418193.0
BTC-USD-PERP.HYPERLIQUID,1771150140000,70234.0,70305.0,70234.0,70305.0,3.05428
LINK-USD-PERP.HYPERLIQUID,1771150140000,9.068,9.0712,9.0665,9.0712,707.8
SOL-USD-PERP.HYPERLIQUID,1771150140000,89.37,89.527,89.37,89.527,4957.15
STBL-USD-PERP.HYPERLIQUID,1771150140000,0.039562,0.039615,0.039562,0.039615,1213.0
VVV-USD-PERP.HYPERLIQUID,1771150140000,3.8129,3.8429,3.8129,3.8344,12649.51
ZEC-USD-PERP.HYPERLIQUID,1771150140000,308.27,308.83,308.27,308.64,34.44
ETH-USD-PERP.HYPERLIQUID,1771150140000,2056.7,2059.5,2056.7,2059.5,24.0974
FTT-USD-PERP.HYPERLIQUID,1771150140000,0.36048,0.36048,0.36048,0.36048,99.9
MNT-USD-PERP.HYPERLIQUID,1771150140000,0.67022,0.67096,0.67012,0.67096,2928.6
SOL-USD-PERP.HYPERLIQUID,1771150140000,89.37,89.527,89.37,89.508,4957.81
XRP-USD-PERP.HYPERLIQUID,1771150140000,1.5781,1.5817,1.5781,1.5817,24018.0
BNB-USD-PERP.HYPERLIQUID,1771150140000,627.37,627.72,627.37,627.72,7.012
BTC-USD-PERP.HYPERLIQUID,1771150140000,70234.0,70305.0,70234.0,70305.0,3.05444
HYPE-USD-PERP.HYPERLIQUID,1771150140000,31.019,31.099,31.019,31.09,5419.6
INJ-USD-PERP.HYPERLIQUID,1771150140000,3.2251,3.2291,3.2251,3.2291,202.8
SOL-USD-PERP.HYPERLIQUID,1771150140000,89.37,89.527,89.37,89.509,4957.94
TON-USD-PERP.HYPERLIQUID,1771150140000,1.4735,1.4745,1.4735,1.4745,1793.7
VVV-USD-PERP.HYPERLIQUID,1771150140000,3.8129,3.8429,3.8129,3.8344,12982.98
ZEC-USD-PERP.HYPERLIQUID,1771150140000,308.27,308.83,308.27,308.59,34.56
kBONK-USD-PERP.HYPERLIQUID,1771150140000,0.00685,0.006862,0.006849,0.006862,423179.0
kPEPE-USD-PERP.HYPERLIQUID,1771150140000,0.004654,0.004665,0.004652,0.004665,4357138.0
BTC-USD-PERP.HYPERLIQUID,1771150140000,70234.0,70305.0,70234.0,70305.0,3.05623
DOGE-USD-PERP.HYPERLIQUID,1771150140000,0.11349,0.1136,0.11349,0.11358,12720.0
FET-USD-PERP.HYPERLIQUID,1771150140000,0.17736,0.17792,0.17736,0.17792,3240.0
XRP-USD-PERP.HYPERLIQUID,1771150140000,1.5781,1.5817,1.5781,1.5814,24218.0
AR-USD-PERP.HYPERLIQUID,1771150140000,2.0609,2.0609,2.0609,2.0609,8.06
BTC-USD-PERP.HYPERLIQUID,1771150140000,70234.0,70305.0,70234.0,70304.0,3.0574
DOGE-USD-PERP.HYPERLIQUID,1771150140000,0.11349,0.1136,0.11349,0.11358,12853.0
ETH-USD-PERP.HYPERLIQUID,1771150140000,2056.7,2059.5,2056.7,2059.1,74.0974
HYPE-USD-PERP.HYPERLIQUID,1771150140000,31.019,31.099,31.019,31.09,5420.37
ZEC-USD-PERP.HYPERLIQUID,1771150140000,308.27,308.83,308.27,308.53,35.82
ZEC-USD-PERP.HYPERLIQUID,1771150140000,308.27,308.83,308.27,308.53,35.94
BTC-USD-PERP.HYPERLIQUID,1771150140000,70234.0,70305.0,70234.0,70305.0,3.0584
ORDI-USD-PERP.HYPERLIQUID,1771150140000,2.8923,2.8923,2.8923,2.8923,12.12
ZEC-USD-PERP.HYPERLIQUID,1771150140000,308.27,308.83,308.27,308.53,36.02
kPEPE-USD-PERP.HYPERLIQUID,1771150140000,0.004654,0.004666,0.004652,0.004666,4881433.0
ETH-USD-PERP.HYPERLIQUID,1771150140000,2056.7,2059.5,2056.7,2059.1,74.2074
SOL-USD-PERP.HYPERLIQUID,1771150140000,89.37,89.527,89.37,89.49,4980.29
TAO-USD-PERP.HYPERLIQUID,1771150140000,187.63,188.03,187.63,187.9,6.643
XRP-USD-PERP.HYPERLIQUID,1771150140000,1.5781,1.5817,1.5781,1.5813,38419.0
BNB-USD-PERP.HYPERLIQUID,1771150140000,627.37,627.73,627.37,627.73,11.91
BTC-USD-PERP.HYPERLIQUID,1771150140000,70234.0,70305.0,70234.0,70304.0,3.05857
CRV-USD-PERP.HYPERLIQUID,1771150140000,0.25844,0.25882,0.25844,0.25882,19915.5
SPX-USD-PERP.HYPERLIQUID,1771150140000,0.32817,0.32917,0.32817,0.32917,8373.1
TON-USD-PERP.HYPERLIQUID,1771150140000,1.4735,1.475,1.4735,1.475,1803.2
ZEC-USD-PERP.HYPERLIQUID,1771150140000,308.27,308.83,308.27,308.57,37.44
kPEPE-USD-PERP.HYPERLIQUID,1771150140000,0.004654,0.004666,0.004652,0.004665,4890291.0
BTC-USD-PERP.HYPERLIQUID,1771150140000,70234.0,70305.0,70234.0,70305.0,3.06032
LIT-USD-PERP.HYPERLIQUID,1771150140000,1.7044,1.7054,1.7039,1.7051,1112.0
ZEC-USD-PERP.HYPERLIQUID,1771150140000,308.27,308.83,308.27,308.58,37.48
EIGEN-USD-PERP.HYPERLIQUID,1771150140000,0.2137,0.2142,0.2137,0.2142,527.56
HYPE-USD-PERP.HYPERLIQUID,1771150140000,31.019,31.099,31.019,31.09,5420.75
TRX-USD-PERP.HYPERLIQUID,1771150140000,0.28078,0.28079,0.28078,0.28078,6244.0
HYPE-USD-PERP.HYPERLIQUID,1771150140000,31.019,31.099,31.019,31.09,5421.13
PUMP-USD-PERP.HYPERLIQUID,1771150140000,0.00228,0.002284,0.00228,0.002283,1020595.0
SOL-USD-PERP.HYPERLIQUID,1771150140000,89.37,89.527,89.37,89.491,4980.42
TRUMP-USD-PERP.HYPERLIQUID,1771150140000,3.5066,3.508,3.5066,3.5076,133.8
XRP-USD-PERP.HYPERLIQUID,1771150140000,1.5781,1.5817,1.5781,1.5811,38444.0
BTC-USD-PERP.HYPERLIQUID,1771150140000,70234.0,70310.0,70234.0,70310.0,3.06546
ETH-USD-PERP.HYPERLIQUID,1771150140000,2056.7,2059.5,2056.7,2059.2,74.235
LTC-USD-PERP.HYPERLIQUID,1771150140000,55.822,55.848,55.801,55.831,32.52
PENGU-USD-PERP.HYPERLIQUID,1771150140000,0.00751,0.00752,0.00751,0.00752,168834.0
ZEC-USD-PERP.HYPERLIQUID,1771150140000,308.27,308.83,308.27,308.55,37.64
BERA-USD-PERP.HYPERLIQUID,1771150200000,0.66321,0.66321,0.66321,0.66321,1156.2
HYPE-USD-PERP.HYPERLIQUID,1771150200000,31.09,31.09,31.09,31.09,0.37
MNT-USD-PERP.HYPERLIQUID,1771150200000,0.67057,0.67057,0.67057,0.67057,1332.4
XRP-USD-PERP.HYPERLIQUID,1771150200000,1.581,1.581,1.581,1.581,138.0
ZEC-USD-PERP.HYPERLIQUID,1771150200000,308.53,308.55,308.53,308.55,0.08
kPEPE-USD-PERP.HYPERLIQUID,1771150140000,0.004654,0.004666,0.004652,0.004664,4966938.0
AXS-USD-PERP.HYPERLIQUID,1771150200000,1.4261,1.4261,1.4261,1.4261,11.6
BTC-USD-PERP.HYPERLIQUID,1771150200000,70309.0,70309.0,70309.0,70309.0,0.0003
HYPE-USD-PERP.HYPERLIQUID,1771150200000,31.09,31.09,31.089,31.089,1.14
MON-USD-PERP.HYPERLIQUID,1771150200000,0.023562,0.023562,0.023562,0.023562,10615.0
2Z-USD-PERP.HYPERLIQUID,1771150200000,0.08055,0.08055,0.08055,0.08055,1866.0
BTC-USD-PERP.HYPERLIQUID,1771150200000,70309.0,70309.0,70309.0,70309.0,0.01691
ENA-USD-PERP.HYPERLIQUID,1771150200000,0.12666,0.12666,0.12666,0.12666,275.0
PENGU-USD-PERP.HYPERLIQUID,1771150200000,0.007523,0.007523,0.007523,0.007523,6610.0
0G-USD-PERP.HYPERLIQUID,1771150200000,0.68719,0.68719,0.68719,0.68719,15.0
AZTEC-USD-PERP.HYPERLIQUID,1771150200000,0.023739,0.023739,0.023739,0.023739,13898.0
BTC-USD-PERP.HYPERLIQUID,1771150200000,70309.0,70309.0,70309.0,70309.0,0.01921
NEAR-USD-PERP.HYPERLIQUID,1771150200000,1.0739,1.0739,1.0739,1.0739,21.8
PUMP-USD-PERP.HYPERLIQUID,1771150200000,0.002285,0.002285,0.002285,0.002285,4470.0
SKR-USD-PERP.HYPERLIQUID,1771150200000,0.0227,0.022701,0.0227,0.022701,40000.0
XRP-USD-PERP.HYPERLIQUID,1771150200000,1.581,1.581,1.581,1.581,150.0
2Z-USD-PERP.HYPERLIQUID,1771150200000,0.08055,0.080553,0.08055,0.080553,3110.0
BTC-USD-PERP.HYPERLIQUID,1771150200000,70309.0,70315.0,70309.0,70315.0,0.02102
DOGE-USD-PERP.HYPERLIQUID,1771150200000,0.11354,0.11354,0.11352,0.11352,5000.0
ETH-USD-PERP.HYPERLIQUID,1771150200000,2059.2,2059.2,2059.2,2059.2,0.0101
FARTCOIN-USD-PERP.HYPERLIQUID,1771150200000,0.20977,0.20977,0.20977,0.20977,872.2
ZEC-USD-PERP.HYPERLIQUID,1771150200000,308.53,308.55,308.53,308.54,1.7
0G-USD-PERP.HYPERLIQUID,1771150200000,0.68719,0.68719,0.68718,0.68718,30.0
AZTEC-USD-PERP.HYPERLIQUID,1771150200000,0.023739,0.02376,0.023739,0.02376,14361.0
BTC-USD-PERP.HYPERLIQUID,1771150200000,70309.0,70324.0,70309.0,70324.0,0.69188
ETH-USD-PERP.HYPERLIQUID,1771150200000,2059.2,2059.7,2059.2,2059.7,1.4732
HYPE-USD-PERP.HYPERLIQUID,1771150200000,31.09,31.09,31.089,31.09,28.92
kNEIRO-USD-PERP.HYPERLIQUID,1771150200000,0.08001,0.08001,0.08001,0.08001,224.4
AIXBT-USD-PERP.HYPERLIQUID,1771150200000,0.021971,0.021971,0.021971,0.021971,788.0
BTC-USD-PERP.HYPERLIQUID,1771150200000,70309.0,70324.0,70309.0,70323.0,0.69226
GRASS-USD-PERP.HYPERLIQUID,1771150200000,0.22024,0.22024,0.22024,0.22024,89.7
VVV-USD-PERP.HYPERLIQUID,1771150200000,3.8344,3.8344,3.8344,3.8344,6.92
BTC-USD-PERP.HYPERLIQUID,1771150200000,70309.0,70324.0,70309.0,70323.0,0.69243
DOGE-USD-PERP.HYPERLIQUID,1771150200000,0.11354,0.11354,0.11352,0.11352,5499.0
ETH-USD-PERP.HYPERLIQUID,1771150200000,2059.2,2059.7,2059.2,2059.5,6.4848
FARTCOIN-USD-PERP.HYPERLIQUID,1771150200000,0.20977,0.20977,0.20973,0.20973,1689.7
LTC-USD-PERP.HYPERLIQUID,1771150200000,55.817,55.817,55.817,55.817,28.96
SOL-USD-PERP.HYPERLIQUID,1771150200000,89.481,89.481,89.446,89.472,95.04
ZEC-USD-PERP.HYPERLIQUID,1771150200000,308.53,308.55,308.53,308.53,4.94
kPEPE-USD-PERP.HYPERLIQUID,1771150200000,0.004664,0.004664,0.004663,0.004663,289812.0
BNB-USD-PERP.HYPERLIQUID,1771150200000,627.58,627.58,627.58,627.58,5.29
BTC-USD-PERP.HYPERLIQUID,1771150200000,70309.0,70324.0,70309.0,70323.0,0.93318
HYPE-USD-PERP.HYPERLIQUID,1771150200000,31.09,31.09,31.089,31.09,29.32
ZEC-USD-PERP.HYPERLIQUID,1771150200000,308.53,308.55,308.44,308.44,4.98
kPEPE-USD-PERP.HYPERLIQUID,1771150200000,0.004664,0.004664,0.004663,0.004664,714955.0
BTC-USD-PERP.HYPERLIQUID,1771150200000,70309.0,70324.0,70309.0,70324.0,0.93448
HYPE-USD-PERP.HYPERLIQUID,1771150200000,31.09,31.09,31.089,31.09,30.15
LIT-USD-PERP.HYPERLIQUID,1771150200000,1.7058,1.7058,1.7058,1.7058,11.0
ZEC-USD-PERP.HYPERLIQUID,1771150200000,308.53,308.55,308.43,308.43,5.06
BNB-USD-PERP.HYPERLIQUID,1771150200000,627.58,627.58,627.44,627.44,5.32
BTC-USD-PERP.HYPERLIQUID,1771150200000,70309.0,70324.0,70309.0,70321.0,0.93585
DOGE-USD-PERP.HYPERLIQUID,1771150200000,0.11354,0.11354,0.11352,0.11352,6822.0
ETH-USD-PERP.HYPERLIQUID,1771150200000,2059.2,2059.7,2059.2,2059.3,6.6714
HBAR-USD-PERP.HYPERLIQUID,1771150200000,0.10289,0.10289,0.10289,0.10289,162.0
TRX-USD-PERP.HYPERLIQUID,1771150200000,0.28078,0.28078,0.28078,0.28078,146.0
VVV-USD-PERP.HYPERLIQUID,1771150200000,3.8344,3.8446,3.8344,3.8446,137.0
WLFI-USD-PERP.HYPERLIQUID,1771150200000,0.10635,0.10635,0.10635,0.10635,4703.0
ZEC-USD-PERP.HYPERLIQUID,1771150200000,308.53,308.55,308.43,308.43,5.14
ETH-USD-PERP.HYPERLIQUID,1771150200000,2059.2,2059.7,2059.2,2059.3,6.6799
HYPE-USD-PERP.HYPERLIQUID,1771150200000,31.09,31.091,31.089,31.091,30.53
SEI-USD-PERP.HYPERLIQUID,1771150200000,0.077561,0.077561,0.077561,0.077561,224.0
BLUR-USD-PERP.HYPERLIQUID,1771150200000,0.022029,0.022029,0.022029,0.022029,54875.0
NEO-USD-PERP.HYPERLIQUID,1771150200000,2.9048,2.9048,2.9048,2.9048,5.81
TRX-USD-PERP.HYPERLIQUID,1771150200000,0.28078,0.28078,0.28078,0.28078,461.0
kPEPE-USD-PERP.HYPERLIQUID,1771150200000,0.004664,0.004666,0.004663,0.004666,894040.0
CRV-USD-PERP.HYPERLIQUID,1771150200000,0.25874,0.25874,0.25874,0.25874,972.4
JUP-USD-PERP.HYPERLIQUID,1771150200000,0.1662,0.1662,0.1662,0.1662,107.0
UMA-USD-PERP.HYPERLIQUID,1771150200000,0.51649,0.51649,0.51649,0.51649,32.1
WIF-USD-PERP.HYPERLIQUID,1771150200000,0.24146,0.24146,0.24146,0.24146,157.0
CRV-USD-PERP.HYPERLIQUID,1771150200000,0.25874,0.25874,0.25872,0.25872,1972.4
IP-USD-PERP.HYPERLIQUID,1771150200000,1.166,1.166,1.166,1.166,376.9
LTC-USD-PERP.HYPERLIQUID,1771150200000,55.817,55.817,55.812,55.812,29.41
MOVE-USD-PERP.HYPERLIQUID,1771150200000,0.025101,0.025101,0.025101,0.025101,8494.0
NEAR-USD-PERP.HYPERLIQUID,1771150200000,1.0739,1.0739,1.0737,1.0737,36.8
XLM-USD-PERP.HYPERLIQUID,1771150200000,0.17653,0.17653,0.17653,0.17653,130.0
BCH-USD-PERP.HYPERLIQUID,1771150200000,559.89,559.89,559.89,559.89,0.189
ETH-USD-PERP.HYPERLIQUID,1771150200000,2059.2,2059.7,2059.2,2059.2,6.7899
LTC-USD-PERP.HYPERLIQUID,1771150200000,55.817,55.817,55.812,55.812,31.29
PENGU-USD-PERP.HYPERLIQUID,1771150200000,0.007523,0.007523,0.007518,0.007518,33131.0
XRP-USD-PERP.HYPERLIQUID,1771150200000,1.581,1.581,1.5804,1.5804,158.0
ETH-USD-PERP.HYPERLIQUID,1771150200000,2059.2,2059.7,2059.2,2059.3,6.8409
GMT-USD-PERP.HYPERLIQUID,1771150200000,0.012878,0.012878,0.012878,0.012878,1208.0
VVV-USD-PERP.HYPERLIQUID,1771150200000,3.8344,3.8446,3.8344,3.8419,166.52
BNB-USD-PERP.HYPERLIQUID,1771150200000,627.58,627.58,627.44,627.58,12.329
BTC-USD-PERP.HYPERLIQUID,1771150200000,70309.0,70324.0,70309.0,70312.0,0.93901
ETH-USD-PERP.HYPERLIQUID,1771150200000,2059.2,2059.7,2059.2,2059.2,7.2042
HYPE-USD-PERP.HYPERLIQUID,1771150200000,31.09,31.093,31.089,31.093,31.3
VVV-USD-PERP.HYPERLIQUID,1771150200000,3.8344,3.8446,3.8344,3.8398,175.67
ETH-USD-PERP.HYPERLIQUID,1771150200000,2059.2,2059.7,2059.2,2059.2,7.5885
SOL-USD-PERP.HYPERLIQUID,1771150200000,89.481,89.481,89.437,89.437,121.66
VVV-USD-PERP.HYPERLIQUID,1771150200000,3.8344,3.8446,3.8344,3.8416,175.74
XRP-USD-PERP.HYPERLIQUID,1771150200000,1.581,1.5811,1.5804,1.5811,314.0
ZEC-USD-PERP.HYPERLIQUID,1771150200000,308.53,308.55,308.37,308.37,35.72
BCH-USD-PERP.HYPERLIQUID,1771150200000,559.89,559.99,559.89,559.99,0.208
DOGE-USD-PERP.HYPERLIQUID,1771150200000,0.11354,0.11356,0.11352,0.11356,6911.0
FET-USD-PERP.HYPERLIQUID,1771150200000,0.17791,0.17791,0.17791,0.17791,88.0
JTO-USD-PERP.HYPERLIQUID,1771150200000,0.27926,0.27926,0.27926,0.27926,77.0
SOL-USD-PERP.HYPERLIQUID,1771150200000,89.481,89.481,89.437,89.444,122.16
0G-USD-PERP.HYPERLIQUID,1771150200000,0.68719,0.68725,0.68718,0.68725,63.0
BTC-USD-PERP.HYPERLIQUID,1771150200000,70309.0,70324.0,70309.0,70312.0,0.97453
ETH-USD-PERP.HYPERLIQUID,1771150200000,2059.2,2059.7,2059.2,2059.3,7.5945
HYPE-USD-PERP.HYPERLIQUID,1771150200000,31.09,31.094,31.089,31.094,31.68
LIT-USD-PERP.HYPERLIQUID,1771150200000,1.7058,1.7058,1.7058,1.7058,464.0
LTC-USD-PERP.HYPERLIQUID,1771150200000,55.817,55.817,55.812,55.812,47.3
ETH-USD-PERP.HYPERLIQUID,1771150200000,2059.2,2059.7,2059.2,2059.3,7.606
HYPE-USD-PERP.HYPERLIQUID,1771150200000,31.09,31.095,31.089,31.095,32.16
LIT-USD-PERP.HYPERLIQUID,1771150200000,1.7058,1.7064,1.7058,1.7064,928.0
ZEC-USD-PERP.HYPERLIQUID,1771150200000,308.53,308.55,308.37,308.52,36.96
ETH-USD-PERP.HYPERLIQUID,1771150200000,2059.2,2059.7,2059.2,2059.3,7.716
HYPE-USD-PERP.HYPERLIQUID,1771150200000,31.09,31.097,31.089,31.097,32.53
LTC-USD-PERP.HYPERLIQUID,1771150200000,55.817,55.817,55.812,55.812,47.68
ETH-USD-PERP.HYPERLIQUID,1771150200000,2059.2,2059.7,2059.2,2059.4,7.7233
TAO-USD-PERP.HYPERLIQUID,1771150200000,187.9,187.9,187.9,187.9,0.073
HYPE-USD-PERP.HYPERLIQUID,1771150200000,31.09,31.097,31.08,31.08,32.92
INJ-USD-PERP.HYPERLIQUID,1771150200000,3.2276,3.2276,3.2276,3.2276,19.6
SOL-USD-PERP.HYPERLIQUID,1771150200000,89.481,89.481,89.437,89.465,122.85
ZEC-USD-PERP.HYPERLIQUID,1771150200000,308.53,308.55,308.37,308.55,37.01
ETH-USD-PERP.HYPERLIQUID,1771150200000,2059.2,2059.7,2059.2,2059.7,8.6324
HYPE-USD-PERP.HYPERLIQUID,1771150200000,31.09,31.097,31.074,31.08,93.59
MOODENG-USD-PERP.HYPERLIQUID,1771150200000,0.059631,0.059631,0.059631,0.059631,334.0
XPL-USD-PERP.HYPERLIQUID,1771150200000,0.10083,0.10083,0.10083,0.10083,396.0
BNB-USD-PERP.HYPERLIQUID,1771150200000,627.58,627.73,627.44,627.73,19.626
BTC-USD-PERP.HYPERLIQUID,1771150200000,70309.0,70324.0,70309.0,70312.0,0.97513
HYPE-USD-PERP.HYPERLIQUID,1771150200000,31.09,31.097,31.074,31.079,157.94
OP-USD-PERP.HYPERLIQUID,1771150200000,0.19412,0.19412,0.19412,0.19412,208.8
kPEPE-USD-PERP.HYPERLIQUID,1771150200000,0.004664,0.00467,0.004663,0.00467,910463.0
BTC-USD-PERP.HYPERLIQUID,1771150200000,70309.0,70324.0,70309.0,70312.0,0.99672
GAS-USD-PERP.HYPERLIQUID,1771150200000,1.6981,1.6981,1.6981,1.6981,10.7
HYPE-USD-PERP.HYPERLIQUID,1771150200000,31.09,31.097,31.074,31.08,181.18
HYPE-USD-PERP.HYPERLIQUID,1771150200000,31.09,31.097,31.074,31.079,195.8
BTC-USD-PERP.HYPERLIQUID,1771150200000,70309.0,70324.0,70309.0,70312.0,0.99999
HYPE-USD-PERP.HYPERLIQUID,1771150200000,31.09,31.097,31.074,31.082,211.39
TRX-USD-PERP.HYPERLIQUID,1771150200000,0.28078,0.28078,0.28078,0.28078,540.0
ETH-USD-PERP.HYPERLIQUID,1771150200000,2059.2,2059.8,2059.2,2059.8,8.7424
HYPE-USD-PERP.HYPERLIQUID,1771150200000,31.09,31.097,31.074,31.079,283.02
MNT-USD-PERP.HYPERLIQUID,1771150200000,0.67057,0.67101,0.67057,0.67101,1367.2
PROVE-USD-PERP.HYPERLIQUID,1771150200000,0.33545,0.33545,0.33545,0.33545,132.0
PUMP-USD-PERP.HYPERLIQUID,1771150200000,0.002285,0.002285,0.002285,0.002285,21166.0
SUSHI-USD-PERP.HYPERLIQUID,1771150200000,0.21519,0.21519,0.21519,0.21519,88.5
APT-USD-PERP.HYPERLIQUID,1771150200000,0.9653,0.9653,0.9653,0.9653,17.99
BTC-USD-PERP.HYPERLIQUID,1771150200000,70309.0,70324.0,70309.0,70313.0,1.00099
ETH-USD-PERP.HYPERLIQUID,1771150200000,2059.2,2059.8,2059.2,2059.8,8.7897
SOL-USD-PERP.HYPERLIQUID,1771150200000,89.481,89.481,89.437,89.46,134.52
ZEC-USD-PERP.HYPERLIQUID,1771150200000,308.53,308.55,308.37,308.48,37.29
ALGO-USD-PERP.HYPERLIQUID,1771150200000,0.098532,0.098532,0.098532,0.098532,173.0
BTC-USD-PERP.HYPERLIQUID,1771150200000,70309.0,70324.0,70309.0,70312.0,1.00299
ETH-USD-PERP.HYPERLIQUID,1771150200000,2059.2,2059.8,2059.2,2059.8,8.909
OP-USD-PERP.HYPERLIQUID,1771150200000,0.19412,0.19412,0.19412,0.19412,286.7
ZEC-USD-PERP.HYPERLIQUID,1771150200000,308.53,308.55,308.37,308.45,37.41
PUMP-USD-PERP.HYPERLIQUID,1771150200000,0.002285,0.002285,0.002285,0.002285,64569.0
ZEC-USD-PERP.HYPERLIQUID,1771150200000,308.53,308.55,308.37,308.48,38.25
FARTCOIN-USD-PERP.HYPERLIQUID,1771150200000,0.20977,0.20978,0.20973,0.20978,1772.3
HYPE-USD-PERP.HYPERLIQUID,1771150200000,31.09,31.097,31.074,31.077,295.77
AVNT-USD-PERP.HYPERLIQUID,1771150200000,0.20733,0.20733,0.20733,0.20733,87.0
PEOPLE-USD-PERP.HYPERLIQUID,1771150200000,0.007241,0.007241,0.007241,0.007241,2440.0
BTC-USD-PERP.HYPERLIQUID,1771150200000,70309.0,70324.0,70309.0,70312.0,1.01299
ENA-USD-PERP.HYPERLIQUID,1771150200000,0.12666,0.12666,0.12666,0.12666,1753.0
FET-USD-PERP.HYPERLIQUID,1771150200000,0.17791,0.17791,0.17791,0.17791,186.0
GALA-USD-PERP.HYPERLIQUID,1771150200000,0.004276,0.004276,0.004276,0.004276,5922.0
VVV-USD-PERP.HYPERLIQUID,1771150200000,3.8344,3.849,3.8344,3.849,462.18
BTC-USD-PERP.HYPERLIQUID,1771150200000,70309.0,70324.0,70309.0,70311.0,1.01399
DASH-USD-PERP.HYPERLIQUID,1771150200000,39.842,39.842,39.842,39.842,12.55
PAXG-USD-PERP.HYPERLIQUID,1771150200000,5036.2,5036.2,5036.2,5036.2,0.002
TRB-USD-PERP.HYPERLIQUID,1771150200000,16.398,16.398,16.398,16.398,0.98
VVV-USD-PERP.HYPERLIQUID,1771150200000,3.8344,3.849,3.8344,3.849,2905.9
XRP-USD-PERP.HYPERLIQUID,1771150200000,1.581,1.5811,1.5804,1.5807,321.0
MEME-USD-PERP.HYPERLIQUID,1771150200000,0.000749,0.000749,0.000749,0.000749,25581.0
HYPE-USD-PERP.HYPERLIQUID,1771150200000,31.09,31.097,31.074,31.078,296.14
PYTH-USD-PERP.HYPERLIQUID,1771150200000,0.056731,0.056731,0.056731,0.056731,379.0
XMR-USD-PERP.HYPERLIQUID,1771150200000,349.61,349.84,349.61,349.84,15.847
BTC-USD-PERP.HYPERLIQUID,1771150200000,70309.0,70324.0,70309.0,70311.0,1.11149
ENA-USD-PERP.HYPERLIQUID,1771150200000,0.12666,0.12672,0.12666,0.12672,9648.0
ETH-USD-PERP.HYPERLIQUID,1771150200000,2059.2,2059.8,2059.2,2059.8,9.019
FOGO-USD-PERP.HYPERLIQUID,1771150200000,0.022808,0.022808,0.022808,0.022808,840.0
HYPE-USD-PERP.HYPERLIQUID,1771150200000,31.09,31.097,31.074,31.078,296.91
W-USD-PERP.HYPERLIQUID,1771150200000,0.02095,0.02095,0.02095,0.02095,854.8
BTC-USD-PERP.HYPERLIQUID,1771150200000,70309.0,70324.0,70309.0,70311.0,1.52706
HYPE-USD-PERP.HYPERLIQUID,1771150200000,31.09,31.097,31.074,31.078,316.21
TRB-USD-PERP.HYPERLIQUID,1771150200000,16.398,16.398,16.398,16.398,1.71
XMR-USD-PERP.HYPERLIQUID,1771150200000,349.61,349.84,349.61,349.63,16.853
XRP-USD-PERP.HYPERLIQUID,1771150200000,1.581,1.5811,1.5804,1.5807,2535.0
ZEC-USD-PERP.HYPERLIQUID,1771150200000,308.53,308.55,308.37,308.4,38.31
BNB-USD-PERP.HYPERLIQUID,1771150200000,627.58,627.73,627.44,627.72,20.088
BTC-USD-PERP.HYPERLIQUID,1771150200000,70309.0,70324.0,70309.0,70312.0,1.52883
DOGE-USD-PERP.HYPERLIQUID,1771150200000,0.11354,0.11358,0.11352,0.11358,8145.0
MINA-USD-PERP.HYPERLIQUID,1771150200000,0.067998,0.067998,0.067998,0.067998,288.0
NEAR-USD-PERP.HYPERLIQUID,1771150200000,1.0739,1.0739,1.0737,1.0737,46.6
UNI-USD-PERP.HYPERLIQUID,1771150200000,3.5766,3.5766,3.5766,3.5766,34.8
ZEC-USD-PERP.HYPERLIQUID,1771150200000,308.53,308.55,308.37,308.4,42.87
BTC-USD-PERP.HYPERLIQUID,1771150200000,70309.0,70324.0,70309.0,70312.0,1.64352
FARTCOIN-USD-PERP.HYPERLIQUID,1771150200000,0.20977,0.20978,0.20973,0.20974,1883.3
GAS-USD-PERP.HYPERLIQUID,1771150200000,1.6981,1.7002,1.6981,1.7002,26.1
HYPE-USD-PERP.HYPERLIQUID,1771150200000,31.09,31.097,31.074,31.089,317.61
HYPER-USD-PERP.HYPERLIQUID,1771150200000,0.10537,0.10537,0.10537,0.10537,169.0
MELANIA-USD-PERP.HYPERLIQUID,1771150200000,0.12372,0.12372,0.12372,0.12372,484.0
SOL-USD-PERP.HYPERLIQUID,1771150200000,89.481,89.481,89.437,89.465,234.0
ZEC-USD-PERP.HYPERLIQUID,1771150200000,308.53,308.55,308.37,308.47,43.01
BTC-USD-PERP.HYPERLIQUID,1771150200000,70309.0,70324.0,70309.0,70312.0,1.64453
ETH-USD-PERP.HYPERLIQUID,1771150200000,2059.2,2060.0,2059.2,2060.0,9.0246
HYPE-USD-PERP.HYPERLIQUID,1771150200000,31.09,31.097,31.074,31.089,349.29
CC-USD-PERP.HYPERLIQUID,1771150200000,0.16049,0.16049,0.16049,0.16049,66.0
HYPE-USD-PERP.HYPERLIQUID,1771150200000,31.09,31.097,31.074,31.088,380.17
TAO-USD-PERP.HYPERLIQUID,1771150200000,187.9,187.9,187.85,187.85,0.345
0G-USD-PERP.HYPERLIQUID,1771150200000,0.68719,0.68725,0.68718,0.6872,575.0
ATOM-USD-PERP.HYPERLIQUID,1771150200000,2.1619,2.1619,2.1619,2.1619,16.42
BCH-USD-PERP.HYPERLIQUID,1771150200000,559.89,559.99,559.89,559.99,1.433
BIGTIME-USD-PERP.HYPERLIQUID,1771150200000,0.016008,0.016008,0.016008,0.016008,989.0
ETH-USD-PERP.HYPERLIQUID,1771150200000,2059.2,2060.2,2059.2,2060.2,10.4285
HYPE-USD-PERP.HYPERLIQUID,1771150200000,31.09,31.097,31.074,31.089,380.56
IP-USD-PERP.HYPERLIQUID,1771150200000,1.166,1.1665,1.166,1.1665,701.4
BTC-USD-PERP.HYPERLIQUID,1771150200000,70309.0,70324.0,70309.0,70313.0,1.65793
ETH-USD-PERP.HYPERLIQUID,1771150200000,2059.2,2060.2,2059.2,2060.1,10.4385
LIT-USD-PERP.HYPERLIQUID,1771150200000,1.7058,1.7085,1.7058,1.7085,934.0
NEAR-USD-PERP.HYPERLIQUID,1771150200000,1.0739,1.0739,1.0737,1.0737,69.9
BCH-USD-PERP.HYPERLIQUID,1771150200000,559.89,559.99,559.89,559.99,2.697
ETH-USD-PERP.HYPERLIQUID,1771150200000,2059.2,2060.2,2059.2,2060.1,10.6119
VIRTUAL-USD-PERP.HYPERLIQUID,1771150200000,0.67077,0.67077,0.67077,0.67077,26.9
BTC-USD-PERP.HYPERLIQUID,1771150200000,70309.0,70324.0,70309.0,70313.0,1.65835
LINK-USD-PERP.HYPERLIQUID,1771150200000,9.0718,9.0718,9.0718,9.0718,6.3
ZEC-USD-PERP.HYPERLIQUID,1771150200000,308.53,308.55,308.37,308.42,43.21
ATOM-USD-PERP.HYPERLIQUID,1771150200000,2.1619,2.1619,2.1594,2.1594,32.84
ETH-USD-PERP.HYPERLIQUID,1771150200000,2059.2,2060.2,2059.2,2060.1,10.6403
WLFI-USD-PERP.HYPERLIQUID,1771150200000,0.10635,0.10635,0.10633,0.10633,4816.0
ZEC-USD-PERP.HYPERLIQUID,1771150200000,308.53,308.55,308.37,308.42,43.98
BTC-USD-PERP.HYPERLIQUID,1771150200000,70309.0,70324.0,70309.0,70313.0,1.65851
HYPE-USD-PERP.HYPERLIQUID,1771150200000,31.09,31.097,31.074,31.091,381.5
SOL-USD-PERP.HYPERLIQUID,1771150200000,89.481,89.481,89.437,89.46,234.13
kPEPE-USD-PERP.HYPERLIQUID,1771150200000,0.004664,0.00467,0.004663,0.004667,913112.0
BNB-USD-PERP.HYPERLIQUID,1771150200000,627.58,627.73,627.44,627.69,20.118
FET-USD-PERP.HYPERLIQUID,1771150200000,0.17791,0.17791,0.17791,0.17791,482.0
PENGU-USD-PERP.HYPERLIQUID,1771150200000,0.007523,0.007523,0.007514,0.007514,121688.0
SOL-USD-PERP.HYPERLIQUID,1771150200000,89.481,89.481,89.437,89.459,237.44
VVV-USD-PERP.HYPERLIQUID,1771150200000,3.8344,3.849,3.8344,3.8432,3035.92
0G-USD-PERP.HYPERLIQUID,1771150200000,0.68719,0.68725,0.68641,0.6865,1495.0
TON-USD-PERP.HYPERLIQUID,1771150200000,1.474,1.474,1.474,1.474,9.5
VVV-USD-PERP.HYPERLIQUID,1771150200000,3.8344,3.8561,3.8344,3.8561,5975.0
BTC-USD-PERP.HYPERLIQUID,1771150200000,70309.0,70324.0,70309.0,70313.0,1.65946
HYPE-USD-PERP.HYPERLIQUID,1771150200000,31.09,31.097,31.074,31.09,482.72
IMX-USD-PERP.HYPERLIQUID,1771150200000,0.17307,0.17307,0.17307,0.17307,84.7
BCH-USD-PERP.HYPERLIQUID,1771150200000,559.89,559.99,559.89,559.99,3.924
BTC-USD-PERP.HYPERLIQUID,1771150200000,70309.0,70324.0,70309.0,70313.0,1.66003
KAITO-USD-PERP.HYPERLIQUID,1771150200000,0.32544,0.32544,0.32544,0.32544,48.0
NEAR-USD-PERP.HYPERLIQUID,1771150200000,1.0739,1.0739,1.0737,1.0737,132.7
BCH-USD-PERP.HYPERLIQUID,1771150200000,559.89,559.99,559.89,559.99,5.189
BLAST-USD-PERP.HYPERLIQUID,1771150200000,0.000638,0.000638,0.000638,0.000638,132330.0
BTC-USD-PERP.HYPERLIQUID,1771150200000,70309.0,70324.0,70309.0,70312.0,1.6602
DOGE-USD-PERP.HYPERLIQUID,1771150200000,0.11354,0.11358,0.11352,0.11357,8278.0
TRUMP-USD-PERP.HYPERLIQUID,1771150200000,3.507,3.507,3.507,3.507,3.0
TRX-USD-PERP.HYPERLIQUID,1771150200000,0.28078,0.28078,0.28078,0.28078,767.0
VINE-USD-PERP.HYPERLIQUID,1771150200000,0.020205,0.020205,0.020205,0.020205,900.0
BCH-USD-PERP.HYPERLIQUID,1771150200000,559.89,560.03,559.89,560.03,5.354
ZEC-USD-PERP.HYPERLIQUID,1771150200000,308.53,308.56,308.37,308.56,50.78
HYPE-USD-PERP.HYPERLIQUID,1771150200000,31.09,31.097,31.074,31.089,483.11
IP-USD-PERP.HYPERLIQUID,1771150200000,1.166,1.1671,1.166,1.1671,1958.0
SOL-USD-PERP.HYPERLIQUID,1771150200000,89.481,89.481,89.437,89.462,237.56
TRX-USD-PERP.HYPERLIQUID,1771150200000,0.28078,0.28078,0.28078,0.28078,1375.0
USTC-USD-PERP.HYPERLIQUID,1771150200000,0.005372,0.005372,0.005372,0.005372,2792.0
ZEC-USD-PERP.HYPERLIQUID,1771150200000,308.53,308.56,308.37,308.53,52.33
ZEC-USD-PERP.HYPERLIQUID,1771150200000,308.53,308.56,308.37,308.54,52.37
BSV-USD-PERP.HYPERLIQUID,1771150200000,17.604,17.604,17.604,17.604,0.96
BTC-USD-PERP.HYPERLIQUID,1771150200000,70309.0,70324.0,70309.0,70312.0,1.66096
ETH-USD-PERP.HYPERLIQUID,1771150200000,2059.2,2060.3,2059.2,2060.3,11.3684
LIT-USD-PERP.HYPERLIQUID,1771150200000,1.7058,1.7085,1.7058,1.7083,952.0
GAS-USD-PERP.HYPERLIQUID,1771150200000,1.6981,1.7002,1.6981,1.7002,48.1
SOL-USD-PERP.HYPERLIQUID,1771150200000,89.481,89.481,89.437,89.463,248.73
ETHFI-USD-PERP.HYPERLIQUID,1771150200000,0.49379,0.49379,0.49379,0.49379,35.9
JUP-USD-PERP.HYPERLIQUID,1771150200000,0.1662,0.16625,0.1662,0.16625,407.0
LDO-USD-PERP.HYPERLIQUID,1771150200000,0.35463,0.35463,0.35463,0.35463,51.3
SOL-USD-PERP.HYPERLIQUID,1771150200000,89.481,89.481,89.437,89.463,248.86
SUI-USD-PERP.HYPERLIQUID,1771150200000,1.0143,1.0143,1.0143,1.0143,15.9
BERA-USD-PERP.HYPERLIQUID,1771150200000,0.66321,0.66321,0.66321,0.66321,2312.4
ENA-USD-PERP.HYPERLIQUID,1771150200000,0.12666,0.12672,0.12666,0.12672,9980.0
HYPE-USD-PERP.HYPERLIQUID,1771150200000,31.09,31.097,31.074,31.09,483.48
MNT-USD-PERP.HYPERLIQUID,1771150200000,0.67057,0.67101,0.67057,0.67057,2699.7
XRP-USD-PERP.HYPERLIQUID,1771150200000,1.581,1.5811,1.5804,1.5811,2714.0
ZEC-USD-PERP.HYPERLIQUID,1771150200000,308.53,308.56,308.37,308.51,52.45
ETH-USD-PERP.HYPERLIQUID,1771150200000,2059.2,2060.4,2059.2,2060.4,11.4784
PNUT-USD-PERP.HYPERLIQUID,1771150200000,0.0525,0.0525,0.0525,0.0525,590.4
ENA-USD-PERP.HYPERLIQUID,1771150200000,0.12666,0.12673,0.12666,0.12673,13927.0
HYPE-USD-PERP.HYPERLIQUID,1771150200000,31.09,31.097,31.074,31.079,556.05
BTC-USD-PERP.HYPERLIQUID,1771150200000,70309.0,70324.0,70309.0,70312.0,1.67757
FET-USD-PERP.HYPERLIQUID,1771150200000,0.17791,0.17791,0.17791,0.17791,569.0
TRX-USD-PERP.HYPERLIQUID,1771150200000,0.28078,0.28078,0.28078,0.28078,1442.0
ETH-USD-PERP.HYPERLIQUID,1771150200000,2059.2,2060.4,2059.2,2060.3,11.9398
LTC-USD-PERP.HYPERLIQUID,1771150200000,55.817,55.817,55.808,55.808,47.92
ETH-USD-PERP.HYPERLIQUID,1771150200000,2059.2,2060.4,2059.2,2060.4,12.4302
HYPE-USD-PERP.HYPERLIQUID,1771150200000,31.09,31.097,31.074,31.084,556.42
SKR-USD-PERP.HYPERLIQUID,1771150200000,0.0227,0.022709,0.0227,0.022709,70000.0
BTC-USD-PERP.HYPERLIQUID,1771150200000,70309.0,70324.0,70309.0,70309.0,1.67774
IMX-USD-PERP.HYPERLIQUID,1771150200000,0.17307,0.17307,0.17307,0.17307,217.9
ZEC-USD-PERP.HYPERLIQUID,1771150200000,308.53,308.56,308.37,308.46,53.29
ETH-USD-PERP.HYPERLIQUID,1771150200000,2059.2,2060.4,2059.2,2060.3,16.7808
LAYER-USD-PERP.HYPERLIQUID,1771150200000,0.092918,0.092918,0.092918,0.092918,416.0
BTC-USD-PERP.HYPERLIQUID,1771150200000,70309.0,70324.0,70308.0,70308.0,1.67872
DOGE-USD-PERP.HYPERLIQUID,1771150200000,0.11354,0.11358,0.11352,0.11358,8475.0
ETH-USD-PERP.HYPERLIQUID,1771150200000,2059.2,2060.4,2059.2,2060.1,16.9009
LIT-USD-PERP.HYPERLIQUID,1771150200000,1.7058,1.7085,1.7058,1.7083,963.0
ORDI-USD-PERP.HYPERLIQUID,1771150200000,2.8931,2.8931,2.8931,2.8931,12.5
SOL-USD-PERP.HYPERLIQUID,1771150200000,89.481,89.481,89.437,89.462,254.18
MAVIA-USD-PERP.HYPERLIQUID,1771150200000,0.03967,0.03967,0.03967,0.03967,484.5
NEAR-USD-PERP.HYPERLIQUID,1771150200000,1.0739,1.0739,1.0737,1.0737,146.3
BABY-USD-PERP.HYPERLIQUID,1771150200000,0.013942,0.013942,0.013942,0.013942,1206.0
JUP-USD-PERP.HYPERLIQUID,1771150200000,0.1662,0.16628,0.1662,0.16628,9916.0
POL-USD-PERP.HYPERLIQUID,1771150200000,0.10907,0.10907,0.10907,0.10907,154.0
ZEC-USD-PERP.HYPERLIQUID,1771150200000,308.53,308.56,308.37,308.42,54.93
ETH-USD-PERP.HYPERLIQUID,1771150200000,2059.2,2060.4,2059.2,2060.1,17.0194
HYPER-USD-PERP.HYPERLIQUID,1771150200000,0.10537,0.10538,0.10537,0.10538,338.0
JUP-USD-PERP.HYPERLIQUID,1771150200000,0.1662,0.16628,0.1662,0.16628,24462.0
TRX-USD-PERP.HYPERLIQUID,1771150200000,0.28078,0.28078,0.28078,0.28078,1575.0
VVV-USD-PERP.HYPERLIQUID,1771150200000,3.8344,3.8561,3.8344,3.8459,6059.17
ARB-USD-PERP.HYPERLIQUID,1771150200000,0.11836,0.11836,0.11836,0.11836,168.0
ETH-USD-PERP.HYPERLIQUID,1771150200000,2059.2,2060.4,2059.2,2060.0,17.4967
GRIFFAIN-USD-PERP.HYPERLIQUID,1771150200000,0.010301,0.010301,0.010301,0.010301,1564.0
ZEC-USD-PERP.HYPERLIQUID,1771150200000,308.53,308.56,308.37,308.47,55.05
BTC-USD-PERP.HYPERLIQUID,1771150200000,70309.0,70324.0,70307.0,70307.0,1.68194
DASH-USD-PERP.HYPERLIQUID,1771150200000,39.842,39.842,39.838,39.838,17.1
ETH-USD-PERP.HYPERLIQUID,1771150200000,2059.2,2060.4,2059.2,2060.0,17.9974
ZEC-USD-PERP.HYPERLIQUID,1771150200000,308.53,308.56,308.37,308.47,55.13
ZRO-USD-PERP.HYPERLIQUID,1771150200000,1.869,1.869,1.869,1.869,9.7
ETH-USD-PERP.HYPERLIQUID,1771150200000,2059.2,2060.4,2059.2,2060.1,18.4538
ZEC-USD-PERP.HYPERLIQUID,1771150200000,308.53,308.56,308.37,308.5,55.17
BTC-USD-PERP.HYPERLIQUID,1771150200000,70309.0,70324.0,70307.0,70308.0,1.686
NEAR-USD-PERP.HYPERLIQUID,1771150200000,1.0739,1.0739,1.0737,1.0737,186.3
XRP-USD-PERP.HYPERLIQUID,1771150200000,1.581,1.5811,1.5804,1.5811,2721.0
CFX-USD-PERP.HYPERLIQUID,1771150200000,0.056483,0.056483,0.056483,0.056483,705.0
BTC-USD-PERP.HYPERLIQUID,1771150200000,70309.0,70324.0,70307.0,70307.0,1.69099
COMP-USD-PERP.HYPERLIQUID,1771150200000,23.047,23.047,23.047,23.047,3.08
FTT-USD-PERP.HYPERLIQUID,1771150200000,0.35983,0.35983,0.35983,0.35983,1557.2
GAS-USD-PERP.HYPERLIQUID,1771150200000,1.6981,1.7005,1.6981,1.7005,72.6
SUI-USD-PERP.HYPERLIQUID,1771150200000,1.0143,1.0143,1.0143,1.0143,23.5
BTC-USD-PERP.HYPERLIQUID,1771150200000,70309.0,70324.0,70307.0,70307.0,1.69199
ETH-USD-PERP.HYPERLIQUID,1771150200000,2059.2,2060.4,2059.2,2060.0,18.5638
TST-USD-PERP.HYPERLIQUID,1771150200000,0.011664,0.011664,0.011664,0.011664,3739.0
ETH-USD-PERP.HYPERLIQUID,1771150200000,2059.2,2060.4,2059.2,2060.0,18.5698
LIT-USD-PERP.HYPERLIQUID,1771150200000,1.7058,1.7085,1.7058,1.7077,1522.0
MET-USD-PERP.HYPERLIQUID,1771150200000,0.23012,0.23012,0.23012,0.23012,155.0
SOL-USD-PERP.HYPERLIQUID,1771150200000,89.481,89.481,89.437,89.462,256.49
VVV-USD-PERP.HYPERLIQUID,1771150200000,3.8344,3.8561,3.8344,3.849,6062.02
kLUNC-USD-PERP.HYPERLIQUID,1771150200000,0.035978,0.035978,0.035978,0.035978,525.0
APT-USD-PERP.HYPERLIQUID,1771150200000,0.9653,0.9653,0.9648,0.9648,96.12
CAKE-USD-PERP.HYPERLIQUID,1771150200000,1.3451,1.3451,1.3451,1.3451,12.4
CRV-USD-PERP.HYPERLIQUID,1771150200000,0.25874,0.25875,0.25872,0.25875,3905.6
HYPE-USD-PERP.HYPERLIQUID,1771150200000,31.09,31.097,31.074,31.086,556.79
KAS-USD-PERP.HYPERLIQUID,1771150200000,0.033137,0.033137,0.033137,0.033137,644.0
ASTER-USD-PERP.HYPERLIQUID,1771150200000,0.72959,0.72959,0.72959,0.72959,374.0
BTC-USD-PERP.HYPERLIQUID,1771150200000,70309.0,70324.0,70302.0,70302.0,1.85354
DOGE-USD-PERP.HYPERLIQUID,1771150200000,0.11354,0.11358,0.1135,0.1135,10516.0
ETH-USD-PERP.HYPERLIQUID,1771150200000,2059.2,2060.4,2059.2,2060.0,18.6698
GRIFFAIN-USD-PERP.HYPERLIQUID,1771150200000,0.010301,0.010301,0.010301,0.010301,3343.0
OM-USD-PERP.HYPERLIQUID,1771150200000,0.06167,0.06167,0.06167,0.06167,583.6
BTC-USD-PERP.HYPERLIQUID,1771150200000,70309.0,70324.0,70298.0,70298.0,1.85467
ETH-USD-PERP.HYPERLIQUID,1771150200000,2059.2,2060.4,2059.2,2060.0,22.0779
IMX-USD-PERP.HYPERLIQUID,1771150200000,0.17307,0.17307,0.17306,0.17306,536.2
NEAR-USD-PERP.HYPERLIQUID,1771150200000,1.0739,1.0739,1.0737,1.0737,251.7
OP-USD-PERP.HYPERLIQUID,1771150200000,0.19412,0.19412,0.19411,0.19411,384.6
SOL-USD-PERP.HYPERLIQUID,1771150200000,89.481,89.481,89.437,89.457,256.69
ZEC-USD-PERP.HYPERLIQUID,1771150200000,308.53,308.56,308.37,308.47,55.34
AZTEC-USD-PERP.HYPERLIQUID,1771150200000,0.023739,0.023798,0.023739,0.023798,51514.0
BTC-USD-PERP.HYPERLIQUID,1771150200000,70309.0,70324.0,70291.0,70291.0,1.9969
LIT-USD-PERP.HYPERLIQUID,1771150200000,1.7058,1.7085,1.7058,1.708,1528.0
RESOLV-USD-PERP.HYPERLIQUID,1771150200000,0.061957,0.061957,0.061957,0.061957,248.0
APE-USD-PERP.HYPERLIQUID,1771150200000,0.13495,0.13495,0.13495,0.13495,119.8
BTC-USD-PERP.HYPERLIQUID,1771150200000,70309.0,70324.0,70291.0,70291.0,1.99749
WLFI-USD-PERP.HYPERLIQUID,1771150200000,0.10635,0.10635,0.10629,0.10629,5510.0
ZEC-USD-PERP.HYPERLIQUID,1771150200000,308.53,308.56,308.37,308.4,56.39
BTC-USD-PERP.HYPERLIQUID,1771150200000,70309.0,70324.0,70291.0,70292.0,2.0126
HYPE-USD-PERP.HYPERLIQUID,1771150200000,31.09,31.097,31.074,31.077,557.18
BTC-USD-PERP.HYPERLIQUID,1771150200000,70309.0,70324.0,70291.0,70291.0,2.01994
FET-USD-PERP.HYPERLIQUID,1771150200000,0.17791,0.17791,0.17786,0.17786,637.0
NEAR-USD-PERP.HYPERLIQUID,1771150200000,1.0739,1.0739,1.0737,1.0737,261.4
kFLOKI-USD-PERP.HYPERLIQUID,1771150200000,0.033595,0.033595,0.033595,0.033595,576.0
AVAX-USD-PERP.HYPERLIQUID,1771150200000,9.5507,9.5507,9.5507,9.5507,2.0
BTC-USD-PERP.HYPERLIQUID,1771150200000,70309.0,70324.0,70291.0,70291.0,2.027
BTC-USD-PERP.HYPERLIQUID,1771150200000,70309.0,70324.0,70291.0,70292.0,5.29555
HYPE-USD-PERP.HYPERLIQUID,1771150200000,31.09,31.097,31.074,31.083,559.21
NEAR-USD-PERP.HYPERLIQUID,1771150200000,1.0739,1.0739,1.0737,1.0737,342.8
TON-USD-PERP.HYPERLIQUID,1771150200000,1.474,1.474,1.474,1.474,16.9
BTC-USD-PERP.HYPERLIQUID,1771150200000,70309.0,70324.0,70291.0,70291.0,5.29575
USTC-USD-PERP.HYPERLIQUID,1771150200000,0.005372,0.00538,0.005372,0.00538,3074.0
VVV-USD-PERP.HYPERLIQUID,1771150200000,3.8344,3.8561,3.8344,3.8476,6076.41
ETH-USD-PERP.HYPERLIQUID,1771150200000,2059.2,2060.4,2059.2,2059.9,23.2606
TST-USD-PERP.HYPERLIQUID,1771150200000,0.011664,0.011664,0.011663,0.011663,5151.0
AZTEC-USD-PERP.HYPERLIQUID,1771150200000,0.023739,0.02381,0.023739,0.02381,64110.0
KAITO-USD-PERP.HYPERLIQUID,1771150200000,0.32544,0.32544,0.32509,0.32509,355.0
NEO-USD-PERP.HYPERLIQUID,1771150200000,2.9048,2.9059,2.9048,2.9059,40.18
PUMP-USD-PERP.HYPERLIQUID,1771150200000,0.002285,0.002285,0.002284,0.002284,82502.0
SPX-USD-PERP.HYPERLIQUID,1771150200000,0.32872,0.32872,0.32872,0.32872,52.6
TAO-USD-PERP.HYPERLIQUID,1771150200000,187.9,187.9,187.79,187.79,0.43
TRX-USD-PERP.HYPERLIQUID,1771150200000,0.28078,0.28078,0.28078,0.28078,2239.0
AVAX-USD-PERP.HYPERLIQUID,1771150200000,9.5507,9.5507,9.5504,9.5504,26.81
POL-USD-PERP.HYPERLIQUID,1771150200000,0.10907,0.10907,0.10904,0.10904,296.0
STX-USD-PERP.HYPERLIQUID,1771150200000,0.27364,0.27364,0.27364,0.27364,60.4
SUI-USD-PERP.HYPERLIQUID,1771150200000,1.0143,1.0143,1.0133,1.0133,53.1
VINE-USD-PERP.HYPERLIQUID,1771150200000,0.020205,0.020205,0.020205,0.020205,1745.0
ASTER-USD-PERP.HYPERLIQUID,1771150200000,0.72959,0.72959,0.72948,0.72948,813.0
AVAX-USD-PERP.HYPERLIQUID,1771150200000,9.5507,9.5507,9.5504,9.5504,51.62
BTC-USD-PERP.HYPERLIQUID,1771150200000,70309.0,70324.0,70289.0,70289.0,5.2959
FARTCOIN-USD-PERP.HYPERLIQUID,1771150200000,0.20977,0.20978,0.20971,0.20971,1965.8
HYPER-USD-PERP.HYPERLIQUID,1771150200000,0.10537,0.10538,0.10518,0.10518,834.0
ADA-USD-PERP.HYPERLIQUID,1771150200000,0.29361,0.29361,0.29361,0.29361,57.0
BTC-USD-PERP.HYPERLIQUID,1771150200000,70309.0,70324.0,70289.0,70289.0,5.30137
MNT-USD-PERP.HYPERLIQUID,1771150200000,0.67057,0.67101,0.67057,0.67075,2974.4
PAXG-USD-PERP.HYPERLIQUID,1771150200000,5036.2,5036.2,5036.2,5036.2,0.004
XRP-USD-PERP.HYPERLIQUID,1771150200000,1.581,1.5811,1.5804,1.5806,2728.0
ZEC-USD-PERP.HYPERLIQUID,1771150200000,308.53,308.56,308.37,308.4,56.43
ALT-USD-PERP.HYPERLIQUID,1771150200000,0.008892,0.008892,0.008892,0.008892,1998.0
BTC-USD-PERP.HYPERLIQUID,1771150200000,70309.0,70324.0,70289.0,70290.0,5.31275
HYPE-USD-PERP.HYPERLIQUID,1771150200000,31.09,31.103,31.074,31.103,2059.21
ZEC-USD-PERP.HYPERLIQUID,1771150200000,308.53,308.56,308.37,308.4,56.51
ETH-USD-PERP.HYPERLIQUID,1771150200000,2059.2,2060.4,2059.2,2059.4,31.4064
ZEC-USD-PERP.HYPERLIQUID,1771150200000,308.53,308.56,308.37,308.4,56.59
ETH-USD-PERP.HYPERLIQUID,1771150200000,2059.2,2060.4,2059.2,2059.5,31.4971
HYPE-USD-PERP.HYPERLIQUID,1771150200000,31.09,31.103,31.074,31.089,2059.57
TIA-USD-PERP.HYPERLIQUID,1771150200000,0.35243,0.35243,0.35243,0.35243,113.8
ZEC-USD-PERP.HYPERLIQUID,1771150200000,308.53,308.56,308.37,308.4,58.36
ZRO-USD-PERP.HYPERLIQUID,1771150200000,1.869,1.8691,1.869,1.8691,122.7
kFLOKI-USD-PERP.HYPERLIQUID,1771150200000,0.033595,0.033595,0.033586,0.033586,1641.0
kSHIB-USD-PERP.HYPERLIQUID,1771150200000,0.006814,0.006814,0.006814,0.006814,5093.0
BTC-USD-PERP.HYPERLIQUID,1771150200000,70309.0,70324.0,70287.0,70287.0,5.31651
HYPE-USD-PERP.HYPERLIQUID,1771150200000,31.09,31.103,31.074,31.092,2059.94
MOODENG-USD-PERP.HYPERLIQUID,1771150200000,0.059631,0.059631,0.059441,0.059441,609.0
TRX-USD-PERP.HYPERLIQUID,1771150200000,0.28078,0.28078,0.28078,0.28078,2416.0
XMR-USD-PERP.HYPERLIQUID,1771150200000,349.61,349.84,349.33,349.33,17.859
ZEC-USD-PERP.HYPERLIQUID,1771150200000,308.53,308.56,308.37,308.4,58.45
MNT-USD-PERP.HYPERLIQUID,1771150200000,0.67057,0.67101,0.67057,0.67075,3101.4
TRUMP-USD-PERP.HYPERLIQUID,1771150200000,3.507,3.507,3.5053,3.5053,10.9
ZEC-USD-PERP.HYPERLIQUID,1771150200000,308.53,308.56,308.37,308.4,58.49
FARTCOIN-USD-PERP.HYPERLIQUID,1771150200000,0.20977,0.20978,0.2097,0.2097,2076.8
HYPE-USD-PERP.HYPERLIQUID,1771150200000,31.09,31.103,31.074,31.091,2060.6
SOL-USD-PERP.HYPERLIQUID,1771150200000,89.481,89.481,89.437,89.445,260.88
STX-USD-PERP.HYPERLIQUID,1771150200000,0.27364,0.27365,0.27364,0.27365,125.0
TRX-USD-PERP.HYPERLIQUID,1771150200000,0.28078,0.28078,0.28078,0.28078,2602.0
WLD-USD-PERP.HYPERLIQUID,1771150200000,0.42156,0.42156,0.42156,0.42156,43.6
ZEC-USD-PERP.HYPERLIQUID,1771150200000,308.53,308.56,308.37,308.4,58.63
kSHIB-USD-PERP.HYPERLIQUID,1771150200000,0.006814,0.006815,0.006814,0.006815,129234.0
BTC-USD-PERP.HYPERLIQUID,1771150200000,70309.0,70324.0,70284.0,70284.0,5.5299
ETH-USD-PERP.HYPERLIQUID,1771150200000,2059.2,2060.4,2059.2,2059.2,35.3102
HYPE-USD-PERP.HYPERLIQUID,1771150200000,31.09,31.103,31.071,31.071,2187.08
SOL-USD-PERP.HYPERLIQUID,1771150200000,89.481,89.481,89.437,89.449,264.02
TAO-USD-PERP.HYPERLIQUID,1771150200000,187.9,187.9,187.79,187.79,0.575
ZEC-USD-PERP.HYPERLIQUID,1771150200000,308.53,308.56,308.37,308.4,61.63
ETH-USD-PERP.HYPERLIQUID,1771150200000,2059.2,2060.4,2059.1,2059.1,36.3158
HYPE-USD-PERP.HYPERLIQUID,1771150200000,31.09,31.103,31.071,31.076,2187.89
SOL-USD-PERP.HYPERLIQUID,1771150200000,89.481,89.481,89.437,89.451,294.88
VVV-USD-PERP.HYPERLIQUID,1771150200000,3.8344,3.8561,3.8344,3.8428,8668.59
FARTCOIN-USD-PERP.HYPERLIQUID,1771150200000,0.20977,0.20978,0.20966,0.20966,3140.5
NEAR-USD-PERP.HYPERLIQUID,1771150200000,1.0739,1.0739,1.0737,1.0737,435.1
VINE-USD-PERP.HYPERLIQUID,1771150200000,0.020205,0.020205,0.020185,0.020185,2678.0
ZK-USD-PERP.HYPERLIQUID,1771150200000,0.022365,0.022365,0.022365,0.022365,869.0
BTC-USD-PERP.HYPERLIQUID,1771150200000,70309.0,70324.0,70284.0,70284.0,5.53006
DOGE-USD-PERP.HYPERLIQUID,1771150200000,0.11354,0.11358,0.11347,0.11347,19328.0
HBAR-USD-PERP.HYPERLIQUID,1771150200000,0.10289,0.10294,0.10289,0.10294,330.0
LIT-USD-PERP.HYPERLIQUID,1771150200000,1.7058,1.7085,1.7058,1.708,1535.0
ONDO-USD-PERP.HYPERLIQUID,1771150200000,0.28588,0.28588,0.28588,0.28588,56.0
ZEC-USD-PERP.HYPERLIQUID,1771150200000,308.53,308.56,308.37,308.52,61.7
ADA-USD-PERP.HYPERLIQUID,1771150200000,0.29361,0.29363,0.29361,0.29363,166.0
DYDX-USD-PERP.HYPERLIQUID,1771150200000,0.11116,0.11116,0.11115,0.11115,173.6
ETH-USD-PERP.HYPERLIQUID,1771150200000,2059.2,2060.4,2059.1,2059.2,36.3305
FET-USD-PERP.HYPERLIQUID,1771150200000,0.17791,0.17791,0.17786,0.17786,771.0
SKY-USD-PERP.HYPERLIQUID,1771150200000,0.067308,0.067308,0.067308,0.067308,516.0
BTC-USD-PERP.HYPERLIQUID,1771150200000,70309.0,70324.0,70283.0,70284.0,5.53049
LINK-USD-PERP.HYPERLIQUID,1771150200000,9.0718,9.0718,9.0659,9.0659,15.6
ZEC-USD-PERP.HYPERLIQUID,1771150200000,308.53,308.59,308.37,308.59,61.92
AVAX-USD-PERP.HYPERLIQUID,1771150200000,9.5507,9.5507,9.5498,9.5498,66.26
BTC-USD-PERP.HYPERLIQUID,1771150200000,70309.0,70324.0,70283.0,70284.0,5.53065
ETH-USD-PERP.HYPERLIQUID,1771150200000,2059.2,2060.4,2059.1,2059.1,36.3815
HYPE-USD-PERP.HYPERLIQUID,1771150200000,31.09,31.103,31.071,31.08,2188.82
SOL-USD-PERP.HYPERLIQUID,1771150200000,89.481,89.481,89.437,89.451,295.01
XRP-USD-PERP.HYPERLIQUID,1771150200000,1.581,1.5811,1.5804,1.5808,3332.0
kPEPE-USD-PERP.HYPERLIQUID,1771150200000,0.004664,0.00467,0.004663,0.004669,915761.0
AVAX-USD-PERP.HYPERLIQUID,1771150200000,9.5507,9.5507,9.5498,9.5498,80.9
BTC-USD-PERP.HYPERLIQUID,1771150200000,70309.0,70324.0,70283.0,70283.0,5.5308
COMP-USD-PERP.HYPERLIQUID,1771150200000,23.047,23.047,23.024,23.024,4.56
MET-USD-PERP.HYPERLIQUID,1771150200000,0.23012,0.23012,0.23004,0.23004,433.0
PENGU-USD-PERP.HYPERLIQUID,1771150200000,0.007523,0.007523,0.007513,0.007513,178272.0
BTC-USD-PERP.HYPERLIQUID,1771150200000,70309.0,70324.0,70283.0,70284.0,5.53174
COMP-USD-PERP.HYPERLIQUID,1771150200000,23.047,23.047,23.024,23.024,5.46
DOGE-USD-PERP.HYPERLIQUID,1771150200000,0.11354,0.11358,0.11346,0.11346,21779.0
MERL-USD-PERP.HYPERLIQUID,1771150200000,0.064225,0.064225,0.064225,0.064225,475.0
SOL-USD-PERP.HYPERLIQUID,1771150200000,89.481,89.481,89.437,89.448,295.41
kFLOKI-USD-PERP.HYPERLIQUID,1771150200000,0.033595,0.033595,0.033586,0.033586,2973.0
ASTER-USD-PERP.HYPERLIQUID,1771150200000,0.72959,0.72959,0.72948,0.72952,838.0
ENS-USD-PERP.HYPERLIQUID,1771150200000,6.8749,6.8749,6.8749,6.8749,2.84
FET-USD-PERP.HYPERLIQUID,1771150200000,0.17791,0.17791,0.17786,0.17786,1114.0
LINK-USD-PERP.HYPERLIQUID,1771150200000,9.0718,9.0718,9.0642,9.0642,18.9
ZEC-USD-PERP.HYPERLIQUID,1771150200000,308.53,308.7,308.37,308.7,63.1
BTC-USD-PERP.HYPERLIQUID,1771150200000,70309.0,70324.0,70283.0,70283.0,5.53202
ETC-USD-PERP.HYPERLIQUID,1771150200000,9.0037,9.0037,9.0037,9.0037,1.69
XRP-USD-PERP.HYPERLIQUID,1771150200000,1.581,1.5811,1.5804,1.5804,11411.0
kBONK-USD-PERP.HYPERLIQUID,1771150200000,0.006853,0.006853,0.006853,0.006853,2623.0
BTC-USD-PERP.HYPERLIQUID,1771150200000,70309.0,70324.0,70283.0,70283.0,5.53219
DOGE-USD-PERP.HYPERLIQUID,1771150200000,0.11354,0.11358,0.11346,0.11348,21912.0
UNI-USD-PERP.HYPERLIQUID,1771150200000,3.5766,3.5766,3.5751,3.5751,41.2
WLD-USD-PERP.HYPERLIQUID,1771150200000,0.42156,0.42156,0.42152,0.42152,211.4
kSHIB-USD-PERP.HYPERLIQUID,1771150200000,0.006814,0.006815,0.006813,0.006813,134849.0
ALT-USD-PERP.HYPERLIQUID,1771150200000,0.008892,0.008892,0.008892,0.008892,4229.0
APEX-USD-PERP.HYPERLIQUID,1771150200000,0.36672,0.36725,0.36672,0.36725,91.0
BTC-USD-PERP.HYPERLIQUID,1771150200000,70309.0,70324.0,70283.0,70284.0,5.5332
FET-USD-PERP.HYPERLIQUID,1771150200000,0.17791,0.17791,0.17786,0.17786,1590.0
LINEA-USD-PERP.HYPERLIQUID,1771150200000,0.003833,0.003833,0.003833,0.003833,4432.0
ZEC-USD-PERP.HYPERLIQUID,1771150200000,308.53,308.71,308.37,308.71,69.83
ZEC-USD-PERP.HYPERLIQUID,1771150200000,308.53,308.71,308.37,308.71,69.95
BTC-USD-PERP.HYPERLIQUID,1771150200000,70309.0,70324.0,70283.0,70283.0,5.53396
LIT-USD-PERP.HYPERLIQUID,1771150200000,1.7058,1.709,1.7058,1.709,1554.0
ZEC-USD-PERP.HYPERLIQUID,1771150200000,308.53,308.71,308.37,308.71,69.99
ZK-USD-PERP.HYPERLIQUID,1771150200000,0.022365,0.022377,0.022365,0.022377,1681.0
AVAX-USD-PERP.HYPERLIQUID,1771150200000,9.5507,9.5507,9.5497,9.5497,128.47
BTC-USD-PERP.HYPERLIQUID,1771150200000,70309.0,70324.0,70283.0,70284.0,5.54763
SAND-USD-PERP.HYPERLIQUID,1771150200000,0.091116,0.091116,0.091116,0.091116,334.0
BTC-USD-PERP.HYPERLIQUID,1771150200000,70309.0,70324.0,70283.0,70283.0,5.54803
CRV-USD-PERP.HYPERLIQUID,1771150200000,0.25874,0.25884,0.25872,0.25884,4177.0
DOT-USD-PERP.HYPERLIQUID,1771150200000,1.4056,1.4056,1.4056,1.4056,12.9
FET-USD-PERP.HYPERLIQUID,1771150200000,0.17791,0.17791,0.17786,0.17786,1744.0
MON-USD-PERP.HYPERLIQUID,1771150200000,0.023562,0.023562,0.023545,0.023545,27597.0
MOODENG-USD-PERP.HYPERLIQUID,1771150200000,0.059631,0.059631,0.059441,0.059512,917.0
SOL-USD-PERP.HYPERLIQUID,1771150200000,89.481,89.481,89.437,89.443,295.54
SOPH-USD-PERP.HYPERLIQUID,1771150200000,0.010091,0.010091,0.010091,0.010091,3423.0
kNEIRO-USD-PERP.HYPERLIQUID,1771150200000,0.08001,0.08001,0.07996,0.07996,450.5
BNB-USD-PERP.HYPERLIQUID,1771150200000,627.58,627.73,627.32,627.32,23.877
HEMI-USD-PERP.HYPERLIQUID,1771150200000,0.010416,0.010416,0.010416,0.010416,1789.0
ADA-USD-PERP.HYPERLIQUID,1771150200000,0.29361,0.29369,0.29361,0.29369,233.0
BTC-USD-PERP.HYPERLIQUID,1771150200000,70309.0,70324.0,70282.0,70282.0,5.5611
DYDX-USD-PERP.HYPERLIQUID,1771150200000,0.11116,0.11116,0.11114,0.11114,466.6
ONDO-USD-PERP.HYPERLIQUID,1771150200000,0.28588,0.28604,0.28588,0.28604,117.0
AIXBT-USD-PERP.HYPERLIQUID,1771150260000,0.021942,0.021942,0.021942,0.021942,910.0
ASTER-USD-PERP.HYPERLIQUID,1771150260000,0.72986,0.72986,0.72986,0.72986,25.0
BERA-USD-PERP.HYPERLIQUID,1771150260000,0.66392,0.66392,0.66392,0.66392,1156.2
ETH-USD-PERP.HYPERLIQUID,1771150260000,2059.1,2059.1,2059.1,2059.1,0.7505
HYPE-USD-PERP.HYPERLIQUID,1771150260000,31.08,31.08,31.08,31.08,0.37
MNT-USD-PERP.HYPERLIQUID,1771150260000,0.66992,0.66992,0.66972,0.66972,1332.4
SOL-USD-PERP.HYPERLIQUID,1771150260000,89.443,89.443,89.443,89.443,5.59
VVV-USD-PERP.HYPERLIQUID,1771150260000,3.8496,3.8497,3.8496,3.8497,400.68
XRP-USD-PERP.HYPERLIQUID,1771150260000,1.5803,1.5803,1.5803,1.5803,124.0
ZEC-USD-PERP.HYPERLIQUID,1771150260000,308.66,308.66,308.66,308.66,0.04
BANANA-USD-PERP.HYPERLIQUID,1771150260000,4.7941,4.7941,4.7941,4.7941,3.7
BTC-USD-PERP.HYPERLIQUID,1771150260000,70282.0,70284.0,70282.0,70284.0,0.00951
HYPE-USD-PERP.HYPERLIQUID,1771150260000,31.08,31.08,31.075,31.075,31.15
NEAR-USD-PERP.HYPERLIQUID,1771150260000,1.0737,1.0737,1.0737,1.0737,15.1
BTC-USD-PERP.HYPERLIQUID,1771150260000,70282.0,70284.0,70282.0,70284.0,0.02612
CRV-USD-PERP.HYPERLIQUID,1771150260000,0.25877,0.25877,0.25877,0.25877,271.4
EIGEN-USD-PERP.HYPERLIQUID,1771150260000,0.2141,0.2141,0.2141,0.2141,157.89
ENA-USD-PERP.HYPERLIQUID,1771150260000,0.12663,0.12663,0.12663,0.12663,236.0
HYPE-USD-PERP.HYPERLIQUID,1771150260000,31.08,31.08,31.075,31.075,161.27
VINE-USD-PERP.HYPERLIQUID,1771150260000,0.020203,0.020203,0.020203,0.020203,817.0
ZEC-USD-PERP.HYPERLIQUID,1771150260000,308.66,308.7,308.66,308.7,2.22
BTC-USD-PERP.HYPERLIQUID,1771150260000,70282.0,70287.0,70282.0,70287.0,0.02734
ETH-USD-PERP.HYPERLIQUID,1771150260000,2059.1,2059.4,2059.1,2059.4,1.2015
ENS-USD-PERP.HYPERLIQUID,1771150260000,6.8749,6.8749,6.8749,6.8749,4.84
ETH-USD-PERP.HYPERLIQUID,1771150260000,2059.1,2059.5,2059.1,2059.5,1.2071
HYPE-USD-PERP.HYPERLIQUID,1771150260000,31.08,31.08,31.069,31.069,161.64
NEAR-USD-PERP.HYPERLIQUID,1771150260000,1.0737,1.0737,1.0737,1.0737,32.2
ZEC-USD-PERP.HYPERLIQUID,1771150260000,308.66,308.72,308.66,308.72,2.26
0G-USD-PERP.HYPERLIQUID,1771150260000,0.68657,0.68657,0.68657,0.68657,472.0
ETH-USD-PERP.HYPERLIQUID,1771150260000,2059.1,2059.5,2059.1,2059.4,1.5461
HYPE-USD-PERP.HYPERLIQUID,1771150260000,31.08,31.08,31.058,31.058,317.47
GRIFFAIN-USD-PERP.HYPERLIQUID,1771150260000,0.010297,0.010297,0.010297,0.010297,1925.0
ZEC-USD-PERP.HYPERLIQUID,1771150260000,308.66,308.72,308.66,308.72,2.3
APEX-USD-PERP.HYPERLIQUID,1771150260000,0.36693,0.36693,0.36693,0.36693,47.0
AVAX-USD-PERP.HYPERLIQUID,1771150260000,9.551,9.551,9.551,9.551,10.85
BTC-USD-PERP.HYPERLIQUID,1771150260000,70282.0,70289.0,70282.0,70289.0,0.02751
MON-USD-PERP.HYPERLIQUID,1771150260000,0.023539,0.023539,0.023539,0.023539,6474.0
ZEC-USD-PERP.HYPERLIQUID,1771150260000,308.66,308.72,308.66,308.72,2.34
FET-USD-PERP.HYPERLIQUID,1771150260000,0.17786,0.17786,0.17786,0.17786,163.0
GOAT-USD-PERP.HYPERLIQUID,1771150260000,0.024786,0.024786,0.024786,0.024786,1365.0
HYPE-USD-PERP.HYPERLIQUID,1771150260000,31.08,31.08,31.057,31.057,317.85
BTC-USD-PERP.HYPERLIQUID,1771150260000,70282.0,70294.0,70282.0,70294.0,0.03171
LIT-USD-PERP.HYPERLIQUID,1771150260000,1.7087,1.7087,1.7087,1.7087,10.0
SOL-USD-PERP.HYPERLIQUID,1771150260000,89.443,89.454,89.443,89.454,13.85
kPEPE-USD-PERP.HYPERLIQUID,1771150260000,0.004672,0.004672,0.004672,0.004672,2355.0
AIXBT-USD-PERP.HYPERLIQUID,1771150260000,0.021942,0.021964,0.021942,0.021964,1623.0
SOL-USD-PERP.HYPERLIQUID,1771150260000,89.443,89.455,89.443,89.455,14.02
COMP-USD-PERP.HYPERLIQUID,1771150260000,22.996,22.996,22.996,22.996,0.86
ETH-USD-PERP.HYPERLIQUID,1771150260000,2059.1,2059.6,2059.1,2059.6,1.5545
SAND-USD-PERP.HYPERLIQUID,1771150260000,0.091112,0.091112,0.091112,0.091112,5000.0
BTC-USD-PERP.HYPERLIQUID,1771150260000,70282.0,70298.0,70282.0,70298.0,0.03547
FARTCOIN-USD-PERP.HYPERLIQUID,1771150260000,0.20972,0.20972,0.20972,0.20972,555.0
NEAR-USD-PERP.HYPERLIQUID,1771150260000,1.0737,1.0737,1.0737,1.0737,43.8
SAND-USD-PERP.HYPERLIQUID,1771150260000,0.091112,0.091113,0.091112,0.091113,5182.0
SOL-USD-PERP.HYPERLIQUID,1771150260000,89.443,89.462,89.443,89.462,58.73
TAO-USD-PERP.HYPERLIQUID,1771150260000,187.81,187.81,187.81,187.81,0.128
ZEC-USD-PERP.HYPERLIQUID,1771150260000,308.66,308.72,308.66,308.72,3.2
ANIME-USD-PERP.HYPERLIQUID,1771150260000,0.005807,0.005807,0.005807,0.005807,11010.0
FARTCOIN-USD-PERP.HYPERLIQUID,1771150260000,0.20972,0.20972,0.20963,0.20963,40555.0
ONDO-USD-PERP.HYPERLIQUID,1771150260000,0.28604,0.28604,0.28604,0.28604,60.0
SOL-USD-PERP.HYPERLIQUID,1771150260000,89.443,89.484,89.443,89.484,139.86
BCH-USD-PERP.HYPERLIQUID,1771150260000,560.03,560.04,560.03,560.04,0.717
BTC-USD-PERP.HYPERLIQUID,1771150260000,70282.0,70299.0,70282.0,70299.0,0.03905
HYPE-USD-PERP.HYPERLIQUID,1771150260000,31.08,31.08,31.057,31.063,322.04
ME-USD-PERP.HYPERLIQUID,1771150260000,0.14875,0.14875,0.14875,0.14875,123.0
FARTCOIN-USD-PERP.HYPERLIQUID,1771150260000,0.20972,0.20972,0.20963,0.20972,41637.6
VVV-USD-PERP.HYPERLIQUID,1771150260000,3.8496,3.8497,3.8492,3.8492,650.68
XRP-USD-PERP.HYPERLIQUID,1771150260000,1.5803,1.5812,1.5803,1.5812,132.0
BTC-USD-PERP.HYPERLIQUID,1771150260000,70282.0,70301.0,70282.0,70301.0,0.04905
XRP-USD-PERP.HYPERLIQUID,1771150260000,1.5803,1.5812,1.5803,1.5811,6460.0
BTC-USD-PERP.HYPERLIQUID,1771150260000,70282.0,70311.0,70282.0,70311.0,0.09871
HEMI-USD-PERP.HYPERLIQUID,1771150260000,0.010416,0.010416,0.010416,0.010416,1610.0
XRP-USD-PERP.HYPERLIQUID,1771150260000,1.5803,1.5812,1.5803,1.5812,6522.0
PENDLE-USD-PERP.HYPERLIQUID,1771150260000,1.2876,1.2876,1.2876,1.2876,511.0
VIRTUAL-USD-PERP.HYPERLIQUID,1771150260000,0.67077,0.67077,0.67077,0.67077,23.5
AVNT-USD-PERP.HYPERLIQUID,1771150260000,0.20726,0.20726,0.20726,0.20726,181.0
BTC-USD-PERP.HYPERLIQUID,1771150260000,70282.0,70311.0,70282.0,70311.0,0.09895
DYDX-USD-PERP.HYPERLIQUID,1771150260000,0.11116,0.11116,0.11116,0.11116,100.0
BTC-USD-PERP.HYPERLIQUID,1771150260000,70282.0,70311.0,70282.0,70311.0,0.09949
LIT-USD-PERP.HYPERLIQUID,1771150260000,1.7087,1.7087,1.7079,1.7079,549.0
SEI-USD-PERP.HYPERLIQUID,1771150260000,0.07752,0.07752,0.07752,0.07752,357.0
UNI-USD-PERP.HYPERLIQUID,1771150260000,3.5765,3.5765,3.5765,3.5765,7.2
FET-USD-PERP.HYPERLIQUID,1771150260000,0.17786,0.17791,0.17786,0.17791,326.0
OP-USD-PERP.HYPERLIQUID,1771150260000,0.19407,0.19407,0.19407,0.19407,89.3
BNB-USD-PERP.HYPERLIQUID,1771150260000,627.09,627.09,627.09,627.09,0.48
HYPE-USD-PERP.HYPERLIQUID,1771150260000,31.08,31.08,31.057,31.076,334.77
OP-USD-PERP.HYPERLIQUID,1771150260000,0.19407,0.19407,0.19407,0.19407,309.1
ETH-USD-PERP.HYPERLIQUID,1771150260000,2059.1,2060.1,2059.1,2060.1,1.5666
SUI-USD-PERP.HYPERLIQUID,1771150260000,1.0138,1.0138,1.0138,1.0138,243.0
BTC-USD-PERP.HYPERLIQUID,1771150260000,70282.0,70311.0,70282.0,70311.0,0.103
INJ-USD-PERP.HYPERLIQUID,1771150260000,3.2267,3.2267,3.2267,3.2267,6.1
PUMP-USD-PERP.HYPERLIQUID,1771150260000,0.002285,0.002285,0.002285,0.002285,25146.0
SOL-USD-PERP.HYPERLIQUID,1771150260000,89.443,89.491,89.443,89.491,140.06
TRX-USD-PERP.HYPERLIQUID,1771150260000,0.28078,0.28078,0.28078,0.28078,267.0
VIRTUAL-USD-PERP.HYPERLIQUID,1771150260000,0.67077,0.67077,0.67077,0.67077,196.4
XRP-USD-PERP.HYPERLIQUID,1771150260000,1.5803,1.5818,1.5803,1.5818,14631.0
ZEC-USD-PERP.HYPERLIQUID,1771150260000,308.66,308.81,308.66,308.81,6.25
HYPE-USD-PERP.HYPERLIQUID,1771150260000,31.08,31.08,31.057,31.073,335.15
SUI-USD-PERP.HYPERLIQUID,1771150260000,1.0138,1.0139,1.0138,1.0139,1229.6
XRP-USD-PERP.HYPERLIQUID,1771150260000,1.5803,1.5818,1.5803,1.5815,20941.0
ZEC-USD-PERP.HYPERLIQUID,1771150260000,308.66,308.81,308.66,308.76,8.5
ADA-USD-PERP.HYPERLIQUID,1771150260000,0.29375,0.29375,0.29375,0.29375,237.0
BTC-USD-PERP.HYPERLIQUID,1771150260000,70282.0,70311.0,70282.0,70305.0,0.10375
DOGE-USD-PERP.HYPERLIQUID,1771150260000,0.11354,0.11354,0.11354,0.11354,6141.0
ETH-USD-PERP.HYPERLIQUID,1771150260000,2059.1,2060.1,2059.1,2060.1,1.6859
PENDLE-USD-PERP.HYPERLIQUID,1771150260000,1.2876,1.2876,1.2871,1.2871,534.0
SUI-USD-PERP.HYPERLIQUID,1771150260000,1.0138,1.0139,1.0138,1.0138,1472.6
ZEC-USD-PERP.HYPERLIQUID,1771150260000,308.66,308.81,308.66,308.73,8.62
ADA-USD-PERP.HYPERLIQUID,1771150260000,0.29375,0.29375,0.29372,0.29372,2428.0
BTC-USD-PERP.HYPERLIQUID,1771150260000,70282.0,70311.0,70282.0,70306.0,0.10558
LINK-USD-PERP.HYPERLIQUID,1771150260000,9.0695,9.0695,9.0695,9.0695,60.9
MON-USD-PERP.HYPERLIQUID,1771150260000,0.023539,0.023539,0.023539,0.023539,7609.0
NIL-USD-PERP.HYPERLIQUID,1771150260000,0.054665,0.054665,0.054665,0.054665,659.0
POL-USD-PERP.HYPERLIQUID,1771150260000,0.10904,0.10904,0.10904,0.10904,800.0
POPCAT-USD-PERP.HYPERLIQUID,1771150260000,0.056267,0.056267,0.056267,0.056267,11288.0
XPL-USD-PERP.HYPERLIQUID,1771150260000,0.10087,0.10087,0.10087,0.10087,459.0
ADA-USD-PERP.HYPERLIQUID,1771150260000,0.29375,0.29375,0.29365,0.29365,2665.0
AVAX-USD-PERP.HYPERLIQUID,1771150260000,9.551,9.5515,9.551,9.5515,15.55
BSV-USD-PERP.HYPERLIQUID,1771150260000,17.604,17.604,17.594,17.594,3.95
BTC-USD-PERP.HYPERLIQUID,1771150260000,70282.0,70311.0,70282.0,70305.0,0.10886
XRP-USD-PERP.HYPERLIQUID,1771150260000,1.5803,1.5818,1.5803,1.5812,21130.0
ZEC-USD-PERP.HYPERLIQUID,1771150260000,308.66,308.81,308.66,308.71,8.7
JTO-USD-PERP.HYPERLIQUID,1771150260000,0.27936,0.27936,0.27936,0.27936,104.0
MON-USD-PERP.HYPERLIQUID,1771150260000,0.023539,0.023539,0.023539,0.023539,8745.0
TRX-USD-PERP.HYPERLIQUID,1771150260000,0.28078,0.28078,0.28078,0.28078,637.0
AVNT-USD-PERP.HYPERLIQUID,1771150260000,0.20726,0.20736,0.20726,0.20736,275.0
BERA-USD-PERP.HYPERLIQUID,1771150260000,0.66392,0.66401,0.66392,0.66401,1215.9
HYPE-USD-PERP.HYPERLIQUID,1771150260000,31.08,31.08,31.057,31.076,337.18
PUMP-USD-PERP.HYPERLIQUID,1771150260000,0.002285,0.002285,0.002285,0.002285,40297.0
AAVE-USD-PERP.HYPERLIQUID,1771150260000,128.87,128.87,128.87,128.87,0.14
AERO-USD-PERP.HYPERLIQUID,1771150260000,0.32918,0.32918,0.32918,0.32918,334.0
FET-USD-PERP.HYPERLIQUID,1771150260000,0.17786,0.17791,0.17786,0.17791,414.0
STABLE-USD-PERP.HYPERLIQUID,1771150260000,0.023931,0.023931,0.023931,0.023931,818.0
AR-USD-PERP.HYPERLIQUID,1771150260000,2.0609,2.0609,2.0609,2.0609,17.11
XLM-USD-PERP.HYPERLIQUID,1771150260000,0.17671,0.17671,0.17671,0.17671,86.0
HYPE-USD-PERP.HYPERLIQUID,1771150260000,31.08,31.08,31.057,31.063,349.53
STABLE-USD-PERP.HYPERLIQUID,1771150260000,0.023931,0.023931,0.023918,0.023918,2076.0
AZTEC-USD-PERP.HYPERLIQUID,1771150260000,0.023722,0.023722,0.023722,0.023722,500.0
IP-USD-PERP.HYPERLIQUID,1771150260000,1.1672,1.1672,1.1672,1.1672,10.0
MEGA-USD-PERP.HYPERLIQUID,1771150260000,0.13691,0.13691,0.13691,0.13691,365.0
MOVE-USD-PERP.HYPERLIQUID,1771150260000,0.02509,0.02509,0.02509,0.02509,1479.0
SOL-USD-PERP.HYPERLIQUID,1771150260000,89.443,89.491,89.443,89.483,143.89
SYRUP-USD-PERP.HYPERLIQUID,1771150260000,0.2751,0.2751,0.2751,0.2751,134.0
0G-USD-PERP.HYPERLIQUID,1771150260000,0.68657,0.68709,0.68657,0.68709,977.0
BTC-USD-PERP.HYPERLIQUID,1771150260000,70282.0,70311.0,70282.0,70305.0,0.18234
ETH-USD-PERP.HYPERLIQUID,1771150260000,2059.1,2060.1,2059.1,2059.9,1.7959
FARTCOIN-USD-PERP.HYPERLIQUID,1771150260000,0.20972,0.20977,0.20963,0.20977,41720.2
FET-USD-PERP.HYPERLIQUID,1771150260000,0.17786,0.17791,0.17786,0.17791,557.0
SOL-USD-PERP.HYPERLIQUID,1771150260000,89.443,89.493,89.443,89.493,180.09
AVAX-USD-PERP.HYPERLIQUID,1771150260000,9.551,9.5515,9.55,9.55,22.75
BTC-USD-PERP.HYPERLIQUID,1771150260000,70282.0,70311.0,70282.0,70306.0,0.18285
ETH-USD-PERP.HYPERLIQUID,1771150260000,2059.1,2060.1,2059.1,2060.0,1.8864
MON-USD-PERP.HYPERLIQUID,1771150260000,0.023539,0.023539,0.023539,0.023539,9904.0
XRP-USD-PERP.HYPERLIQUID,1771150260000,1.5803,1.5818,1.5803,1.5809,23871.0
ZORA-USD-PERP.HYPERLIQUID,1771150260000,0.02174,0.02174,0.02174,0.02174,948.0
PAXG-USD-PERP.HYPERLIQUID,1771150260000,5036.2,5036.2,5036.2,5036.2,0.002
XRP-USD-PERP.HYPERLIQUID,1771150260000,1.5803,1.5818,1.5803,1.5812,23878.0
HYPE-USD-PERP.HYPERLIQUID,1771150260000,31.08,31.08,31.057,31.074,349.9
INJ-USD-PERP.HYPERLIQUID,1771150260000,3.2267,3.2271,3.2267,3.2271,15.3
JUP-USD-PERP.HYPERLIQUID,1771150260000,0.16619,0.16619,0.16619,0.16619,114.0
ONDO-USD-PERP.HYPERLIQUID,1771150260000,0.28604,0.28604,0.28599,0.28599,202.0
ETH-USD-PERP.HYPERLIQUID,1771150260000,2059.1,2060.1,2059.1,2059.9,1.9964
NEAR-USD-PERP.HYPERLIQUID,1771150260000,1.0737,1.0739,1.0737,1.0739,60.0
VVV-USD-PERP.HYPERLIQUID,1771150260000,3.8496,3.8554,3.8492,3.8554,654.84
ZEC-USD-PERP.HYPERLIQUID,1771150260000,308.66,308.81,308.66,308.79,10.33
FET-USD-PERP.HYPERLIQUID,1771150260000,0.17786,0.17791,0.17786,0.17791,696.0
LINEA-USD-PERP.HYPERLIQUID,1771150260000,0.003834,0.003834,0.003834,0.003834,11622.0
ZEC-USD-PERP.HYPERLIQUID,1771150260000,308.66,308.85,308.66,308.85,10.37
BNB-USD-PERP.HYPERLIQUID,1771150260000,627.09,627.15,627.09,627.15,0.589
DYDX-USD-PERP.HYPERLIQUID,1771150260000,0.11116,0.11117,0.11114,0.11114,364.0
ETH-USD-PERP.HYPERLIQUID,1771150260000,2059.1,2060.1,2059.1,2059.9,9.0617
HYPE-USD-PERP.HYPERLIQUID,1771150260000,31.08,31.08,31.057,31.068,350.27
MNT-USD-PERP.HYPERLIQUID,1771150260000,0.66992,0.67064,0.66972,0.67064,1367.3
TAO-USD-PERP.HYPERLIQUID,1771150260000,187.81,187.83,187.81,187.83,0.222
TRX-USD-PERP.HYPERLIQUID,1771150260000,0.28078,0.28078,0.28078,0.28078,802.0
XMR-USD-PERP.HYPERLIQUID,1771150260000,349.24,349.24,349.24,349.24,1.006
XPL-USD-PERP.HYPERLIQUID,1771150260000,0.10087,0.10091,0.10087,0.10091,804.0
ZEC-USD-PERP.HYPERLIQUID,1771150260000,308.66,308.85,308.66,308.81,14.84
NEO-USD-PERP.HYPERLIQUID,1771150260000,2.9061,2.9061,2.9061,2.9061,4.57
RESOLV-USD-PERP.HYPERLIQUID,1771150260000,0.062031,0.062031,0.062031,0.062031,248.0
ZEC-USD-PERP.HYPERLIQUID,1771150260000,308.66,308.85,308.66,308.8,14.92
ARB-USD-PERP.HYPERLIQUID,1771150260000,0.11829,0.11829,0.11829,0.11829,127.4
ETH-USD-PERP.HYPERLIQUID,1771150260000,2059.1,2060.1,2059.1,2059.8,9.1717
FARTCOIN-USD-PERP.HYPERLIQUID,1771150260000,0.20972,0.20977,0.20963,0.20975,41831.2
HYPE-USD-PERP.HYPERLIQUID,1771150260000,31.08,31.08,31.057,31.067,351.3
JTO-USD-PERP.HYPERLIQUID,1771150260000,0.27936,0.27936,0.27913,0.27913,178.0
LIT-USD-PERP.HYPERLIQUID,1771150260000,1.7087,1.7087,1.7079,1.7084,587.0
PAXG-USD-PERP.HYPERLIQUID,1771150260000,5036.2,5036.2,5036.2,5036.2,0.065
SOL-USD-PERP.HYPERLIQUID,1771150260000,89.443,89.493,89.443,89.493,184.16
ZEC-USD-PERP.HYPERLIQUID,1771150260000,308.66,308.85,308.66,308.8,15.05
ZK-USD-PERP.HYPERLIQUID,1771150260000,0.022359,0.022359,0.022359,0.022359,1886.0
KAS-USD-PERP.HYPERLIQUID,1771150260000,0.033136,0.033136,0.033136,0.033136,547.0
SOL-USD-PERP.HYPERLIQUID,1771150260000,89.443,89.494,89.443,89.494,184.33
XRP-USD-PERP.HYPERLIQUID,1771150260000,1.5803,1.5818,1.5803,1.581,24120.0
ZEC-USD-PERP.HYPERLIQUID,1771150260000,308.66,308.85,308.66,308.79,16.19
BANANA-USD-PERP.HYPERLIQUID,1771150260000,4.7941,4.7941,4.7936,4.7936,9.7
ETH-USD-PERP.HYPERLIQUID,1771150260000,2059.1,2060.1,2059.1,2059.9,9.1773
HYPE-USD-PERP.HYPERLIQUID,1771150260000,31.08,31.08,31.057,31.073,352.11
MOVE-USD-PERP.HYPERLIQUID,1771150260000,0.02509,0.02509,0.02509,0.02509,2715.0
SOL-USD-PERP.HYPERLIQUID,1771150260000,89.443,89.509,89.443,89.509,227.37
VVV-USD-PERP.HYPERLIQUID,1771150260000,3.8496,3.86,3.8492,3.86,685.44
APT-USD-PERP.HYPERLIQUID,1771150260000,0.9653,0.9653,0.9653,0.9653,107.18
BTC-USD-PERP.HYPERLIQUID,1771150260000,70282.0,70311.0,70282.0,70305.0,0.18451
LIT-USD-PERP.HYPERLIQUID,1771150260000,1.7087,1.7087,1.7079,1.7087,593.0
SOL-USD-PERP.HYPERLIQUID,1771150260000,89.443,89.524,89.443,89.524,247.64
SUI-USD-PERP.HYPERLIQUID,1771150260000,1.0138,1.0139,1.0136,1.0137,1576.9
TAO-USD-PERP.HYPERLIQUID,1771150260000,187.81,187.85,187.81,187.85,0.324
AVNT-USD-PERP.HYPERLIQUID,1771150260000,0.20726,0.20736,0.20726,0.20728,353.0
BLUR-USD-PERP.HYPERLIQUID,1771150260000,0.022069,0.022069,0.022069,0.022069,681.0
BTC-USD-PERP.HYPERLIQUID,1771150260000,70282.0,70311.0,70282.0,70306.0,0.18495
PUMP-USD-PERP.HYPERLIQUID,1771150260000,0.002285,0.002287,0.002285,0.002287,451812.0
SOL-USD-PERP.HYPERLIQUID,1771150260000,89.443,89.524,89.443,89.524,254.06
ZEC-USD-PERP.HYPERLIQUID,1771150260000,308.66,308.85,308.66,308.85,17.71
BNB-USD-PERP.HYPERLIQUID,1771150260000,627.09,627.15,627.09,627.1,0.698
BTC-USD-PERP.HYPERLIQUID,1771150260000,70282.0,70312.0,70282.0,70312.0,0.1852
DOGE-USD-PERP.HYPERLIQUID,1771150260000,0.11354,0.11354,0.11352,0.11352,31526.0
LINK-USD-PERP.HYPERLIQUID,1771150260000,9.0695,9.0713,9.0695,9.0713,68.7
POPCAT-USD-PERP.HYPERLIQUID,1771150260000,0.056267,0.056267,0.056251,0.056251,18742.0
SOL-USD-PERP.HYPERLIQUID,1771150260000,89.443,89.524,89.443,89.524,257.05
ZEC-USD-PERP.HYPERLIQUID,1771150260000,308.66,308.85,308.66,308.84,21.92
kPEPE-USD-PERP.HYPERLIQUID,1771150260000,0.004672,0.00468,0.004672,0.00468,4706.0
ETH-USD-PERP.HYPERLIQUID,1771150260000,2059.1,2060.1,2059.1,2059.9,9.2873
JUP-USD-PERP.HYPERLIQUID,1771150260000,0.16619,0.16623,0.16619,0.16623,972.0
PENDLE-USD-PERP.HYPERLIQUID,1771150260000,1.2876,1.2876,1.2871,1.2876,618.0
PUMP-USD-PERP.HYPERLIQUID,1771150260000,0.002285,0.002288,0.002285,0.002288,462313.0
ZEC-USD-PERP.HYPERLIQUID,1771150260000,308.66,308.88,308.66,308.88,21.97
BTC-USD-PERP.HYPERLIQUID,1771150260000,70282.0,70315.0,70282.0,70315.0,0.18536
KAITO-USD-PERP.HYPERLIQUID,1771150260000,0.3253,0.3253,0.3253,0.3253,41.0
NEAR-USD-PERP.HYPERLIQUID,1771150260000,1.0737,1.0745,1.0737,1.0745,69.8
PUMP-USD-PERP.HYPERLIQUID,1771150260000,0.002285,0.002289,0.002285,0.002289,6552590.0
SOL-USD-PERP.HYPERLIQUID,1771150260000,89.443,89.524,89.443,89.514,259.45
VVV-USD-PERP.HYPERLIQUID,1771150260000,3.8496,3.86,3.8492,3.86,1654.84
ZEC-USD-PERP.HYPERLIQUID,1771150260000,308.66,308.88,308.66,308.86,22.01
APEX-USD-PERP.HYPERLIQUID,1771150260000,0.36693,0.36693,0.3665,0.3665,346.0
BTC-USD-PERP.HYPERLIQUID,1771150260000,70282.0,70315.0,70282.0,70315.0,0.18557
COMP-USD-PERP.HYPERLIQUID,1771150260000,22.996,22.996,22.936,22.936,1.92
ONDO-USD-PERP.HYPERLIQUID,1771150260000,0.28604,0.28606,0.28599,0.28606,304.0
SOL-USD-PERP.HYPERLIQUID,1771150260000,89.443,89.524,89.443,89.514,307.17
BTC-USD-PERP.HYPERLIQUID,1771150260000,70282.0,70315.0,70282.0,70315.0,0.18652
HYPE-USD-PERP.HYPERLIQUID,1771150260000,31.08,31.08,31.057,31.074,353.04
SOL-USD-PERP.HYPERLIQUID,1771150260000,89.443,89.524,89.443,89.516,314.87
WIF-USD-PERP.HYPERLIQUID,1771150260000,0.24157,0.24157,0.24157,0.24157,87.0
XAI-USD-PERP.HYPERLIQUID,1771150260000,0.01075,0.01075,0.01075,0.01075,5811.9
kPEPE-USD-PERP.HYPERLIQUID,1771150260000,0.004672,0.004683,0.004672,0.004682,257493.0
BTC-USD-PERP.HYPERLIQUID,1771150260000,70282.0,70315.0,70282.0,70314.0,0.18863
PUMP-USD-PERP.HYPERLIQUID,1771150260000,0.002285,0.002289,0.002285,0.002287,6557058.0
SOL-USD-PERP.HYPERLIQUID,1771150260000,89.443,89.524,89.443,89.515,315.37
BTC-USD-PERP.HYPERLIQUID,1771150260000,70282.0,70315.0,70282.0,70315.0,0.18963
ENA-USD-PERP.HYPERLIQUID,1771150260000,0.12663,0.12666,0.12663,0.12666,1820.0
MOODENG-USD-PERP.HYPERLIQUID,1771150260000,0.059482,0.059482,0.059482,0.059482,2246.0
WLFI-USD-PERP.HYPERLIQUID,1771150260000,0.10625,0.10625,0.10625,0.10625,2546.0
ZRO-USD-PERP.HYPERLIQUID,1771150260000,1.8704,1.8704,1.8704,1.8704,6.0
BTC-USD-PERP.HYPERLIQUID,1771150260000,70282.0,70315.0,70282.0,70314.0,0.1913
DOGE-USD-PERP.HYPERLIQUID,1771150260000,0.11354,0.11354,0.11352,0.11352,31659.0
REZ-USD-PERP.HYPERLIQUID,1771150260000,0.003079,0.003079,0.003079,0.003079,6371.0
SUI-USD-PERP.HYPERLIQUID,1771150260000,1.0138,1.0139,1.0135,1.0135,1681.2
LINEA-USD-PERP.HYPERLIQUID,1771150260000,0.003834,0.003839,0.003834,0.003839,146275.0
S-USD-PERP.HYPERLIQUID,1771150260000,0.049645,0.049645,0.049645,0.049645,2112.0
SOL-USD-PERP.HYPERLIQUID,1771150260000,89.443,89.524,89.443,89.516,321.73
TRB-USD-PERP.HYPERLIQUID,1771150260000,16.416,16.416,16.416,16.416,1.1
VVV-USD-PERP.HYPERLIQUID,1771150260000,3.8496,3.8619,3.8492,3.8619,1734.36
BTC-USD-PERP.HYPERLIQUID,1771150260000,70282.0,70315.0,70282.0,70315.0,0.19146
SOL-USD-PERP.HYPERLIQUID,1771150260000,89.443,89.524,89.443,89.511,326.84
ZEC-USD-PERP.HYPERLIQUID,1771150260000,308.66,309.0,308.66,309.0,28.74
ACE-USD-PERP.HYPERLIQUID,1771150260000,0.1802,0.1802,0.1802,0.1802,3206.01
BTC-USD-PERP.HYPERLIQUID,1771150260000,70282.0,70315.0,70282.0,70306.0,0.24901
MON-USD-PERP.HYPERLIQUID,1771150260000,0.023539,0.023539,0.023539,0.023539,177484.0
ZEC-USD-PERP.HYPERLIQUID,1771150260000,308.66,309.0,308.66,308.89,41.84
2Z-USD-PERP.HYPERLIQUID,1771150260000,0.080598,0.080598,0.080598,0.080598,192.0
BTC-USD-PERP.HYPERLIQUID,1771150260000,70282.0,70315.0,70282.0,70298.0,0.62788
FARTCOIN-USD-PERP.HYPERLIQUID,1771150260000,0.20972,0.20989,0.20963,0.20989,55756.8
MON-USD-PERP.HYPERLIQUID,1771150260000,0.023539,0.023539,0.023539,0.023539,193887.0
SOL-USD-PERP.HYPERLIQUID,1771150260000,89.443,89.524,89.443,89.506,346.6
COMP-USD-PERP.HYPERLIQUID,1771150260000,22.996,22.996,22.849,22.849,53.83
FET-USD-PERP.HYPERLIQUID,1771150260000,0.17786,0.17791,0.17774,0.17774,1054.0
SOL-USD-PERP.HYPERLIQUID,1771150260000,89.443,89.524,89.443,89.503,419.93
W-USD-PERP.HYPERLIQUID,1771150260000,0.02094,0.02094,0.02094,0.02094,797.7
BNB-USD-PERP.HYPERLIQUID,1771150260000,627.09,627.15,626.62,626.62,9.188
BTC-USD-PERP.HYPERLIQUID,1771150260000,70282.0,70315.0,70282.0,70298.0,0.62976
MOVE-USD-PERP.HYPERLIQUID,1771150260000,0.02509,0.02509,0.025081,0.025081,9153.0
PUMP-USD-PERP.HYPERLIQUID,1771150260000,0.002285,0.002289,0.002285,0.002288,6561526.0
SOL-USD-PERP.HYPERLIQUID,1771150260000,89.443,89.524,89.443,89.503,441.33
SUI-USD-PERP.HYPERLIQUID,1771150260000,1.0138,1.0139,1.0131,1.0131,1785.5
VVV-USD-PERP.HYPERLIQUID,1771150260000,3.8496,3.864,3.8492,3.8619,1885.84
BOME-USD-PERP.HYPERLIQUID,1771150260000,0.00045,0.00045,0.00045,0.00045,442908.0
KAS-USD-PERP.HYPERLIQUID,1771150260000,0.033136,0.033145,0.033136,0.033145,1064.0
NEAR-USD-PERP.HYPERLIQUID,1771150260000,1.0737,1.0745,1.0737,1.0739,89.2
PROMPT-USD-PERP.HYPERLIQUID,1771150260000,0.049082,0.049082,0.049082,0.049082,8287.0
SKY-USD-PERP.HYPERLIQUID,1771150260000,0.067306,0.067306,0.067306,0.067306,426.0
ZEC-USD-PERP.HYPERLIQUID,1771150260000,308.66,309.0,308.66,308.93,43.37
AVNT-USD-PERP.HYPERLIQUID,1771150260000,0.20726,0.20736,0.20726,0.20736,472.0
BERA-USD-PERP.HYPERLIQUID,1771150260000,0.66392,0.66401,0.6637,0.6637,2372.1
DOGE-USD-PERP.HYPERLIQUID,1771150260000,0.11354,0.11354,0.11349,0.11349,31765.0
ENA-USD-PERP.HYPERLIQUID,1771150260000,0.12663,0.12666,0.12663,0.12666,2143.0
HYPE-USD-PERP.HYPERLIQUID,1771150260000,31.08,31.08,31.057,31.073,353.41
MNT-USD-PERP.HYPERLIQUID,1771150260000,0.66992,0.67064,0.66972,0.66999,2699.8
MON-USD-PERP.HYPERLIQUID,1771150260000,0.023539,0.023539,0.023527,0.023527,204852.0
XRP-USD-PERP.HYPERLIQUID,1771150260000,1.5803,1.5818,1.5803,1.5806,24299.0
ZEC-USD-PERP.HYPERLIQUID,1771150260000,308.66,309.0,308.66,308.9,43.58
DOT-USD-PERP.HYPERLIQUID,1771150260000,1.4058,1.4058,1.4058,1.4058,50.0
LINEA-USD-PERP.HYPERLIQUID,1771150260000,0.003834,0.003839,0.003834,0.003839,280918.0
MON-USD-PERP.HYPERLIQUID,1771150260000,0.023539,0.023539,0.023527,0.023527,228598.0
SOL-USD-PERP.HYPERLIQUID,1771150260000,89.443,89.524,89.443,89.492,480.55
ZEC-USD-PERP.HYPERLIQUID,1771150260000,308.66,309.0,308.66,308.85,43.7
BTC-USD-PERP.HYPERLIQUID,1771150260000,70282.0,70315.0,70282.0,70297.0,0.64638
IO-USD-PERP.HYPERLIQUID,1771150260000,0.10964,0.10964,0.10964,0.10964,258.3
MON-USD-PERP.HYPERLIQUID,1771150260000,0.023539,0.023539,0.023527,0.023527,353566.0
RENDER-USD-PERP.HYPERLIQUID,1771150260000,1.474,1.474,1.474,1.474,29.9
SUI-USD-PERP.HYPERLIQUID,1771150260000,1.0138,1.0139,1.0131,1.0132,1889.8
TRB-USD-PERP.HYPERLIQUID,1771150260000,16.416,16.416,16.415,16.415,2.17
UMA-USD-PERP.HYPERLIQUID,1771150260000,0.51699,0.51699,0.51699,0.51699,57.9
USTC-USD-PERP.HYPERLIQUID,1771150260000,0.005296,0.005296,0.005296,0.005296,269.0
BTC-USD-PERP.HYPERLIQUID,1771150260000,70282.0,70315.0,70282.0,70297.0,0.64788
HYPER-USD-PERP.HYPERLIQUID,1771150260000,0.10529,0.10529,0.10529,0.10529,148.0
MON-USD-PERP.HYPERLIQUID,1771150260000,0.023539,0.023539,0.023527,0.023527,447148.0
NEAR-USD-PERP.HYPERLIQUID,1771150260000,1.0737,1.0745,1.0737,1.0737,132.3
SOL-USD-PERP.HYPERLIQUID,1771150260000,89.443,89.524,89.443,89.485,480.72
ETH-USD-PERP.HYPERLIQUID,1771150260000,2059.1,2060.1,2059.1,2059.8,9.2929
HYPE-USD-PERP.HYPERLIQUID,1771150260000,31.08,31.08,31.057,31.065,353.78
STRK-USD-PERP.HYPERLIQUID,1771150260000,0.05058,0.05058,0.05058,0.05058,996.0
LTC-USD-PERP.HYPERLIQUID,1771150260000,55.789,55.789,55.789,55.789,0.19
SOL-USD-PERP.HYPERLIQUID,1771150260000,89.443,89.524,89.443,89.471,480.94
BNB-USD-PERP.HYPERLIQUID,1771150260000,627.09,627.25,626.62,627.25,9.347
BTC-USD-PERP.HYPERLIQUID,1771150260000,70282.0,70315.0,70282.0,70297.0,0.64805
MON-USD-PERP.HYPERLIQUID,1771150260000,0.023539,0.023539,0.023513,0.023513,487071.0
WLFI-USD-PERP.HYPERLIQUID,1771150260000,0.10625,0.10625,0.10619,0.10619,7386.0
XPL-USD-PERP.HYPERLIQUID,1771150260000,0.10087,0.10091,0.10086,0.10086,3382.0
ASTER-USD-PERP.HYPERLIQUID,1771150260000,0.72986,0.72986,0.72939,0.72939,2025.0
ATOM-USD-PERP.HYPERLIQUID,1771150260000,2.1606,2.1606,2.1606,2.1606,20.0
ETH-USD-PERP.HYPERLIQUID,1771150260000,2059.1,2060.1,2059.1,2059.7,9.4375
VINE-USD-PERP.HYPERLIQUID,1771150260000,0.020203,0.020204,0.020203,0.020204,1698.0
XPL-USD-PERP.HYPERLIQUID,1771150260000,0.10087,0.10091,0.10086,0.10086,7100.0
BTC-USD-PERP.HYPERLIQUID,1771150260000,70282.0,70315.0,70282.0,70298.0,0.65507
COMP-USD-PERP.HYPERLIQUID,1771150260000,22.996,22.996,22.849,22.859,57.43
LIT-USD-PERP.HYPERLIQUID,1771150260000,1.7087,1.7087,1.7079,1.7085,604.0
OM-USD-PERP.HYPERLIQUID,1771150260000,0.06168,0.06168,0.06168,0.06168,583.6
SAGA-USD-PERP.HYPERLIQUID,1771150260000,0.03315,0.03315,0.03315,0.03315,464.9
SOL-USD-PERP.HYPERLIQUID,1771150260000,89.443,89.524,89.443,89.485,486.7
TRX-USD-PERP.HYPERLIQUID,1771150260000,0.28078,0.28078,0.28078,0.28078,849.0
ZEC-USD-PERP.HYPERLIQUID,1771150260000,308.66,309.0,308.66,308.82,43.82
kPEPE-USD-PERP.HYPERLIQUID,1771150260000,0.004672,0.004683,0.004672,0.004676,472990.0
STBL-USD-PERP.HYPERLIQUID,1771150260000,0.039554,0.039554,0.039554,0.039554,867.0
XRP-USD-PERP.HYPERLIQUID,1771150260000,1.5803,1.5818,1.5803,1.5812,74892.0
ZEC-USD-PERP.HYPERLIQUID,1771150260000,308.66,309.0,308.66,308.82,43.94
ZEN-USD-PERP.HYPERLIQUID,1771150260000,6.5211,6.5211,6.5211,6.5211,2.7
APE-USD-PERP.HYPERLIQUID,1771150260000,0.13503,0.13503,0.13503,0.13503,585.3
EIGEN-USD-PERP.HYPERLIQUID,1771150260000,0.2141,0.2141,0.214,0.214,448.66
ETH-USD-PERP.HYPERLIQUID,1771150260000,2059.1,2060.1,2059.1,2059.8,9.446
SNX-USD-PERP.HYPERLIQUID,1771150260000,0.30431,0.30431,0.30431,0.30431,51.1
WLD-USD-PERP.HYPERLIQUID,1771150260000,0.42166,0.42166,0.42166,0.42166,53.4
BSV-USD-PERP.HYPERLIQUID,1771150260000,17.604,17.604,17.594,17.594,10.05
BTC-USD-PERP.HYPERLIQUID,1771150260000,70282.0,70315.0,70282.0,70298.0,0.66276
HYPE-USD-PERP.HYPERLIQUID,1771150260000,31.08,31.08,31.057,31.064,355.8
VVV-USD-PERP.HYPERLIQUID,1771150260000,3.8496,3.864,3.8492,3.8588,1900.23
XRP-USD-PERP.HYPERLIQUID,1771150260000,1.5803,1.5818,1.5803,1.5812,74899.0
ZEC-USD-PERP.HYPERLIQUID,1771150260000,308.66,309.0,308.66,308.82,43.98
BTC-USD-PERP.HYPERLIQUID,1771150260000,70282.0,70315.0,70282.0,70298.0,0.66476
HBAR-USD-PERP.HYPERLIQUID,1771150260000,0.10293,0.10293,0.10292,0.10292,4857.0
HYPE-USD-PERP.HYPERLIQUID,1771150260000,31.08,31.08,31.057,31.065,356.21
WLFI-USD-PERP.HYPERLIQUID,1771150260000,0.10625,0.10625,0.10619,0.10619,11261.0
BTC-USD-PERP.HYPERLIQUID,1771150260000,70282.0,70315.0,70282.0,70298.0,0.67041
CAKE-USD-PERP.HYPERLIQUID,1771150260000,1.3445,1.3445,1.3445,1.3445,28.0
COMP-USD-PERP.HYPERLIQUID,1771150260000,22.996,22.996,22.838,22.838,59.81
XRP-USD-PERP.HYPERLIQUID,1771150260000,1.5803,1.5818,1.5803,1.5818,77174.0
ZEC-USD-PERP.HYPERLIQUID,1771150260000,308.66,309.0,308.66,308.78,45.35
ALGO-USD-PERP.HYPERLIQUID,1771150260000,0.098346,0.098346,0.098346,0.098346,183.0
APE-USD-PERP.HYPERLIQUID,1771150260000,0.13503,0.13503,0.13503,0.13503,1170.6
APEX-USD-PERP.HYPERLIQUID,1771150260000,0.36693,0.36693,0.36592,0.36592,668.0
BLUR-USD-PERP.HYPERLIQUID,1771150260000,0.022069,0.022069,0.022069,0.022069,1415.0
BTC-USD-PERP.HYPERLIQUID,1771150260000,70282.0,70315.0,70282.0,70297.0,0.67191
CFX-USD-PERP.HYPERLIQUID,1771150260000,0.056484,0.056484,0.056484,0.056484,9867.0
EIGEN-USD-PERP.HYPERLIQUID,1771150260000,0.2141,0.2141,0.214,0.2141,739.43
ETH-USD-PERP.HYPERLIQUID,1771150260000,2059.1,2060.1,2059.1,2059.7,9.452
MON-USD-PERP.HYPERLIQUID,1771150260000,0.023539,0.023539,0.023511,0.023511,497709.0
SUI-USD-PERP.HYPERLIQUID,1771150260000,1.0138,1.0139,1.0131,1.0134,1994.1
XRP-USD-PERP.HYPERLIQUID,1771150260000,1.5803,1.5822,1.5803,1.5821,80639.0
kSHIB-USD-PERP.HYPERLIQUID,1771150260000,0.006817,0.006817,0.006817,0.006817,2368.0
BERA-USD-PERP.HYPERLIQUID,1771150260000,0.66392,0.66401,0.6637,0.66374,2431.8
BSV-USD-PERP.HYPERLIQUID,1771150260000,17.604,17.604,17.594,17.594,21.17
DOGE-USD-PERP.HYPERLIQUID,1771150260000,0.11354,0.11354,0.11349,0.1135,32041.0
ZEC-USD-PERP.HYPERLIQUID,1771150260000,308.66,309.0,308.66,308.77,48.35
APEX-USD-PERP.HYPERLIQUID,1771150260000,0.36693,0.36693,0.36592,0.36594,2080.0
AXS-USD-PERP.HYPERLIQUID,1771150260000,1.4261,1.4261,1.4261,1.4261,13.2
APEX-USD-PERP.HYPERLIQUID,1771150260000,0.36693,0.36693,0.3655,0.3655,2568.0
LIT-USD-PERP.HYPERLIQUID,1771150260000,1.7087,1.7087,1.7077,1.7077,1145.0
BTC-USD-PERP.HYPERLIQUID,1771150260000,70282.0,70315.0,70282.0,70298.0,0.67575
SOL-USD-PERP.HYPERLIQUID,1771150260000,89.443,89.524,89.443,89.479,491.17
HYPE-USD-PERP.HYPERLIQUID,1771150260000,31.08,31.08,31.057,31.065,356.58
OP-USD-PERP.HYPERLIQUID,1771150260000,0.19407,0.1941,0.19407,0.1941,404.2
SOL-USD-PERP.HYPERLIQUID,1771150260000,89.443,89.524,89.443,89.479,491.98
HYPE-USD-PERP.HYPERLIQUID,1771150260000,31.08,31.08,31.057,31.064,368.17
MELANIA-USD-PERP.HYPERLIQUID,1771150260000,0.12371,0.12371,0.12371,0.12371,144.4
NEAR-USD-PERP.HYPERLIQUID,1771150260000,1.0737,1.0745,1.0737,1.0737,144.5
SAND-USD-PERP.HYPERLIQUID,1771150260000,0.091112,0.091113,0.091111,0.091111,5350.0
SOL-USD-PERP.HYPERLIQUID,1771150260000,89.443,89.524,89.443,89.48,492.18
ZEC-USD-PERP.HYPERLIQUID,1771150260000,308.66,309.0,308.66,308.74,49.99
BTC-USD-PERP.HYPERLIQUID,1771150260000,70282.0,70315.0,70282.0,70294.0,0.68423
MANTA-USD-PERP.HYPERLIQUID,1771150260000,0.07839,0.07839,0.07839,0.07839,14950.9
SOL-USD-PERP.HYPERLIQUID,1771150260000,89.443,89.524,89.443,89.48,647.42
BTC-USD-PERP.HYPERLIQUID,1771150260000,70282.0,70315.0,70282.0,70294.0,0.68482
ME-USD-PERP.HYPERLIQUID,1771150260000,0.14875,0.14875,0.14861,0.14861,247.2
USTC-USD-PERP.HYPERLIQUID,1771150260000,0.005296,0.005309,0.005296,0.005309,272.0
ZEC-USD-PERP.HYPERLIQUID,1771150260000,308.66,309.0,308.66,308.74,50.04
XRP-USD-PERP.HYPERLIQUID,1771150260000,1.5803,1.5822,1.5803,1.5819,83640.0
0G-USD-PERP.HYPERLIQUID,1771150260000,0.68657,0.68709,0.68492,0.68492,1866.0
BTC-USD-PERP.HYPERLIQUID,1771150260000,70282.0,70315.0,70282.0,70292.0,0.69011
ETH-USD-PERP.HYPERLIQUID,1771150260000,2059.1,2060.1,2059.1,2059.7,9.5874
HYPE-USD-PERP.HYPERLIQUID,1771150260000,31.08,31.08,31.057,31.067,371.66
SOL-USD-PERP.HYPERLIQUID,1771150260000,89.443,89.524,89.443,89.483,648.85
XMR-USD-PERP.HYPERLIQUID,1771150260000,349.24,349.24,349.09,349.09,1.081
ETH-USD-PERP.HYPERLIQUID,1771150260000,2059.1,2060.1,2059.1,2059.8,13.5957
MAVIA-USD-PERP.HYPERLIQUID,1771150260000,0.03972,0.03972,0.03972,0.03972,811.6
STX-USD-PERP.HYPERLIQUID,1771150260000,0.27357,0.27357,0.27357,0.27357,60.8
TRX-USD-PERP.HYPERLIQUID,1771150260000,0.28078,0.28078,0.28078,0.28078,1162.0
BTC-USD-PERP.HYPERLIQUID,1771150260000,70282.0,70315.0,70282.0,70292.0,0.69161
HYPE-USD-PERP.HYPERLIQUID,1771150260000,31.08,31.08,31.057,31.065,373.69
PUMP-USD-PERP.HYPERLIQUID,1771150260000,0.002285,0.002289,0.002285,0.002286,6576985.0
SUI-USD-PERP.HYPERLIQUID,1771150260000,1.0138,1.0139,1.0131,1.0132,2098.4
TRX-USD-PERP.HYPERLIQUID,1771150260000,0.28078,0.28078,0.28078,0.28078,1233.0
ARB-USD-PERP.HYPERLIQUID,1771150260000,0.11829,0.11829,0.11823,0.11823,3464.0
BTC-USD-PERP.HYPERLIQUID,1771150260000,70282.0,70315.0,70282.0,70292.0,0.69261
ETH-USD-PERP.HYPERLIQUID,1771150260000,2059.1,2060.1,2059.1,2059.6,13.603
LINK-USD-PERP.HYPERLIQUID,1771150260000,9.0695,9.0713,9.0678,9.0678,71.2
SOL-USD-PERP.HYPERLIQUID,1771150260000,89.443,89.524,89.443,89.477,650.78
ZEC-USD-PERP.HYPERLIQUID,1771150260000,308.66,309.0,308.66,308.73,50.16
CAKE-USD-PERP.HYPERLIQUID,1771150260000,1.3445,1.3445,1.3445,1.3445,40.7
CFX-USD-PERP.HYPERLIQUID,1771150260000,0.056484,0.056497,0.056484,0.056497,10573.0
ETH-USD-PERP.HYPERLIQUID,1771150260000,2059.1,2060.1,2059.1,2059.6,13.653
IP-USD-PERP.HYPERLIQUID,1771150260000,1.1672,1.1672,1.1662,1.1662,19.9
XRP-USD-PERP.HYPERLIQUID,1771150260000,1.5803,1.5822,1.5803,1.5808,83647.0
ZEC-USD-PERP.HYPERLIQUID,1771150260000,308.66,309.0,308.66,308.7,50.22
COMP-USD-PERP.HYPERLIQUID,1771150260000,22.996,22.996,22.823,22.823,111.93
SOL-USD-PERP.HYPERLIQUID,1771150260000,89.443,89.524,89.443,89.461,751.5
TRX-USD-PERP.HYPERLIQUID,1771150260000,0.28078,0.28078,0.28078,0.28078,1734.0
BERA-USD-PERP.HYPERLIQUID,1771150260000,0.66392,0.66401,0.66351,0.66351,3698.8
FARTCOIN-USD-PERP.HYPERLIQUID,1771150260000,0.20972,0.20989,0.20963,0.20979,55839.4
SOL-USD-PERP.HYPERLIQUID,1771150260000,89.443,89.524,89.443,89.471,754.8
SUSHI-USD-PERP.HYPERLIQUID,1771150260000,0.21526,0.21526,0.21526,0.21526,86.8
AVAX-USD-PERP.HYPERLIQUID,1771150260000,9.551,9.5515,9.5495,9.5495,27.61
LDO-USD-PERP.HYPERLIQUID,1771150260000,0.35433,0.35433,0.35433,0.35433,1058.8
SOL-USD-PERP.HYPERLIQUID,1771150260000,89.443,89.524,89.443,89.471,763.52
ZEC-USD-PERP.HYPERLIQUID,1771150260000,308.66,309.0,308.62,308.63,54.26
BLUR-USD-PERP.HYPERLIQUID,1771150260000,0.022069,0.022069,0.022036,0.022036,8065.0
ETH-USD-PERP.HYPERLIQUID,1771150260000,2059.1,2060.1,2059.1,2059.5,14.2574
FET-USD-PERP.HYPERLIQUID,1771150260000,0.17786,0.17791,0.17774,0.17791,1373.0
SOL-USD-PERP.HYPERLIQUID,1771150260000,89.443,89.524,89.443,89.465,799.29
DOGE-USD-PERP.HYPERLIQUID,1771150260000,0.11354,0.11354,0.11349,0.1135,32400.0
PAXG-USD-PERP.HYPERLIQUID,1771150260000,5036.2,5036.2,5036.2,5036.2,0.067
XRP-USD-PERP.HYPERLIQUID,1771150260000,1.5803,1.5822,1.5803,1.5807,83655.0
BTC-USD-PERP.HYPERLIQUID,1771150260000,70282.0,70315.0,70282.0,70291.0,0.7018
SEI-USD-PERP.HYPERLIQUID,1771150260000,0.07752,0.07752,0.077511,0.077518,10949.0
SOL-USD-PERP.HYPERLIQUID,1771150260000,89.443,89.524,89.443,89.47,805.13
SPX-USD-PERP.HYPERLIQUID,1771150260000,0.32874,0.32874,0.32874,0.32874,57.6
BLAST-USD-PERP.HYPERLIQUID,1771150260000,0.000639,0.000639,0.000639,0.000639,59850.0
HYPE-USD-PERP.HYPERLIQUID,1771150260000,31.08,31.08,31.057,31.066,374.06
ZEC-USD-PERP.HYPERLIQUID,1771150260000,308.66,309.0,308.62,308.64,55.29
DOGE-USD-PERP.HYPERLIQUID,1771150260000,0.11354,0.11354,0.11349,0.11354,32811.0
ETH-USD-PERP.HYPERLIQUID,1771150260000,2059.1,2060.1,2059.1,2059.8,16.1974
SKR-USD-PERP.HYPERLIQUID,1771150260000,0.02267,0.02267,0.02267,0.02267,1555.0
SOL-USD-PERP.HYPERLIQUID,1771150260000,89.443,89.524,89.443,89.482,1003.41
VVV-USD-PERP.HYPERLIQUID,1771150260000,3.8496,3.865,3.8492,3.865,2497.68
HYPE-USD-PERP.HYPERLIQUID,1771150260000,31.08,31.08,31.057,31.07,374.43
PNUT-USD-PERP.HYPERLIQUID,1771150260000,0.05248,0.05248,0.05248,0.05248,346.4
XMR-USD-PERP.HYPERLIQUID,1771150260000,349.24,349.24,349.09,349.19,2.087
ZEC-USD-PERP.HYPERLIQUID,1771150260000,308.66,309.0,308.62,308.66,55.35
NXPC-USD-PERP.HYPERLIQUID,1771150260000,0.27775,0.27775,0.27775,0.27775,62.0
FARTCOIN-USD-PERP.HYPERLIQUID,1771150260000,0.20972,0.20989,0.20963,0.20984,55894.9
HYPE-USD-PERP.HYPERLIQUID,1771150260000,31.08,31.08,31.057,31.074,375.46
LTC-USD-PERP.HYPERLIQUID,1771150260000,55.789,55.838,55.789,55.838,18.1
TAO-USD-PERP.HYPERLIQUID,1771150260000,187.81,187.85,187.81,187.84,2.678
ZEC-USD-PERP.HYPERLIQUID,1771150260000,308.66,309.0,308.62,308.66,55.49
ZEC-USD-PERP.HYPERLIQUID,1771150260000,308.66,309.0,308.6,308.65,55.85
ETH-USD-PERP.HYPERLIQUID,1771150260000,2059.1,2060.1,2059.1,2059.8,16.203
HYPE-USD-PERP.HYPERLIQUID,1771150260000,31.08,31.08,31.057,31.075,376.27
VVV-USD-PERP.HYPERLIQUID,1771150260000,3.8496,3.865,3.8492,3.8641,2556.68
ZEC-USD-PERP.HYPERLIQUID,1771150260000,308.66,309.0,308.6,308.65,55.97
ADA-USD-PERP.HYPERLIQUID,1771150260000,0.29375,0.29375,0.29365,0.29373,2728.0
FET-USD-PERP.HYPERLIQUID,1771150260000,0.17786,0.17792,0.17774,0.17792,1539.0
PUMP-USD-PERP.HYPERLIQUID,1771150260000,0.002285,0.002289,0.002284,0.002284,6587486.0
ICP-USD-PERP.HYPERLIQUID,1771150260000,2.4976,2.4976,2.4976,2.4976,7.5
SOL-USD-PERP.HYPERLIQUID,1771150260000,89.443,89.524,89.443,89.488,1003.55
TAO-USD-PERP.HYPERLIQUID,1771150260000,187.81,187.85,187.81,187.84,3.45
USTC-USD-PERP.HYPERLIQUID,1771150260000,0.005296,0.005316,0.005296,0.005316,276.0
BNB-USD-PERP.HYPERLIQUID,1771150260000,627.09,627.48,626.62,627.48,9.372
BRETT-USD-PERP.HYPERLIQUID,1771150260000,0.008302,0.008302,0.008302,0.008302,2212.0
BTC-USD-PERP.HYPERLIQUID,1771150260000,70282.0,70315.0,70282.0,70308.0,0.7158
ETH-USD-PERP.HYPERLIQUID,1771150260000,2059.1,2060.3,2059.1,2060.0,16.5338
LIT-USD-PERP.HYPERLIQUID,1771150260000,1.7087,1.7089,1.7077,1.7089,1152.0
STX-USD-PERP.HYPERLIQUID,1771150260000,0.27357,0.27366,0.27357,0.27366,126.7
TAO-USD-PERP.HYPERLIQUID,1771150260000,187.81,187.94,187.81,187.94,4.112
TRX-USD-PERP.HYPERLIQUID,1771150260000,0.28078,0.28078,0.28078,0.28078,1779.0
VVV-USD-PERP.HYPERLIQUID,1771150260000,3.8496,3.8765,3.8492,3.8765,4398.5
WLD-USD-PERP.HYPERLIQUID,1771150260000,0.42166,0.4218,0.42166,0.4218,103.4
XRP-USD-PERP.HYPERLIQUID,1771150260000,1.5803,1.5823,1.5803,1.5823,86859.0
ZEC-USD-PERP.HYPERLIQUID,1771150260000,308.66,309.0,308.6,308.62,56.03
BIGTIME-USD-PERP.HYPERLIQUID,1771150260000,0.015986,0.015986,0.015986,0.015986,1138.0
FIL-USD-PERP.HYPERLIQUID,1771150260000,0.99733,0.99733,0.99733,0.99733,30.9
HYPE-USD-PERP.HYPERLIQUID,1771150260000,31.08,31.083,31.057,31.083,463.75
STX-USD-PERP.HYPERLIQUID,1771150260000,0.27357,0.27366,0.2735,0.2735,2228.4
TAO-USD-PERP.HYPERLIQUID,1771150260000,187.81,187.94,187.81,187.94,4.644
ZEC-USD-PERP.HYPERLIQUID,1771150260000,308.66,309.0,308.6,308.64,68.9
BIGTIME-USD-PERP.HYPERLIQUID,1771150260000,0.015986,0.016007,0.015986,0.016007,2284.0
BTC-USD-PERP.HYPERLIQUID,1771150260000,70282.0,70315.0,70282.0,70312.0,0.71622
CFX-USD-PERP.HYPERLIQUID,1771150260000,0.056484,0.056497,0.056474,0.056474,10848.0
HYPE-USD-PERP.HYPERLIQUID,1771150260000,31.08,31.09,31.057,31.09,526.76
LINK-USD-PERP.HYPERLIQUID,1771150260000,9.0695,9.0713,9.0678,9.0709,77.3
STX-USD-PERP.HYPERLIQUID,1771150260000,0.27357,0.27366,0.27332,0.27332,3854.2
WLFI-USD-PERP.HYPERLIQUID,1771150260000,0.10625,0.10625,0.10619,0.1062,15970.0
XRP-USD-PERP.HYPERLIQUID,1771150260000,1.5803,1.5824,1.5803,1.5824,86866.0
ZEC-USD-PERP.HYPERLIQUID,1771150260000,308.66,309.0,308.6,308.62,69.14
ASTER-USD-PERP.HYPERLIQUID,1771150260000,0.72986,0.72986,0.72939,0.72953,2097.0
BTC-USD-PERP.HYPERLIQUID,1771150260000,70282.0,70315.0,70282.0,70312.0,0.71735
DASH-USD-PERP.HYPERLIQUID,1771150260000,39.837,39.837,39.837,39.837,0.51
HYPE-USD-PERP.HYPERLIQUID,1771150260000,31.08,31.09,31.057,31.09,534.59
LIT-USD-PERP.HYPERLIQUID,1771150260000,1.7087,1.7089,1.7077,1.7086,1167.0
XRP-USD-PERP.HYPERLIQUID,1771150260000,1.5803,1.5826,1.5803,1.5826,86877.0
AVAX-USD-PERP.HYPERLIQUID,1771150260000,9.551,9.5515,9.5495,9.551,38.46
BTC-USD-PERP.HYPERLIQUID,1771150260000,70282.0,70315.0,70282.0,70312.0,0.71751
HYPE-USD-PERP.HYPERLIQUID,1771150260000,31.08,31.094,31.057,31.094,535.53
ONDO-USD-PERP.HYPERLIQUID,1771150260000,0.28604,0.28607,0.28599,0.28604,817.0
SKR-USD-PERP.HYPERLIQUID,1771150260000,0.02267,0.022675,0.02267,0.022675,2604.0
SOL-USD-PERP.HYPERLIQUID,1771150260000,89.443,89.524,89.443,89.503,1003.68
kPEPE-USD-PERP.HYPERLIQUID,1771150260000,0.004672,0.004683,0.004672,0.004677,475634.0
BTC-USD-PERP.HYPERLIQUID,1771150260000,70282.0,70315.0,70282.0,70312.0,0.72853
ZEC-USD-PERP.HYPERLIQUID,1771150260000,308.66,309.0,308.59,308.59,69.18
BTC-USD-PERP.HYPERLIQUID,1771150260000,70282.0,70315.0,70282.0,70307.0,0.73745
DOT-USD-PERP.HYPERLIQUID,1771150260000,1.4058,1.4058,1.4055,1.4055,63.2
GOAT-USD-PERP.HYPERLIQUID,1771150260000,0.024786,0.024786,0.024786,0.024786,2560.0
WLFI-USD-PERP.HYPERLIQUID,1771150260000,0.10625,0.10625,0.10619,0.1062,20679.0
ZEC-USD-PERP.HYPERLIQUID,1771150260000,308.66,309.0,308.59,308.62,75.56
BTC-USD-PERP.HYPERLIQUID,1771150260000,70282.0,70315.0,70282.0,70307.0,0.74245
NEAR-USD-PERP.HYPERLIQUID,1771150260000,1.0737,1.0745,1.0737,1.0737,166.5
ZEC-USD-PERP.HYPERLIQUID,1771150260000,308.66,309.0,308.59,308.65,75.68
BTC-USD-PERP.HYPERLIQUID,1771150260000,70282.0,70315.0,70282.0,70306.0,0.74262
DOGE-USD-PERP.HYPERLIQUID,1771150260000,0.11354,0.11356,0.11349,0.11356,32945.0
PENGU-USD-PERP.HYPERLIQUID,1771150260000,0.007515,0.007515,0.007515,0.007515,2458.0
VVV-USD-PERP.HYPERLIQUID,1771150260000,3.8496,3.8765,3.8492,3.8705,4590.04
XPL-USD-PERP.HYPERLIQUID,1771150260000,0.10087,0.10091,0.10086,0.10086,9676.0
SOL-USD-PERP.HYPERLIQUID,1771150260000,89.443,89.524,89.443,89.502,1004.2
0G-USD-PERP.HYPERLIQUID,1771150260000,0.68657,0.68709,0.68492,0.68497,2756.0
BSV-USD-PERP.HYPERLIQUID,1771150260000,17.604,17.604,17.594,17.594,24.92
SOL-USD-PERP.HYPERLIQUID,1771150260000,89.443,89.524,89.443,89.503,1009.68
ZEC-USD-PERP.HYPERLIQUID,1771150260000,308.66,309.0,308.59,308.64,82.41
ASTER-USD-PERP.HYPERLIQUID,1771150260000,0.72986,0.72986,0.72939,0.72971,2112.0
OP-USD-PERP.HYPERLIQUID,1771150260000,0.19407,0.1941,0.19405,0.19405,594.2
SOL-USD-PERP.HYPERLIQUID,1771150260000,89.443,89.524,89.443,89.469,1026.61
VINE-USD-PERP.HYPERLIQUID,1771150260000,0.020203,0.020204,0.020191,0.020191,5203.0
XPL-USD-PERP.HYPERLIQUID,1771150260000,0.10087,0.10091,0.10086,0.10086,12252.0
BTC-USD-PERP.HYPERLIQUID,1771150260000,70282.0,70315.0,70282.0,70304.0,0.74437
WLFI-USD-PERP.HYPERLIQUID,1771150260000,0.10625,0.10625,0.10619,0.10619,25389.0
AAVE-USD-PERP.HYPERLIQUID,1771150260000,128.87,128.91,128.87,128.91,1.03
SOL-USD-PERP.HYPERLIQUID,1771150260000,89.443,89.524,89.443,89.484,1037.73
SOL-USD-PERP.HYPERLIQUID,1771150260000,89.443,89.524,89.443,89.487,1037.86
DOGE-USD-PERP.HYPERLIQUID,1771150260000,0.11354,0.11356,0.11349,0.11352,39792.0
TURBO-USD-PERP.HYPERLIQUID,1771150260000,0.001164,0.001164,0.001164,0.001164,13769.0
kPEPE-USD-PERP.HYPERLIQUID,1771150260000,0.004672,0.004683,0.004672,0.004676,630873.0
ADA-USD-PERP.HYPERLIQUID,1771150260000,0.29375,0.29375,0.29365,0.29366,3241.0
AVAX-USD-PERP.HYPERLIQUID,1771150260000,9.551,9.5515,9.5495,9.5502,49.8
BNB-USD-PERP.HYPERLIQUID,1771150260000,627.09,627.48,626.62,627.35,9.542
BTC-USD-PERP.HYPERLIQUID,1771150260000,70282.0,70315.0,70282.0,70302.0,0.74468
DOGE-USD-PERP.HYPERLIQUID,1771150260000,0.11354,0.11356,0.11346,0.11346,40019.0
ETH-USD-PERP.HYPERLIQUID,1771150260000,2059.1,2060.3,2059.1,2059.8,16.6157
FARTCOIN-USD-PERP.HYPERLIQUID,1771150260000,0.20972,0.20989,0.2096,0.2096,56026.2
HYPE-USD-PERP.HYPERLIQUID,1771150260000,31.08,31.094,31.057,31.082,579.74
SOL-USD-PERP.HYPERLIQUID,1771150260000,89.443,89.524,89.389,89.389,1050.83
AR-USD-PERP.HYPERLIQUID,1771150320000,2.0597,2.0597,2.0597,2.0597,381.04
BERA-USD-PERP.HYPERLIQUID,1771150320000,0.66357,0.66357,0.66357,0.66357,1156.2
DOGE-USD-PERP.HYPERLIQUID,1771150320000,0.11345,0.11345,0.11345,0.11345,801.0
ETH-USD-PERP.HYPERLIQUID,1771150320000,2059.6,2059.6,2059.6,2059.6,0.0124
HYPE-USD-PERP.HYPERLIQUID,1771150320000,31.074,31.074,31.074,31.074,0.37
HYPER-USD-PERP.HYPERLIQUID,1771150260000,0.10529,0.10529,0.10517,0.10517,2119.0
MNT-USD-PERP.HYPERLIQUID,1771150320000,0.66998,0.67065,0.66976,0.67065,1405.0
SOL-USD-PERP.HYPERLIQUID,1771150320000,89.34,89.34,89.331,89.331,70.87
XPL-USD-PERP.HYPERLIQUID,1771150260000,0.10087,0.10091,0.10083,0.10083,14828.0
ZEC-USD-PERP.HYPERLIQUID,1771150320000,308.4,308.4,308.4,308.4,0.04
GALA-USD-PERP.HYPERLIQUID,1771150320000,0.004275,0.004275,0.004275,0.004275,4019.0
MET-USD-PERP.HYPERLIQUID,1771150320000,0.2302,0.2302,0.2302,0.2302,85.0
NEAR-USD-PERP.HYPERLIQUID,1771150320000,1.0737,1.0737,1.0737,1.0737,17.3
SOL-USD-PERP.HYPERLIQUID,1771150320000,89.34,89.34,89.331,89.334,115.07
TAO-USD-PERP.HYPERLIQUID,1771150320000,187.84,187.84,187.83,187.83,7.004
ZETA-USD-PERP.HYPERLIQUID,1771150320000,0.05744,0.05744,0.05744,0.05744,280.4
AR-USD-PERP.HYPERLIQUID,1771150320000,2.0597,2.0597,2.0597,2.0597,434.57
BTC-USD-PERP.HYPERLIQUID,1771150320000,70300.0,70300.0,70300.0,70300.0,0.01661
ENA-USD-PERP.HYPERLIQUID,1771150320000,0.12662,0.12662,0.12662,0.12662,231.0
WIF-USD-PERP.HYPERLIQUID,1771150320000,0.24126,0.24126,0.24126,0.24126,607.0
kNEIRO-USD-PERP.HYPERLIQUID,1771150320000,0.07986,0.07986,0.07986,0.07986,392.8
XLM-USD-PERP.HYPERLIQUID,1771150320000,0.17671,0.17671,0.17671,0.17671,90.0
ZEC-USD-PERP.HYPERLIQUID,1771150320000,308.4,308.45,308.4,308.45,1.11
ETH-USD-PERP.HYPERLIQUID,1771150320000,2059.6,2059.6,2059.5,2059.5,0.018
HYPE-USD-PERP.HYPERLIQUID,1771150320000,31.074,31.081,31.074,31.081,0.74
MEME-USD-PERP.HYPERLIQUID,1771150320000,0.000748,0.000748,0.000748,0.000748,21681.0
MON-USD-PERP.HYPERLIQUID,1771150320000,0.023508,0.023508,0.023508,0.023508,70319.0
USTC-USD-PERP.HYPERLIQUID,1771150320000,0.005311,0.005311,0.005311,0.005311,7.0
XPL-USD-PERP.HYPERLIQUID,1771150320000,0.10081,0.10081,0.10081,0.10081,2350.0
BTC-USD-PERP.HYPERLIQUID,1771150320000,70300.0,70301.0,70300.0,70301.0,0.01681
MEME-USD-PERP.HYPERLIQUID,1771150320000,0.000748,0.000748,0.000747,0.000747,43881.0
BTC-USD-PERP.HYPERLIQUID,1771150320000,70300.0,70301.0,70300.0,70300.0,0.01698
ZEC-USD-PERP.HYPERLIQUID,1771150320000,308.4,308.49,308.4,308.49,8.85
LIT-USD-PERP.HYPERLIQUID,1771150320000,1.7071,1.7071,1.7071,1.7071,47.0
SOL-USD-PERP.HYPERLIQUID,1771150320000,89.34,89.34,89.331,89.334,115.22
ZEC-USD-PERP.HYPERLIQUID,1771150320000,308.4,308.5,308.4,308.5,15.73
BTC-USD-PERP.HYPERLIQUID,1771150320000,70300.0,70301.0,70300.0,70300.0,0.02623
FET-USD-PERP.HYPERLIQUID,1771150320000,0.17786,0.17786,0.17786,0.17786,159.0
IMX-USD-PERP.HYPERLIQUID,1771150320000,0.17295,0.17295,0.17295,0.17295,110.2
OP-USD-PERP.HYPERLIQUID,1771150320000,0.194,0.194,0.194,0.194,104.1
ZEC-USD-PERP.HYPERLIQUID,1771150320000,308.4,308.5,308.4,308.5,15.85
0G-USD-PERP.HYPERLIQUID,1771150320000,0.68469,0.68469,0.68469,0.68469,93.0
BABY-USD-PERP.HYPERLIQUID,1771150320000,0.01394,0.01394,0.01394,0.01394,2796.0
BTC-USD-PERP.HYPERLIQUID,1771150320000,70300.0,70301.0,70300.0,70300.0,0.04098
HYPE-USD-PERP.HYPERLIQUID,1771150320000,31.074,31.089,31.074,31.089,32.48
LIT-USD-PERP.HYPERLIQUID,1771150320000,1.7071,1.7071,1.7067,1.7067,58.0
SOL-USD-PERP.HYPERLIQUID,1771150320000,89.34,89.34,89.331,89.334,120.55
NEAR-USD-PERP.HYPERLIQUID,1771150320000,1.0737,1.0737,1.0736,1.0736,96.6
SOL-USD-PERP.HYPERLIQUID,1771150320000,89.34,89.365,89.331,89.365,131.74
UNI-USD-PERP.HYPERLIQUID,1771150320000,3.573,3.573,3.573,3.573,3.1
VVV-USD-PERP.HYPERLIQUID,1771150320000,3.871,3.8769,3.871,3.8769,1768.15
CRV-USD-PERP.HYPERLIQUID,1771150320000,0.25866,0.25866,0.25866,0.25866,1933.8
ETH-USD-PERP.HYPERLIQUID,1771150320000,2059.6,2059.6,2059.5,2059.6,0.0265
SOL-USD-PERP.HYPERLIQUID,1771150320000,89.34,89.365,89.331,89.364,146.22
VVV-USD-PERP.HYPERLIQUID,1771150320000,3.871,3.8769,3.8709,3.8709,1770.73
XRP-USD-PERP.HYPERLIQUID,1771150320000,1.5809,1.5809,1.5809,1.5809,2010.0
CRV-USD-PERP.HYPERLIQUID,1771150320000,0.25866,0.25866,0.25866,0.25866,3867.6
ETC-USD-PERP.HYPERLIQUID,1771150320000,9.0035,9.0035,9.0035,9.0035,1.22
ETH-USD-PERP.HYPERLIQUID,1771150320000,2059.6,2059.7,2059.5,2059.7,0.2065
COMP-USD-PERP.HYPERLIQUID,1771150320000,22.823,22.823,22.823,22.823,51.14
MON-USD-PERP.HYPERLIQUID,1771150320000,0.023508,0.023508,0.023508,0.023508,94101.0
XRP-USD-PERP.HYPERLIQUID,1771150320000,1.5809,1.5809,1.5809,1.5809,2017.0
kNEIRO-USD-PERP.HYPERLIQUID,1771150320000,0.07986,0.07986,0.07986,0.07986,609.0
ETH-USD-PERP.HYPERLIQUID,1771150320000,2059.6,2059.8,2059.5,2059.8,0.9965
IMX-USD-PERP.HYPERLIQUID,1771150320000,0.17295,0.17296,0.17295,0.17296,186.5
MEME-USD-PERP.HYPERLIQUID,1771150320000,0.000748,0.000748,0.000747,0.000747,69740.0
XRP-USD-PERP.HYPERLIQUID,1771150320000,1.5809,1.5812,1.5809,1.5812,2227.0
ZEC-USD-PERP.HYPERLIQUID,1771150320000,308.4,308.58,308.4,308.58,17.74
PENGU-USD-PERP.HYPERLIQUID,1771150320000,0.00751,0.00751,0.00751,0.00751,3693.0
BTC-USD-PERP.HYPERLIQUID,1771150320000,70300.0,70310.0,70300.0,70310.0,0.04973
ETH-USD-PERP.HYPERLIQUID,1771150320000,2059.6,2059.8,2059.5,2059.8,1.0025
FARTCOIN-USD-PERP.HYPERLIQUID,1771150320000,0.20971,0.20971,0.20971,0.20971,71.6
BTC-USD-PERP.HYPERLIQUID,1771150320000,70300.0,70310.0,70300.0,70310.0,0.05086
GRASS-USD-PERP.HYPERLIQUID,1771150320000,0.22039,0.22039,0.22039,0.22039,52.2
NEAR-USD-PERP.HYPERLIQUID,1771150320000,1.0737,1.0737,1.0736,1.0736,120.4
SOL-USD-PERP.HYPERLIQUID,1771150320000,89.34,89.373,89.331,89.373,149.69
CFX-USD-PERP.HYPERLIQUID,1771150320000,0.056427,0.056427,0.056427,0.056427,739.0
ENS-USD-PERP.HYPERLIQUID,1771150320000,6.8762,6.8762,6.8762,6.8762,2.21
GRASS-USD-PERP.HYPERLIQUID,1771150320000,0.22039,0.22039,0.22009,0.22009,104.4
LIT-USD-PERP.HYPERLIQUID,1771150320000,1.7071,1.7071,1.7066,1.7066,559.0
SOL-USD-PERP.HYPERLIQUID,1771150320000,89.34,89.373,89.331,89.372,505.57
TRX-USD-PERP.HYPERLIQUID,1771150320000,0.28078,0.28078,0.28078,0.28078,373.0
BTC-USD-PERP.HYPERLIQUID,1771150320000,70300.0,70310.0,70300.0,70310.0,0.05186
FET-USD-PERP.HYPERLIQUID,1771150320000,0.17786,0.17786,0.17766,0.17766,1156.0
GRASS-USD-PERP.HYPERLIQUID,1771150320000,0.22039,0.22039,0.22004,0.22004,156.6
TRX-USD-PERP.HYPERLIQUID,1771150320000,0.28078,0.28078,0.28078,0.28078,523.0
ZEC-USD-PERP.HYPERLIQUID,1771150320000,308.4,308.58,308.4,308.56,17.78
BTC-USD-PERP.HYPERLIQUID,1771150320000,70300.0,70310.0,70300.0,70310.0,0.0613
HYPE-USD-PERP.HYPERLIQUID,1771150320000,31.074,31.093,31.074,31.093,32.85
ZEC-USD-PERP.HYPERLIQUID,1771150320000,308.4,308.58,308.4,308.56,21.47
MERL-USD-PERP.HYPERLIQUID,1771150320000,0.06457,0.06457,0.06457,0.06457,266.0
ZEC-USD-PERP.HYPERLIQUID,1771150320000,308.4,308.62,308.4,308.62,23.44
BTC-USD-PERP.HYPERLIQUID,1771150320000,70300.0,70310.0,70300.0,70310.0,0.06551
GALA-USD-PERP.HYPERLIQUID,1771150320000,0.004275,0.004275,0.00427,0.00427,8453.0
ETH-USD-PERP.HYPERLIQUID,1771150320000,2059.6,2060.3,2059.5,2060.3,1.2025
SOL-USD-PERP.HYPERLIQUID,1771150320000,89.34,89.373,89.331,89.367,505.77
ZEC-USD-PERP.HYPERLIQUID,1771150320000,308.4,308.62,308.4,308.56,23.49
GAS-USD-PERP.HYPERLIQUID,1771150320000,1.6995,1.6995,1.6995,1.6995,13.5
MON-USD-PERP.HYPERLIQUID,1771150320000,0.023508,0.023515,0.023508,0.023515,104737.0
SOL-USD-PERP.HYPERLIQUID,1771150320000,89.34,89.38,89.331,89.38,507.75
ZEC-USD-PERP.HYPERLIQUID,1771150320000,308.4,308.62,308.4,308.61,24.87
ANIME-USD-PERP.HYPERLIQUID,1771150320000,0.005803,0.005803,0.005803,0.005803,3139.0
BTC-USD-PERP.HYPERLIQUID,1771150320000,70300.0,70310.0,70300.0,70310.0,0.06611
DOGE-USD-PERP.HYPERLIQUID,1771150320000,0.11345,0.11345,0.1134,0.1134,35525.0
STX-USD-PERP.HYPERLIQUID,1771150320000,0.27348,0.27351,0.27348,0.27351,1079.9
kPEPE-USD-PERP.HYPERLIQUID,1771150320000,0.004673,0.004673,0.004673,0.004673,2574.0
0G-USD-PERP.HYPERLIQUID,1771150320000,0.68469,0.68469,0.68423,0.6844,1481.0
BTC-USD-PERP.HYPERLIQUID,1771150320000,70300.0,70310.0,70300.0,70310.0,0.07464
HYPE-USD-PERP.HYPERLIQUID,1771150320000,31.074,31.093,31.074,31.092,32.87
VVV-USD-PERP.HYPERLIQUID,1771150320000,3.871,3.8825,3.8709,3.8825,1783.62
BTC-USD-PERP.HYPERLIQUID,1771150320000,70300.0,70310.0,70300.0,70310.0,0.07792
NEAR-USD-PERP.HYPERLIQUID,1771150320000,1.0737,1.0737,1.0736,1.0737,148.3
SOL-USD-PERP.HYPERLIQUID,1771150320000,89.34,89.38,89.331,89.379,689.43
APT-USD-PERP.HYPERLIQUID,1771150320000,0.9649,0.9649,0.9649,0.9649,16.43
AXS-USD-PERP.HYPERLIQUID,1771150320000,1.4273,1.4273,1.4273,1.4273,12.9
BSV-USD-PERP.HYPERLIQUID,1771150320000,17.594,17.594,17.594,17.594,11.0
BTC-USD-PERP.HYPERLIQUID,1771150320000,70300.0,70310.0,70300.0,70310.0,0.07909
LINK-USD-PERP.HYPERLIQUID,1771150320000,9.0663,9.0663,9.0663,9.0663,7.0
TRX-USD-PERP.HYPERLIQUID,1771150320000,0.28078,0.28078,0.28078,0.28078,900.0
XRP-USD-PERP.HYPERLIQUID,1771150320000,1.5809,1.5823,1.5809,1.5823,3906.0
HYPE-USD-PERP.HYPERLIQUID,1771150320000,31.074,31.093,31.074,31.092,35.7
PUMP-USD-PERP.HYPERLIQUID,1771150320000,0.002285,0.002285,0.002285,0.002285,12831.0
ETH-USD-PERP.HYPERLIQUID,1771150320000,2059.6,2060.3,2059.5,2060.3,1.8094
SOL-USD-PERP.HYPERLIQUID,1771150320000,89.34,89.383,89.331,89.383,694.32
ZEC-USD-PERP.HYPERLIQUID,1771150320000,308.4,308.62,308.4,308.61,24.91
ZEC-USD-PERP.HYPERLIQUID,1771150320000,308.4,308.62,308.4,308.61,24.99
MERL-USD-PERP.HYPERLIQUID,1771150320000,0.06457,0.064602,0.06457,0.064602,475.0
SOL-USD-PERP.HYPERLIQUID,1771150320000,89.34,89.383,89.331,89.383,705.56
TRUMP-USD-PERP.HYPERLIQUID,1771150320000,3.5051,3.5051,3.5051,3.5051,5.2
ZEC-USD-PERP.HYPERLIQUID,1771150320000,308.4,308.62,308.4,308.61,25.2
FARTCOIN-USD-PERP.HYPERLIQUID,1771150320000,0.20971,0.20971,0.2097,0.2097,154.2
HYPE-USD-PERP.HYPERLIQUID,1771150320000,31.074,31.093,31.074,31.092,37.07
SOL-USD-PERP.HYPERLIQUID,1771150320000,89.34,89.383,89.331,89.383,718.81
STRK-USD-PERP.HYPERLIQUID,1771150320000,0.05061,0.05061,0.05061,0.05061,640.6
BCH-USD-PERP.HYPERLIQUID,1771150320000,560.22,560.22,560.22,560.22,0.001
HYPE-USD-PERP.HYPERLIQUID,1771150320000,31.074,31.093,31.074,31.092,37.6
SOL-USD-PERP.HYPERLIQUID,1771150320000,89.34,89.383,89.331,89.377,753.71
PAXG-USD-PERP.HYPERLIQUID,1771150320000,5036.2,5036.2,5036.2,5036.2,0.002
XRP-USD-PERP.HYPERLIQUID,1771150320000,1.5809,1.5823,1.5809,1.5819,3913.0
AIXBT-USD-PERP.HYPERLIQUID,1771150320000,0.021959,0.021959,0.021959,0.021959,1482.0
ALT-USD-PERP.HYPERLIQUID,1771150320000,0.008905,0.008905,0.008905,0.008905,3614.0
BTC-USD-PERP.HYPERLIQUID,1771150320000,70300.0,70311.0,70300.0,70311.0,0.08009
HYPE-USD-PERP.HYPERLIQUID,1771150320000,31.074,31.093,31.074,31.093,38.6
SOL-USD-PERP.HYPERLIQUID,1771150320000,89.34,89.387,89.331,89.387,796.15
TIA-USD-PERP.HYPERLIQUID,1771150320000,0.35242,0.35242,0.35242,0.35242,91.7
FET-USD-PERP.HYPERLIQUID,1771150320000,0.17786,0.17786,0.17766,0.1778,2154.0
KAITO-USD-PERP.HYPERLIQUID,1771150320000,0.32504,0.32504,0.32504,0.32504,60.0
RENDER-USD-PERP.HYPERLIQUID,1771150320000,1.474,1.474,1.474,1.474,11.3
SOL-USD-PERP.HYPERLIQUID,1771150320000,89.34,89.387,89.331,89.387,812.38
AAVE-USD-PERP.HYPERLIQUID,1771150320000,128.96,128.96,128.96,128.96,0.09
HYPE-USD-PERP.HYPERLIQUID,1771150320000,31.074,31.093,31.074,31.093,38.97
MELANIA-USD-PERP.HYPERLIQUID,1771150320000,0.12364,0.12364,0.12364,0.12364,228.0
ASTER-USD-PERP.HYPERLIQUID,1771150320000,0.72996,0.72996,0.72996,0.72996,16.0
CFX-USD-PERP.HYPERLIQUID,1771150320000,0.056427,0.056453,0.056427,0.056453,1076.0
EIGEN-USD-PERP.HYPERLIQUID,1771150320000,0.214,0.214,0.214,0.214,87.95
ETH-USD-PERP.HYPERLIQUID,1771150320000,2059.6,2060.3,2059.5,2060.3,2.0694
SOL-USD-PERP.HYPERLIQUID,1771150320000,89.34,89.389,89.331,89.389,813.99
SPX-USD-PERP.HYPERLIQUID,1771150320000,0.3287,0.3287,0.3287,0.3287,467.2
HYPE-USD-PERP.HYPERLIQUID,1771150320000,31.074,31.093,31.074,31.093,39.34
INIT-USD-PERP.HYPERLIQUID,1771150320000,0.070325,0.070325,0.070325,0.070325,180.0
XMR-USD-PERP.HYPERLIQUID,1771150320000,349.08,349.08,349.08,349.08,1.006
ZEC-USD-PERP.HYPERLIQUID,1771150320000,308.4,308.78,308.4,308.78,25.29
AVAX-USD-PERP.HYPERLIQUID,1771150320000,9.5503,9.5503,9.5503,9.5503,43.0
BABY-USD-PERP.HYPERLIQUID,1771150320000,0.01394,0.01394,0.01394,0.01394,5840.0
BTC-USD-PERP.HYPERLIQUID,1771150320000,70300.0,70311.0,70300.0,70311.0,0.08024
FET-USD-PERP.HYPERLIQUID,1771150320000,0.17786,0.1779,0.17766,0.1779,2244.0
GALA-USD-PERP.HYPERLIQUID,1771150320000,0.004275,0.004275,0.00427,0.004274,12711.0
SOL-USD-PERP.HYPERLIQUID,1771150320000,89.34,89.397,89.331,89.397,833.39
VVV-USD-PERP.HYPERLIQUID,1771150320000,3.871,3.8825,3.8709,3.8723,3973.18
ZEC-USD-PERP.HYPERLIQUID,1771150320000,308.4,308.78,308.4,308.77,26.71
ZEC-USD-PERP.HYPERLIQUID,1771150320000,308.4,308.78,308.4,308.77,26.75
BTC-USD-PERP.HYPERLIQUID,1771150320000,70300.0,70314.0,70300.0,70310.0,0.09758
FARTCOIN-USD-PERP.HYPERLIQUID,1771150320000,0.20971,0.20975,0.2097,0.20975,265.2
FET-USD-PERP.HYPERLIQUID,1771150320000,0.17786,0.17792,0.17766,0.17792,2367.0
HYPE-USD-PERP.HYPERLIQUID,1771150320000,31.074,31.093,31.074,31.093,40.36
NXPC-USD-PERP.HYPERLIQUID,1771150320000,0.27775,0.27775,0.27775,0.27775,238.0
PENDLE-USD-PERP.HYPERLIQUID,1771150320000,1.2885,1.2885,1.2885,1.2885,13.0
XRP-USD-PERP.HYPERLIQUID,1771150320000,1.5809,1.5823,1.5809,1.5822,4313.0
ZEC-USD-PERP.HYPERLIQUID,1771150320000,308.4,308.8,308.4,308.79,26.96
ETH-USD-PERP.HYPERLIQUID,1771150320000,2059.6,2060.3,2059.5,2060.3,2.075
HYPE-USD-PERP.HYPERLIQUID,1771150320000,31.074,31.093,31.074,31.093,41.17
ZRO-USD-PERP.HYPERLIQUID,1771150320000,1.8703,1.8703,1.8703,1.8703,9.1
ETH-USD-PERP.HYPERLIQUID,1771150320000,2059.6,2060.3,2059.5,2060.3,2.225
BTC-USD-PERP.HYPERLIQUID,1771150320000,70300.0,70314.0,70300.0,70314.0,0.09774
ETH-USD-PERP.HYPERLIQUID,1771150320000,2059.6,2060.3,2059.5,2060.3,2.2286
FET-USD-PERP.HYPERLIQUID,1771150320000,0.17786,0.17792,0.17766,0.1778,3365.0
LIT-USD-PERP.HYPERLIQUID,1771150320000,1.7071,1.7088,1.7066,1.7088,565.0
ZEC-USD-PERP.HYPERLIQUID,1771150320000,308.4,308.8,308.4,308.79,27.0
BSV-USD-PERP.HYPERLIQUID,1771150320000,17.594,17.594,17.594,17.594,14.79
BTC-USD-PERP.HYPERLIQUID,1771150320000,70300.0,70314.0,70300.0,70314.0,0.10343
ETH-USD-PERP.HYPERLIQUID,1771150320000,2059.6,2060.4,2059.5,2060.4,2.2359
HYPE-USD-PERP.HYPERLIQUID,1771150320000,31.074,31.098,31.074,31.098,100.05
LDO-USD-PERP.HYPERLIQUID,1771150320000,0.35431,0.35431,0.35431,0.35431,0.1
RENDER-USD-PERP.HYPERLIQUID,1771150320000,1.474,1.474,1.4725,1.4725,22.8
SOL-USD-PERP.HYPERLIQUID,1771150320000,89.34,89.397,89.331,89.397,843.29
WLFI-USD-PERP.HYPERLIQUID,1771150320000,0.1062,0.1062,0.1062,0.1062,6057.0
ZK-USD-PERP.HYPERLIQUID,1771150320000,0.02236,0.02236,0.02236,0.02236,679.0
kPEPE-USD-PERP.HYPERLIQUID,1771150320000,0.004673,0.004679,0.004673,0.004679,2576.0
BTC-USD-PERP.HYPERLIQUID,1771150320000,70300.0,70314.0,70300.0,70314.0,0.10385
ENS-USD-PERP.HYPERLIQUID,1771150320000,6.8762,6.8774,6.8762,6.8774,4.75
LINK-USD-PERP.HYPERLIQUID,1771150320000,9.0663,9.0689,9.0663,9.0689,14.2
ZEC-USD-PERP.HYPERLIQUID,1771150320000,308.4,308.8,308.4,308.79,27.22
BTC-USD-PERP.HYPERLIQUID,1771150320000,70300.0,70314.0,70300.0,70314.0,0.10843
GMX-USD-PERP.HYPERLIQUID,1771150320000,6.6492,6.6492,6.6492,6.6492,3.0
WLFI-USD-PERP.HYPERLIQUID,1771150320000,0.1062,0.10625,0.1062,0.10625,19054.0
XRP-USD-PERP.HYPERLIQUID,1771150320000,1.5809,1.5825,1.5809,1.5825,6917.0
BSV-USD-PERP.HYPERLIQUID,1771150320000,17.594,17.594,17.594,17.594,22.48
BTC-USD-PERP.HYPERLIQUID,1771150320000,70300.0,70315.0,70300.0,70315.0,0.10859
FARTCOIN-USD-PERP.HYPERLIQUID,1771150320000,0.20971,0.20976,0.2097,0.20976,1202.8
HYPE-USD-PERP.HYPERLIQUID,1771150320000,31.074,31.1,31.074,31.1,125.05
MNT-USD-PERP.HYPERLIQUID,1771150320000,0.66998,0.67069,0.66976,0.67069,1443.8
SOL-USD-PERP.HYPERLIQUID,1771150320000,89.34,89.404,89.331,89.404,844.9
SUI-USD-PERP.HYPERLIQUID,1771150320000,1.0135,1.0135,1.0135,1.0135,19.7
XRP-USD-PERP.HYPERLIQUID,1771150320000,1.5809,1.5825,1.5809,1.5825,9534.0
ZEC-USD-PERP.HYPERLIQUID,1771150320000,308.4,308.8,308.4,308.79,27.26
BTC-USD-PERP.HYPERLIQUID,1771150320000,70300.0,70316.0,70300.0,70316.0,0.11107
PURR-USD-PERP.HYPERLIQUID,1771150320000,0.071636,0.071636,0.071636,0.071636,280.0
ZEC-USD-PERP.HYPERLIQUID,1771150320000,308.4,308.8,308.4,308.8,29.96
BTC-USD-PERP.HYPERLIQUID,1771150320000,70300.0,70316.0,70300.0,70316.0,0.11201
INIT-USD-PERP.HYPERLIQUID,1771150320000,0.070325,0.070385,0.070325,0.070385,21571.0
ZEC-USD-PERP.HYPERLIQUID,1771150320000,308.4,308.82,308.4,308.82,32.09
BTC-USD-PERP.HYPERLIQUID,1771150320000,70300.0,70316.0,70300.0,70316.0,0.11372
EIGEN-USD-PERP.HYPERLIQUID,1771150320000,0.214,0.2141,0.214,0.2141,176.38
ZEC-USD-PERP.HYPERLIQUID,1771150320000,308.4,308.85,308.4,308.85,32.17
kFLOKI-USD-PERP.HYPERLIQUID,1771150320000,0.033587,0.033587,0.033587,0.033587,519.0
BTC-USD-PERP.HYPERLIQUID,1771150320000,70300.0,70316.0,70300.0,70315.0,0.11389
DOGE-USD-PERP.HYPERLIQUID,1771150320000,0.11345,0.11352,0.1134,0.11352,35658.0
ETH-USD-PERP.HYPERLIQUID,1771150320000,2059.6,2060.7,2059.5,2060.7,2.3506
0G-USD-PERP.HYPERLIQUID,1771150320000,0.68469,0.68469,0.68323,0.68323,1681.0
ETH-USD-PERP.HYPERLIQUID,1771150320000,2059.6,2060.7,2059.5,2060.6,2.6138
HYPE-USD-PERP.HYPERLIQUID,1771150320000,31.074,31.102,31.074,31.102,125.62
BABY-USD-PERP.HYPERLIQUID,1771150320000,0.01394,0.01394,0.01394,0.01394,7243.0
NEO-USD-PERP.HYPERLIQUID,1771150320000,2.9041,2.9041,2.9041,2.9041,8.26
ZEC-USD-PERP.HYPERLIQUID,1771150320000,308.4,308.86,308.4,308.86,38.89
COMP-USD-PERP.HYPERLIQUID,1771150320000,22.823,22.848,22.823,22.848,73.64
FET-USD-PERP.HYPERLIQUID,1771150320000,0.17786,0.17792,0.17766,0.17791,3539.0
FOGO-USD-PERP.HYPERLIQUID,1771150320000,0.02287,0.02287,0.02287,0.02287,689.0
XRP-USD-PERP.HYPERLIQUID,1771150320000,1.5809,1.5825,1.5809,1.5824,10588.0
BSV-USD-PERP.HYPERLIQUID,1771150320000,17.594,17.594,17.594,17.594,41.29
BTC-USD-PERP.HYPERLIQUID,1771150320000,70300.0,70316.0,70300.0,70315.0,0.11465
TRX-USD-PERP.HYPERLIQUID,1771150320000,0.28078,0.28078,0.28078,0.28078,1044.0
TRB-USD-PERP.HYPERLIQUID,1771150320000,16.413,16.413,16.413,16.413,2.64
ZK-USD-PERP.HYPERLIQUID,1771150320000,0.02236,0.02236,0.02236,0.02236,2226.0
AXS-USD-PERP.HYPERLIQUID,1771150320000,1.4273,1.4273,1.4271,1.4271,259.3
BTC-USD-PERP.HYPERLIQUID,1771150320000,70300.0,70316.0,70300.0,70315.0,0.17276
SCR-USD-PERP.HYPERLIQUID,1771150320000,0.05065,0.05065,0.05065,0.05065,335.9
SOL-USD-PERP.HYPERLIQUID,1771150320000,89.34,89.404,89.331,89.39,845.03
BTC-USD-PERP.HYPERLIQUID,1771150320000,70300.0,70316.0,70300.0,70316.0,0.4857
HYPE-USD-PERP.HYPERLIQUID,1771150320000,31.074,31.102,31.074,31.102,126.03
JTO-USD-PERP.HYPERLIQUID,1771150320000,0.27922,0.27922,0.27922,0.27922,61.0
POL-USD-PERP.HYPERLIQUID,1771150320000,0.10913,0.10913,0.10913,0.10913,158.0
2Z-USD-PERP.HYPERLIQUID,1771150320000,0.080478,0.080478,0.080478,0.080478,465.0
BERA-USD-PERP.HYPERLIQUID,1771150320000,0.66357,0.66424,0.66357,0.66424,2312.4
ENA-USD-PERP.HYPERLIQUID,1771150320000,0.12662,0.1267,0.12662,0.1267,579.0
HYPE-USD-PERP.HYPERLIQUID,1771150320000,31.074,31.103,31.074,31.103,126.4
MNT-USD-PERP.HYPERLIQUID,1771150320000,0.66998,0.67069,0.66976,0.66997,2776.2
ZEC-USD-PERP.HYPERLIQUID,1771150320000,308.4,308.86,308.4,308.82,38.93
APEX-USD-PERP.HYPERLIQUID,1771150320000,0.36551,0.36551,0.36551,0.36551,1000.0
SUSHI-USD-PERP.HYPERLIQUID,1771150320000,0.21507,0.21507,0.21507,0.21507,1000.0
kBONK-USD-PERP.HYPERLIQUID,1771150320000,0.006859,0.006859,0.006859,0.006859,31196.0
kFLOKI-USD-PERP.HYPERLIQUID,1771150320000,0.033587,0.033587,0.033587,0.033587,6948.0
BTC-USD-PERP.HYPERLIQUID,1771150320000,70300.0,70316.0,70300.0,70315.0,0.50231
S-USD-PERP.HYPERLIQUID,1771150320000,0.049703,0.049703,0.049703,0.049703,370.0
AZTEC-USD-PERP.HYPERLIQUID,1771150320000,0.023814,0.023814,0.023814,0.023814,462.0
ETH-USD-PERP.HYPERLIQUID,1771150320000,2059.6,2060.8,2059.5,2060.8,2.8638
TST-USD-PERP.HYPERLIQUID,1771150320000,0.01167,0.01167,0.01167,0.01167,1564.0
VINE-USD-PERP.HYPERLIQUID,1771150320000,0.020159,0.020159,0.020159,0.020159,3978.0
CELO-USD-PERP.HYPERLIQUID,1771150320000,0.088576,0.088576,0.088576,0.088576,189.0
ETH-USD-PERP.HYPERLIQUID,1771150320000,2059.6,2060.8,2059.5,2060.8,3.129
FET-USD-PERP.HYPERLIQUID,1771150320000,0.17786,0.17792,0.17766,0.1778,4536.0
HYPE-USD-PERP.HYPERLIQUID,1771150320000,31.074,31.104,31.074,31.104,126.77
PROVE-USD-PERP.HYPERLIQUID,1771150320000,0.33555,0.33555,0.33555,0.33555,54.0
ZEC-USD-PERP.HYPERLIQUID,1771150320000,308.4,309.0,308.4,309.0,40.84
BCH-USD-PERP.HYPERLIQUID,1771150320000,560.22,560.23,560.22,560.23,0.22
BTC-USD-PERP.HYPERLIQUID,1771150320000,70300.0,70317.0,70300.0,70317.0,0.50346
ETH-USD-PERP.HYPERLIQUID,1771150320000,2059.6,2060.9,2059.5,2060.9,3.369
ZEC-USD-PERP.HYPERLIQUID,1771150320000,308.4,309.04,308.4,309.04,40.88
BTC-USD-PERP.HYPERLIQUID,1771150320000,70300.0,70319.0,70300.0,70319.0,0.50363
HYPE-USD-PERP.HYPERLIQUID,1771150320000,31.074,31.104,31.074,31.104,128.36
MEME-USD-PERP.HYPERLIQUID,1771150320000,0.000748,0.000748,0.000747,0.000748,91179.0
ZEC-USD-PERP.HYPERLIQUID,1771150320000,308.4,309.04,308.4,309.04,40.92
AVNT-USD-PERP.HYPERLIQUID,1771150320000,0.20768,0.20768,0.20768,0.20768,170.0
ETH-USD-PERP.HYPERLIQUID,1771150320000,2059.6,2060.9,2059.5,2060.9,3.419
GMX-USD-PERP.HYPERLIQUID,1771150320000,6.6492,6.6492,6.6492,6.6492,5.82
STBL-USD-PERP.HYPERLIQUID,1771150320000,0.039565,0.039565,0.039565,0.039565,686.0
BTC-USD-PERP.HYPERLIQUID,1771150320000,70300.0,70320.0,70300.0,70320.0,0.50773
LIT-USD-PERP.HYPERLIQUID,1771150320000,1.7071,1.709,1.7066,1.709,575.0
SOL-USD-PERP.HYPERLIQUID,1771150320000,89.34,89.422,89.331,89.422,861.47
BTC-USD-PERP.HYPERLIQUID,1771150320000,70300.0,70320.0,70300.0,70320.0,0.90712
FET-USD-PERP.HYPERLIQUID,1771150320000,0.17786,0.17792,0.17766,0.17792,5242.0
FOGO-USD-PERP.HYPERLIQUID,1771150320000,0.02287,0.022876,0.02287,0.022876,1420.0
ICP-USD-PERP.HYPERLIQUID,1771150320000,2.5001,2.5001,2.5001,2.5001,7.9
BANANA-USD-PERP.HYPERLIQUID,1771150320000,4.7941,4.7941,4.7941,4.7941,3.7
ETH-USD-PERP.HYPERLIQUID,1771150320000,2059.6,2060.9,2059.5,2060.7,3.4421
HYPE-USD-PERP.HYPERLIQUID,1771150320000,31.074,31.104,31.074,31.084,384.69
BTC-USD-PERP.HYPERLIQUID,1771150320000,70300.0,70320.0,70300.0,70319.0,0.94101
XRP-USD-PERP.HYPERLIQUID,1771150320000,1.5809,1.5825,1.5809,1.5823,14184.0
HEMI-USD-PERP.HYPERLIQUID,1771150320000,0.010418,0.010418,0.010418,0.010418,1661.0
HYPE-USD-PERP.HYPERLIQUID,1771150320000,31.074,31.104,31.074,31.086,397.04
MERL-USD-PERP.HYPERLIQUID,1771150320000,0.06457,0.064602,0.064476,0.064476,18712.0
XRP-USD-PERP.HYPERLIQUID,1771150320000,1.5809,1.5825,1.5809,1.5823,14192.0
ZEC-USD-PERP.HYPERLIQUID,1771150320000,308.4,309.04,308.4,308.97,42.48
ETH-USD-PERP.HYPERLIQUID,1771150320000,2059.6,2060.9,2059.5,2060.6,3.4792
FET-USD-PERP.HYPERLIQUID,1771150320000,0.17786,0.17792,0.17766,0.17791,5319.0
LTC-USD-PERP.HYPERLIQUID,1771150320000,55.858,55.858,55.858,55.858,1.07
ZEC-USD-PERP.HYPERLIQUID,1771150320000,308.4,309.04,308.4,308.97,42.77
2Z-USD-PERP.HYPERLIQUID,1771150320000,0.080478,0.080478,0.080447,0.080447,931.0
HYPE-USD-PERP.HYPERLIQUID,1771150320000,31.074,31.104,31.074,31.086,404.94
SKY-USD-PERP.HYPERLIQUID,1771150320000,0.067335,0.067335,0.067335,0.067335,619.0
TRB-USD-PERP.HYPERLIQUID,1771150320000,16.413,16.413,16.389,16.389,3.63
ZEC-USD-PERP.HYPERLIQUID,1771150320000,308.4,309.04,308.4,308.97,44.23
ETH-USD-PERP.HYPERLIQUID,1771150320000,2059.6,2060.9,2059.5,2060.6,8.6663
ZEC-USD-PERP.HYPERLIQUID,1771150320000,308.4,309.04,308.4,308.97,44.27
BERA-USD-PERP.HYPERLIQUID,1771150320000,0.66357,0.66424,0.66357,0.66418,2947.5
BTC-USD-PERP.HYPERLIQUID,1771150320000,70300.0,70320.0,70300.0,70320.0,0.99245
LINK-USD-PERP.HYPERLIQUID,1771150320000,9.0663,9.0689,9.0663,9.0673,18.2
POL-USD-PERP.HYPERLIQUID,1771150320000,0.10913,0.10914,0.10913,0.10914,309.0
RESOLV-USD-PERP.HYPERLIQUID,1771150320000,0.061949,0.061949,0.061949,0.061949,410.0
BTC-USD-PERP.HYPERLIQUID,1771150320000,70300.0,70320.0,70300.0,70319.0,1.20584
ETH-USD-PERP.HYPERLIQUID,1771150320000,2059.6,2060.9,2059.5,2060.5,8.6723
LIT-USD-PERP.HYPERLIQUID,1771150320000,1.7071,1.709,1.7066,1.7087,1211.0
SOL-USD-PERP.HYPERLIQUID,1771150320000,89.34,89.422,89.331,89.388,863.24
SOL-USD-PERP.HYPERLIQUID,1771150320000,89.34,89.422,89.331,89.388,863.67
0G-USD-PERP.HYPERLIQUID,1771150320000,0.68469,0.68469,0.6825,0.6825,1766.0
FET-USD-PERP.HYPERLIQUID,1771150320000,0.17786,0.17792,0.17766,0.17773,6316.0
HYPE-USD-PERP.HYPERLIQUID,1771150320000,31.074,31.104,31.074,31.087,405.31
TAO-USD-PERP.HYPERLIQUID,1771150320000,187.84,188.01,187.83,188.01,7.063
TST-USD-PERP.HYPERLIQUID,1771150320000,0.01167,0.01167,0.01167,0.01167,2861.0
ALT-USD-PERP.HYPERLIQUID,1771150320000,0.008905,0.008905,0.008905,0.008905,7176.0
SPX-USD-PERP.HYPERLIQUID,1771150320000,0.3287,0.3288,0.3287,0.3288,524.9
W-USD-PERP.HYPERLIQUID,1771150320000,0.02091,0.02091,0.02091,0.02091,862.7
AZTEC-USD-PERP.HYPERLIQUID,1771150320000,0.023814,0.02385,0.023814,0.02385,1437.0
IO-USD-PERP.HYPERLIQUID,1771150320000,0.10963,0.10963,0.10963,0.10963,154.0
LIT-USD-PERP.HYPERLIQUID,1771150320000,1.7071,1.709,1.7066,1.7088,1251.0
SOL-USD-PERP.HYPERLIQUID,1771150320000,89.34,89.422,89.331,89.384,863.87
VIRTUAL-USD-PERP.HYPERLIQUID,1771150320000,0.67082,0.67082,0.67082,0.67082,31.2
ZEC-USD-PERP.HYPERLIQUID,1771150320000,308.4,309.04,308.4,308.95,44.31
PROVE-USD-PERP.HYPERLIQUID,1771150320000,0.33555,0.33555,0.33521,0.33521,152.0
AVAX-USD-PERP.HYPERLIQUID,1771150320000,9.5503,9.5503,9.5495,9.5495,53.77
ETHFI-USD-PERP.HYPERLIQUID,1771150320000,0.49355,0.49355,0.49355,0.49355,48.8
SKY-USD-PERP.HYPERLIQUID,1771150320000,0.067335,0.067335,0.067335,0.067335,849.0
BTC-USD-PERP.HYPERLIQUID,1771150320000,70300.0,70320.0,70300.0,70319.0,1.20643
WLFI-USD-PERP.HYPERLIQUID,1771150320000,0.1062,0.10625,0.10611,0.10611,24256.0
AR-USD-PERP.HYPERLIQUID,1771150320000,2.0597,2.0602,2.0597,2.0602,672.51
HYPE-USD-PERP.HYPERLIQUID,1771150320000,31.074,31.104,31.074,31.084,416.74
SCR-USD-PERP.HYPERLIQUID,1771150320000,0.05065,0.05065,0.05065,0.05065,892.1
TAO-USD-PERP.HYPERLIQUID,1771150320000,187.84,188.01,187.83,187.98,7.264
BTC-USD-PERP.HYPERLIQUID,1771150320000,70300.0,70320.0,70300.0,70319.0,1.21121
MOVE-USD-PERP.HYPERLIQUID,1771150320000,0.025064,0.025064,0.025064,0.025064,11588.0
SUI-USD-PERP.HYPERLIQUID,1771150320000,1.0135,1.0135,1.0128,1.0128,124.1
ZORA-USD-PERP.HYPERLIQUID,1771150320000,0.021739,0.021739,0.021739,0.021739,694.0
INJ-USD-PERP.HYPERLIQUID,1771150320000,3.227,3.227,3.227,3.227,12.9
HYPE-USD-PERP.HYPERLIQUID,1771150320000,31.074,31.104,31.074,31.078,418.78
PUMP-USD-PERP.HYPERLIQUID,1771150320000,0.002285,0.002286,0.002285,0.002286,30455.0
ZEC-USD-PERP.HYPERLIQUID,1771150320000,308.4,309.04,308.4,308.91,47.31
DOGE-USD-PERP.HYPERLIQUID,1771150320000,0.11345,0.11352,0.1134,0.11348,36001.0
TAO-USD-PERP.HYPERLIQUID,1771150320000,187.84,188.04,187.83,188.04,7.53
BTC-USD-PERP.HYPERLIQUID,1771150320000,70300.0,70320.0,70300.0,70309.0,1.21309
SUI-USD-PERP.HYPERLIQUID,1771150320000,1.0135,1.0135,1.0128,1.0128,228.5
TST-USD-PERP.HYPERLIQUID,1771150320000,0.01167,0.01167,0.01167,0.01167,4533.0
W-USD-PERP.HYPERLIQUID,1771150320000,0.02091,0.02093,0.02091,0.02093,1640.1
ZEC-USD-PERP.HYPERLIQUID,1771150320000,308.4,309.04,308.4,308.92,48.91
BTC-USD-PERP.HYPERLIQUID,1771150320000,70300.0,70320.0,70300.0,70310.0,1.43082
SOL-USD-PERP.HYPERLIQUID,1771150320000,89.34,89.422,89.331,89.374,865.2
ZEC-USD-PERP.HYPERLIQUID,1771150320000,308.4,309.04,308.4,308.92,48.99
AZTEC-USD-PERP.HYPERLIQUID,1771150320000,0.023814,0.023859,0.023814,0.023859,3437.0
FARTCOIN-USD-PERP.HYPERLIQUID,1771150320000,0.20971,0.20976,0.20969,0.20969,1285.4
NEAR-USD-PERP.HYPERLIQUID,1771150320000,1.0737,1.0737,1.0731,1.0731,175.6
PENDLE-USD-PERP.HYPERLIQUID,1771150320000,1.2885,1.2885,1.2883,1.2883,27.0
STABLE-USD-PERP.HYPERLIQUID,1771150320000,0.023925,0.023925,0.023925,0.023925,1407.0
ZEC-USD-PERP.HYPERLIQUID,1771150320000,308.4,309.04,308.4,309.0,49.07
kFLOKI-USD-PERP.HYPERLIQUID,1771150320000,0.033587,0.033587,0.033571,0.033571,8084.0
ZEC-USD-PERP.HYPERLIQUID,1771150320000,308.4,309.04,308.4,309.0,49.15
BTC-USD-PERP.HYPERLIQUID,1771150320000,70300.0,70320.0,70300.0,70309.0,1.43433
LIT-USD-PERP.HYPERLIQUID,1771150320000,1.7071,1.709,1.7066,1.7073,1543.0
PAXG-USD-PERP.HYPERLIQUID,1771150320000,5036.2,5036.2,5036.2,5036.2,0.004
SEI-USD-PERP.HYPERLIQUID,1771150320000,0.077462,0.077462,0.077462,0.077462,516.0
SKY-USD-PERP.HYPERLIQUID,1771150320000,0.067335,0.067335,0.067335,0.067335,1138.0
XRP-USD-PERP.HYPERLIQUID,1771150320000,1.5809,1.5825,1.5809,1.582,14199.0
kPEPE-USD-PERP.HYPERLIQUID,1771150320000,0.004673,0.004679,0.004665,0.004665,172316.0
BTC-USD-PERP.HYPERLIQUID,1771150320000,70300.0,70320.0,70300.0,70310.0,1.44253
DOGE-USD-PERP.HYPERLIQUID,1771150320000,0.11345,0.11352,0.1134,0.11344,36870.0
MET-USD-PERP.HYPERLIQUID,1771150320000,0.2302,0.2302,0.22994,0.22994,865.0
PENDLE-USD-PERP.HYPERLIQUID,1771150320000,1.2885,1.2885,1.2875,1.2875,105.0
TRB-USD-PERP.HYPERLIQUID,1771150320000,16.413,16.413,16.389,16.413,5.05
BTC-USD-PERP.HYPERLIQUID,1771150320000,70300.0,70320.0,70300.0,70308.0,1.45116
HYPE-USD-PERP.HYPERLIQUID,1771150320000,31.074,31.104,31.074,31.076,419.15
JUP-USD-PERP.HYPERLIQUID,1771150320000,0.16603,0.16603,0.16603,0.16603,112.0
BTC-USD-PERP.HYPERLIQUID,1771150320000,70300.0,70320.0,70300.0,70309.0,1.45216
CHILLGUY-USD-PERP.HYPERLIQUID,1771150320000,0.012001,0.012001,0.012001,0.012001,1378.0
MELANIA-USD-PERP.HYPERLIQUID,1771150320000,0.12364,0.12364,0.12364,0.12364,5721.6
VVV-USD-PERP.HYPERLIQUID,1771150320000,3.871,3.8825,3.8666,3.8666,4373.18
XRP-USD-PERP.HYPERLIQUID,1771150320000,1.5809,1.5825,1.5809,1.5818,14424.0
ALGO-USD-PERP.HYPERLIQUID,1771150320000,0.098354,0.098354,0.098354,0.098354,155.0
AVAX-USD-PERP.HYPERLIQUID,1771150320000,9.5503,9.5503,9.5479,9.5479,91.01
BTC-USD-PERP.HYPERLIQUID,1771150320000,70300.0,70320.0,70300.0,70309.0,1.66757
HYPE-USD-PERP.HYPERLIQUID,1771150320000,31.074,31.104,31.074,31.075,419.52
MELANIA-USD-PERP.HYPERLIQUID,1771150320000,0.12364,0.12364,0.12364,0.12364,7552.8
TRX-USD-PERP.HYPERLIQUID,1771150320000,0.28078,0.28078,0.28078,0.28078,3620.0
XMR-USD-PERP.HYPERLIQUID,1771150320000,349.08,349.15,349.08,349.15,2.013
XRP-USD-PERP.HYPERLIQUID,1771150320000,1.5809,1.5825,1.5809,1.5818,18348.0
ZEC-USD-PERP.HYPERLIQUID,1771150320000,308.4,309.04,308.4,309.04,49.2
AVAX-USD-PERP.HYPERLIQUID,1771150320000,9.5503,9.5503,9.5479,9.5479,128.23
AZTEC-USD-PERP.HYPERLIQUID,1771150320000,0.023814,0.02386,0.023814,0.02386,5437.0
BTC-USD-PERP.HYPERLIQUID,1771150320000,70300.0,70320.0,70300.0,70308.0,1.66857
FET-USD-PERP.HYPERLIQUID,1771150320000,0.17786,0.17792,0.17766,0.1777,7314.0
APEX-USD-PERP.HYPERLIQUID,1771150320000,0.36551,0.36551,0.36542,0.36542,2423.0
BTC-USD-PERP.HYPERLIQUID,1771150320000,70300.0,70320.0,70300.0,70308.0,1.67105
FARTCOIN-USD-PERP.HYPERLIQUID,1771150320000,0.20971,0.2098,0.20969,0.2098,1396.4
HYPE-USD-PERP.HYPERLIQUID,1771150320000,31.074,31.104,31.074,31.075,420.55
PENGU-USD-PERP.HYPERLIQUID,1771150320000,0.00751,0.007513,0.00751,0.007513,20175.0
VVV-USD-PERP.HYPERLIQUID,1771150320000,3.871,3.8825,3.8666,3.8668,4564.32
ZEC-USD-PERP.HYPERLIQUID,1771150320000,308.4,309.04,308.4,309.04,49.34
AZTEC-USD-PERP.HYPERLIQUID,1771150320000,0.023814,0.02386,0.023814,0.02386,8102.0
BTC-USD-PERP.HYPERLIQUID,1771150320000,70300.0,70320.0,70300.0,70308.0,1.67255
PYTH-USD-PERP.HYPERLIQUID,1771150320000,0.056604,0.056604,0.056604,0.056604,282.0
SOL-USD-PERP.HYPERLIQUID,1771150320000,89.34,89.422,89.331,89.373,865.5
SUI-USD-PERP.HYPERLIQUID,1771150320000,1.0135,1.0135,1.0127,1.0127,332.9
ZEC-USD-PERP.HYPERLIQUID,1771150320000,308.4,309.04,308.4,309.03,49.38
ETH-USD-PERP.HYPERLIQUID,1771150320000,2059.6,2060.9,2059.5,2060.1,9.0279
HYPE-USD-PERP.HYPERLIQUID,1771150320000,31.074,31.104,31.074,31.075,421.36
AZTEC-USD-PERP.HYPERLIQUID,1771150320000,0.023814,0.02386,0.023814,0.02386,10102.0
ZEC-USD-PERP.HYPERLIQUID,1771150320000,308.4,309.04,308.4,309.02,50.25
kFLOKI-USD-PERP.HYPERLIQUID,1771150320000,0.033587,0.033587,0.03356,0.03356,8606.0
BNB-USD-PERP.HYPERLIQUID,1771150320000,627.47,627.47,627.47,627.47,0.346
BTC-USD-PERP.HYPERLIQUID,1771150320000,70300.0,70320.0,70300.0,70309.0,1.67826
LIT-USD-PERP.HYPERLIQUID,1771150320000,1.7071,1.709,1.7066,1.7083,1549.0
DYDX-USD-PERP.HYPERLIQUID,1771150320000,0.11112,0.11112,0.11112,0.11112,100.0
SYRUP-USD-PERP.HYPERLIQUID,1771150320000,0.27475,0.27475,0.27475,0.27475,55.0
W-USD-PERP.HYPERLIQUID,1771150320000,0.02091,0.02093,0.02091,0.02093,2593.0
ZEC-USD-PERP.HYPERLIQUID,1771150320000,308.4,309.04,308.4,309.04,78.87
BTC-USD-PERP.HYPERLIQUID,1771150320000,70300.0,70320.0,70300.0,70309.0,1.67869
DOOD-USD-PERP.HYPERLIQUID,1771150320000,0.003892,0.003892,0.003892,0.003892,6936.0
LINK-USD-PERP.HYPERLIQUID,1771150320000,9.0663,9.0689,9.0644,9.0644,27.3
NEAR-USD-PERP.HYPERLIQUID,1771150320000,1.0737,1.0737,1.0731,1.0737,394.4
ZEC-USD-PERP.HYPERLIQUID,1771150320000,308.4,309.04,308.4,308.99,79.09
BIO-USD-PERP.HYPERLIQUID,1771150320000,0.025345,0.025345,0.025345,0.025345,690.0
HYPE-USD-PERP.HYPERLIQUID,1771150320000,31.074,31.104,31.074,31.075,422.29
SOL-USD-PERP.HYPERLIQUID,1771150320000,89.34,89.422,89.331,89.374,865.63
TRX-USD-PERP.HYPERLIQUID,1771150320000,0.28078,0.28078,0.28078,0.28078,3745.0
kPEPE-USD-PERP.HYPERLIQUID,1771150320000,0.004673,0.004679,0.004665,0.004668,174965.0
BTC-USD-PERP.HYPERLIQUID,1771150320000,70300.0,70320.0,70300.0,70308.0,1.67912
SOL-USD-PERP.HYPERLIQUID,1771150320000,89.34,89.422,89.331,89.373,865.78
ZEC-USD-PERP.HYPERLIQUID,1771150320000,308.4,309.04,308.4,308.98,82.09
KAS-USD-PERP.HYPERLIQUID,1771150320000,0.033094,0.033094,0.033094,0.033094,496.0
OM-USD-PERP.HYPERLIQUID,1771150320000,0.06164,0.06164,0.06164,0.06164,325.9
BTC-USD-PERP.HYPERLIQUID,1771150320000,70300.0,70320.0,70300.0,70309.0,1.68007
ZEC-USD-PERP.HYPERLIQUID,1771150320000,308.4,309.04,308.4,308.98,82.17
COMP-USD-PERP.HYPERLIQUID,1771150320000,22.823,22.848,22.823,22.833,104.09
ZEC-USD-PERP.HYPERLIQUID,1771150320000,308.4,309.04,308.4,308.98,82.33
ZRO-USD-PERP.HYPERLIQUID,1771150320000,1.8703,1.8703,1.87,1.87,87.1
DOGE-USD-PERP.HYPERLIQUID,1771150320000,0.11345,0.11352,0.1134,0.11349,37003.0
VVV-USD-PERP.HYPERLIQUID,1771150320000,3.871,3.8825,3.8666,3.8716,4577.22
ZEC-USD-PERP.HYPERLIQUID,1771150320000,308.4,309.04,308.4,308.97,82.57
SAND-USD-PERP.HYPERLIQUID,1771150320000,0.091131,0.091131,0.091131,0.091131,215.0
ZEC-USD-PERP.HYPERLIQUID,1771150320000,308.4,309.04,308.4,308.97,82.61
DASH-USD-PERP.HYPERLIQUID,1771150320000,39.826,39.826,39.826,39.826,0.46
SKY-USD-PERP.HYPERLIQUID,1771150320000,0.067335,0.067335,0.067306,0.067306,1387.0
ZEC-USD-PERP.HYPERLIQUID,1771150320000,308.4,309.04,308.4,308.97,89.34
APEX-USD-PERP.HYPERLIQUID,1771150320000,0.36551,0.36753,0.36542,0.36753,3257.0
HYPE-USD-PERP.HYPERLIQUID,1771150320000,31.074,31.104,31.074,31.076,440.57
TAO-USD-PERP.HYPERLIQUID,1771150320000,187.84,188.04,187.83,188.03,7.606
HYPE-USD-PERP.HYPERLIQUID,1771150320000,31.074,31.104,31.072,31.072,581.25
BTC-USD-PERP.HYPERLIQUID,1771150320000,70300.0,70320.0,70300.0,70309.0,1.6841
ICP-USD-PERP.HYPERLIQUID,1771150320000,2.5001,2.5001,2.4975,2.4975,15.2
POPCAT-USD-PERP.HYPERLIQUID,1771150320000,0.056,0.056,0.056,0.056,265.0
BTC-USD-PERP.HYPERLIQUID,1771150320000,70300.0,70320.0,70300.0,70309.0,1.69549
ZEC-USD-PERP.HYPERLIQUID,1771150320000,308.4,309.04,308.4,308.97,90.12
BTC-USD-PERP.HYPERLIQUID,1771150320000,70300.0,70320.0,70300.0,70309.0,1.69649
SOL-USD-PERP.HYPERLIQUID,1771150320000,89.34,89.422,89.331,89.374,865.91
WIF-USD-PERP.HYPERLIQUID,1771150320000,0.24126,0.24126,0.24125,0.24125,784.0
ZEC-USD-PERP.HYPERLIQUID,1771150320000,308.4,309.04,308.4,308.97,92.82
kLUNC-USD-PERP.HYPERLIQUID,1771150320000,0.03584,0.03584,0.03584,0.03584,800.0
FET-USD-PERP.HYPERLIQUID,1771150320000,0.17786,0.17793,0.17766,0.17793,7380.0
BERA-USD-PERP.HYPERLIQUID,1771150380000,0.66415,0.66415,0.66414,0.66414,1156.2
BSV-USD-PERP.HYPERLIQUID,1771150380000,17.594,17.594,17.594,17.594,3.4
ENA-USD-PERP.HYPERLIQUID,1771150380000,0.12661,0.12661,0.12661,0.12661,195.0
HYPE-USD-PERP.HYPERLIQUID,1771150380000,31.076,31.076,31.076,31.076,0.37
MNT-USD-PERP.HYPERLIQUID,1771150380000,0.66989,0.66989,0.66966,0.66966,1332.5
PUMP-USD-PERP.HYPERLIQUID,1771150320000,0.002285,0.002286,0.002284,0.002284,34921.0
ZEC-USD-PERP.HYPERLIQUID,1771150380000,308.97,308.97,308.97,308.97,0.04
OP-USD-PERP.HYPERLIQUID,1771150380000,0.19397,0.19397,0.19397,0.19397,148.2
APE-USD-PERP.HYPERLIQUID,1771150380000,0.13503,0.13503,0.13503,0.13503,122.5
BTC-USD-PERP.HYPERLIQUID,1771150380000,70308.0,70308.0,70308.0,70308.0,0.03375
DYDX-USD-PERP.HYPERLIQUID,1771150380000,0.11113,0.11113,0.11111,0.11111,7428.2
ETH-USD-PERP.HYPERLIQUID,1771150380000,2060.0,2060.0,2060.0,2060.0,0.0441
TAO-USD-PERP.HYPERLIQUID,1771150380000,188.04,188.04,188.04,188.04,7.344
APT-USD-PERP.HYPERLIQUID,1771150380000,0.9648,0.9648,0.9646,0.9646,3372.71
JUP-USD-PERP.HYPERLIQUID,1771150380000,0.16612,0.16612,0.16612,0.16612,98.0
ADA-USD-PERP.HYPERLIQUID,1771150380000,0.29321,0.29321,0.29321,0.29321,131.0
ATOM-USD-PERP.HYPERLIQUID,1771150380000,2.1607,2.1607,2.1607,2.1607,17.85
ETH-USD-PERP.HYPERLIQUID,1771150380000,2060.0,2060.1,2060.0,2060.1,0.1965
LTC-USD-PERP.HYPERLIQUID,1771150380000,55.871,55.871,55.871,55.871,0.86
PUMP-USD-PERP.HYPERLIQUID,1771150380000,0.002286,0.002286,0.002286,0.002286,4466.0
SAND-USD-PERP.HYPERLIQUID,1771150380000,0.091105,0.091105,0.091105,0.091105,177.0
0G-USD-PERP.HYPERLIQUID,1771150380000,0.68272,0.68276,0.68272,0.68276,1465.0
BSV-USD-PERP.HYPERLIQUID,1771150380000,17.594,17.594,17.575,17.575,20.22
ETH-USD-PERP.HYPERLIQUID,1771150380000,2060.0,2060.3,2060.0,2060.3,0.5495
HYPE-USD-PERP.HYPERLIQUID,1771150380000,31.076,31.078,31.076,31.078,138.68
TAO-USD-PERP.HYPERLIQUID,1771150380000,188.04,188.13,188.04,188.13,10.869
BTC-USD-PERP.HYPERLIQUID,1771150380000,70308.0,70312.0,70308.0,70310.0,0.03763
SKR-USD-PERP.HYPERLIQUID,1771150380000,0.022691,0.022691,0.022691,0.022691,667.0
BTC-USD-PERP.HYPERLIQUID,1771150380000,70308.0,70315.0,70308.0,70315.0,0.04186
LIT-USD-PERP.HYPERLIQUID,1771150380000,1.708,1.708,1.708,1.708,11.0
SOL-USD-PERP.HYPERLIQUID,1771150380000,89.383,89.383,89.383,89.383,5.32
XRP-USD-PERP.HYPERLIQUID,1771150380000,1.5828,1.5832,1.5828,1.5832,16912.0
AIXBT-USD-PERP.HYPERLIQUID,1771150380000,0.021976,0.021976,0.021976,0.021976,714.0
HYPE-USD-PERP.HYPERLIQUID,1771150380000,31.076,31.084,31.076,31.084,144.72
MORPHO-USD-PERP.HYPERLIQUID,1771150380000,1.4087,1.4087,1.4087,1.4087,9.8
BIO-USD-PERP.HYPERLIQUID,1771150380000,0.025345,0.025345,0.025345,0.025345,770.0
kSHIB-USD-PERP.HYPERLIQUID,1771150380000,0.006812,0.006812,0.006812,0.006812,2438.0
BTC-USD-PERP.HYPERLIQUID,1771150380000,70308.0,70315.0,70308.0,70314.0,0.05186
ETH-USD-PERP.HYPERLIQUID,1771150380000,2060.0,2060.3,2060.0,2060.3,0.6063
MINA-USD-PERP.HYPERLIQUID,1771150380000,0.067972,0.067972,0.067972,0.067972,258.0
OP-USD-PERP.HYPERLIQUID,1771150380000,0.19397,0.19397,0.19397,0.19397,229.2
WLD-USD-PERP.HYPERLIQUID,1771150380000,0.42127,0.42127,0.42127,0.42127,37.0
DYDX-USD-PERP.HYPERLIQUID,1771150380000,0.11113,0.11113,0.11107,0.11107,7792.1
KAITO-USD-PERP.HYPERLIQUID,1771150380000,0.32513,0.32513,0.32513,0.32513,55.0
NEAR-USD-PERP.HYPERLIQUID,1771150380000,1.0736,1.0738,1.0736,1.0738,320.5
SOL-USD-PERP.HYPERLIQUID,1771150380000,89.383,89.383,89.373,89.373,30.49
DOOD-USD-PERP.HYPERLIQUID,1771150380000,0.003889,0.003889,0.003889,0.003889,7941.0
MON-USD-PERP.HYPERLIQUID,1771150380000,0.023598,0.023598,0.023598,0.023598,467.0
SUI-USD-PERP.HYPERLIQUID,1771150380000,1.0129,1.0129,1.0129,1.0129,9.9
TAO-USD-PERP.HYPERLIQUID,1771150380000,188.04,188.13,188.04,188.13,10.923
ADA-USD-PERP.HYPERLIQUID,1771150380000,0.29321,0.29321,0.2932,0.2932,1320.0
BNB-USD-PERP.HYPERLIQUID,1771150380000,627.52,627.52,627.52,627.52,0.48
CAKE-USD-PERP.HYPERLIQUID,1771150380000,1.3438,1.3438,1.3438,1.3438,12.8
MERL-USD-PERP.HYPERLIQUID,1771150380000,0.064606,0.064606,0.064606,0.064606,11314.0
SPX-USD-PERP.HYPERLIQUID,1771150380000,0.3287,0.3287,0.3287,0.3287,1069.3
ZEC-USD-PERP.HYPERLIQUID,1771150380000,308.97,309.04,308.97,309.04,0.98
MON-USD-PERP.HYPERLIQUID,1771150380000,0.023598,0.023601,0.023598,0.023601,79086.0
POPCAT-USD-PERP.HYPERLIQUID,1771150380000,0.055898,0.055898,0.055898,0.055898,309.0
SOL-USD-PERP.HYPERLIQUID,1771150380000,89.383,89.383,89.357,89.357,30.71
XRP-USD-PERP.HYPERLIQUID,1771150380000,1.5828,1.5832,1.5828,1.5828,16919.0
FET-USD-PERP.HYPERLIQUID,1771150380000,0.17788,0.17788,0.17788,0.17788,165.0
PENGU-USD-PERP.HYPERLIQUID,1771150380000,0.007514,0.007514,0.007514,0.007514,20000.0
PUMP-USD-PERP.HYPERLIQUID,1771150380000,0.002286,0.002286,0.002286,0.002286,29612.0
WLD-USD-PERP.HYPERLIQUID,1771150380000,0.42127,0.42127,0.42123,0.42123,235.7
XRP-USD-PERP.HYPERLIQUID,1771150380000,1.5828,1.5832,1.5828,1.5828,17014.0
RESOLV-USD-PERP.HYPERLIQUID,1771150380000,0.062006,0.062007,0.062006,0.062007,476.0
ARB-USD-PERP.HYPERLIQUID,1771150380000,0.11819,0.11819,0.11819,0.11819,145.7
BLAST-USD-PERP.HYPERLIQUID,1771150380000,0.000637,0.000637,0.000637,0.000637,768710.0
ETH-USD-PERP.HYPERLIQUID,1771150380000,2060.0,2060.3,2060.0,2060.2,0.6123
LIT-USD-PERP.HYPERLIQUID,1771150380000,1.708,1.708,1.7077,1.7077,526.0
W-USD-PERP.HYPERLIQUID,1771150380000,0.02091,0.02091,0.02091,0.02091,1995.1
ZEC-USD-PERP.HYPERLIQUID,1771150380000,308.97,309.04,308.97,309.02,5.86
kBONK-USD-PERP.HYPERLIQUID,1771150380000,0.006854,0.006854,0.006854,0.006854,2879.0
ETH-USD-PERP.HYPERLIQUID,1771150380000,2060.0,2060.3,2060.0,2060.3,0.8023
GALA-USD-PERP.HYPERLIQUID,1771150380000,0.004265,0.004265,0.004265,0.004265,8140.0
BTC-USD-PERP.HYPERLIQUID,1771150380000,70308.0,70315.0,70308.0,70314.0,0.05286
ETH-USD-PERP.HYPERLIQUID,1771150380000,2060.0,2060.3,2060.0,2060.3,1.047
HYPE-USD-PERP.HYPERLIQUID,1771150380000,31.076,31.085,31.076,31.085,160.96
SKR-USD-PERP.HYPERLIQUID,1771150380000,0.022691,0.022691,0.022672,0.022672,2545.0
STBL-USD-PERP.HYPERLIQUID,1771150380000,0.039568,0.039568,0.039568,0.039568,722.0
ZEC-USD-PERP.HYPERLIQUID,1771150380000,308.97,309.04,308.97,309.02,5.94
PNUT-USD-PERP.HYPERLIQUID,1771150380000,0.0524,0.0524,0.0524,0.0524,219.5
YGG-USD-PERP.HYPERLIQUID,1771150380000,0.042254,0.042254,0.042254,0.042254,841.0
ZEC-USD-PERP.HYPERLIQUID,1771150380000,308.97,309.1,308.97,309.1,6.06
AERO-USD-PERP.HYPERLIQUID,1771150380000,0.32877,0.32877,0.32877,0.32877,334.0
BTC-USD-PERP.HYPERLIQUID,1771150380000,70308.0,70315.0,70308.0,70314.0,0.06283
SOL-USD-PERP.HYPERLIQUID,1771150380000,89.383,89.383,89.357,89.357,30.91
ZEC-USD-PERP.HYPERLIQUID,1771150380000,308.97,309.22,308.97,309.22,52.09
ZRO-USD-PERP.HYPERLIQUID,1771150380000,1.8702,1.8702,1.8702,1.8702,71.1
kPEPE-USD-PERP.HYPERLIQUID,1771150380000,0.004672,0.004672,0.004671,0.004671,900404.0
CAKE-USD-PERP.HYPERLIQUID,1771150380000,1.3438,1.3438,1.3438,1.3438,24.0
SOL-USD-PERP.HYPERLIQUID,1771150380000,89.383,89.383,89.357,89.357,36.8
AVNT-USD-PERP.HYPERLIQUID,1771150380000,0.20777,0.20777,0.20777,0.20777,117.0
PUMP-USD-PERP.HYPERLIQUID,1771150380000,0.002286,0.002286,0.002285,0.002285,147300.0
SOPH-USD-PERP.HYPERLIQUID,1771150380000,0.010081,0.010081,0.010081,0.010081,1757.0
WLD-USD-PERP.HYPERLIQUID,1771150380000,0.42127,0.42127,0.42123,0.42123,314.5
BTC-USD-PERP.HYPERLIQUID,1771150380000,70308.0,70315.0,70308.0,70315.0,0.06375
SYRUP-USD-PERP.HYPERLIQUID,1771150380000,0.27474,0.27474,0.27474,0.27474,134.0
ZEC-USD-PERP.HYPERLIQUID,1771150380000,308.97,309.22,308.97,309.08,52.9
2Z-USD-PERP.HYPERLIQUID,1771150380000,0.080475,0.080475,0.080475,0.080475,3107.0
AVAX-USD-PERP.HYPERLIQUID,1771150380000,9.549,9.549,9.549,9.549,7.2
VVV-USD-PERP.HYPERLIQUID,1771150380000,3.8774,3.8774,3.8774,3.8774,154.71
BTC-USD-PERP.HYPERLIQUID,1771150380000,70308.0,70315.0,70308.0,70314.0,0.06703
HYPE-USD-PERP.HYPERLIQUID,1771150380000,31.076,31.086,31.076,31.086,161.33
TRUMP-USD-PERP.HYPERLIQUID,1771150380000,3.5048,3.5048,3.5048,3.5048,5.5
BTC-USD-PERP.HYPERLIQUID,1771150380000,70308.0,70315.0,70308.0,70315.0,0.06718
ETC-USD-PERP.HYPERLIQUID,1771150380000,9.0029,9.0029,9.0029,9.0029,3.28
FOGO-USD-PERP.HYPERLIQUID,1771150380000,0.022876,0.022876,0.022876,0.022876,1304.0
ONDO-USD-PERP.HYPERLIQUID,1771150380000,0.28588,0.28588,0.28588,0.28588,60.0
SOL-USD-PERP.HYPERLIQUID,1771150380000,89.383,89.383,89.356,89.356,41.43
VVV-USD-PERP.HYPERLIQUID,1771150380000,3.8774,3.8774,3.8768,3.8768,321.3
XRP-USD-PERP.HYPERLIQUID,1771150380000,1.5828,1.5832,1.5823,1.5823,17899.0
ZEC-USD-PERP.HYPERLIQUID,1771150380000,308.97,309.22,308.97,309.09,53.8
BTC-USD-PERP.HYPERLIQUID,1771150380000,70308.0,70315.0,70308.0,70314.0,0.06889
HYPE-USD-PERP.HYPERLIQUID,1771150380000,31.076,31.086,31.076,31.086,162.99
PUMP-USD-PERP.HYPERLIQUID,1771150380000,0.002286,0.002286,0.002285,0.002285,160286.0
SOL-USD-PERP.HYPERLIQUID,1771150380000,89.383,89.383,89.356,89.356,42.28
TAO-USD-PERP.HYPERLIQUID,1771150380000,188.04,188.13,188.04,188.13,12.15
VVV-USD-PERP.HYPERLIQUID,1771150380000,3.8774,3.8774,3.8768,3.8774,775.82
POPCAT-USD-PERP.HYPERLIQUID,1771150380000,0.055898,0.055898,0.055895,0.055895,600.0
SOL-USD-PERP.HYPERLIQUID,1771150380000,89.383,89.383,89.356,89.357,42.5
DYDX-USD-PERP.HYPERLIQUID,1771150380000,0.11113,0.11113,0.11107,0.11107,8056.1
EIGEN-USD-PERP.HYPERLIQUID,1771150380000,0.2139,0.2139,0.2139,0.2139,88.39
IP-USD-PERP.HYPERLIQUID,1771150380000,1.1682,1.1682,1.1682,1.1682,14.9
SOL-USD-PERP.HYPERLIQUID,1771150380000,89.383,89.383,89.343,89.343,1042.5
UNI-USD-PERP.HYPERLIQUID,1771150380000,3.5737,3.5737,3.5737,3.5737,8.4
LDO-USD-PERP.HYPERLIQUID,1771150380000,0.35416,0.35416,0.35416,0.35416,70.6
FARTCOIN-USD-PERP.HYPERLIQUID,1771150380000,0.20977,0.20977,0.20977,0.20977,82.5
MNT-USD-PERP.HYPERLIQUID,1771150380000,0.66989,0.67065,0.66966,0.67065,1884.0
BTC-USD-PERP.HYPERLIQUID,1771150380000,70308.0,70316.0,70308.0,70316.0,0.07574
WLD-USD-PERP.HYPERLIQUID,1771150380000,0.42127,0.4213,0.42123,0.4213,662.5
XPL-USD-PERP.HYPERLIQUID,1771150380000,0.10085,0.10085,0.10085,0.10085,158.0
ZEC-USD-PERP.HYPERLIQUID,1771150380000,308.97,309.22,308.97,309.05,53.92
ZK-USD-PERP.HYPERLIQUID,1771150380000,0.022343,0.022343,0.022343,0.022343,1886.0
WLFI-USD-PERP.HYPERLIQUID,1771150380000,0.10614,0.10614,0.10614,0.10614,218.0
ZEC-USD-PERP.HYPERLIQUID,1771150380000,308.97,309.22,308.97,309.05,54.0
BTC-USD-PERP.HYPERLIQUID,1771150380000,70308.0,70316.0,70308.0,70316.0,0.1048
ETH-USD-PERP.HYPERLIQUID,1771150380000,2060.0,2060.3,2059.9,2059.9,1.2807
HYPE-USD-PERP.HYPERLIQUID,1771150380000,31.076,31.086,31.076,31.083,179.1
LINEA-USD-PERP.HYPERLIQUID,1771150380000,0.00384,0.00384,0.00384,0.00384,7614.0
PAXG-USD-PERP.HYPERLIQUID,1771150380000,5036.2,5036.2,5036.2,5036.2,0.003
RENDER-USD-PERP.HYPERLIQUID,1771150380000,1.472,1.472,1.472,1.472,12.1
VVV-USD-PERP.HYPERLIQUID,1771150380000,3.8774,3.8789,3.8768,3.8789,1317.6
XRP-USD-PERP.HYPERLIQUID,1771150380000,1.5828,1.5832,1.5821,1.5821,17906.0
BTC-USD-PERP.HYPERLIQUID,1771150380000,70308.0,70316.0,70308.0,70316.0,0.10581
ETH-USD-PERP.HYPERLIQUID,1771150380000,2060.0,2060.3,2059.7,2059.7,1.4039
2Z-USD-PERP.HYPERLIQUID,1771150380000,0.080475,0.080475,0.080475,0.080475,6214.0
ETHFI-USD-PERP.HYPERLIQUID,1771150380000,0.49341,0.49341,0.49341,0.49341,23.2
FARTCOIN-USD-PERP.HYPERLIQUID,1771150380000,0.20977,0.20977,0.20967,0.20967,3683.1
HBAR-USD-PERP.HYPERLIQUID,1771150380000,0.10293,0.10293,0.10293,0.10293,1166.0
HYPE-USD-PERP.HYPERLIQUID,1771150380000,31.076,31.086,31.076,31.078,179.47
LTC-USD-PERP.HYPERLIQUID,1771150380000,55.871,55.871,55.858,55.858,4.44
SOL-USD-PERP.HYPERLIQUID,1771150380000,89.383,89.383,89.33,89.33,1054.15
XLM-USD-PERP.HYPERLIQUID,1771150380000,0.17661,0.17661,0.17661,0.17661,74.0
XRP-USD-PERP.HYPERLIQUID,1771150380000,1.5828,1.5832,1.5821,1.5821,17967.0
ZEC-USD-PERP.HYPERLIQUID,1771150380000,308.97,309.22,308.97,309.04,54.1
kBONK-USD-PERP.HYPERLIQUID,1771150380000,0.006854,0.006854,0.00685,0.00685,107591.0
ARB-USD-PERP.HYPERLIQUID,1771150380000,0.11819,0.11819,0.11817,0.11817,311.3
JUP-USD-PERP.HYPERLIQUID,1771150380000,0.16612,0.16612,0.16611,0.16611,956.0
OM-USD-PERP.HYPERLIQUID,1771150380000,0.06132,0.06132,0.06132,0.06132,12580.9
SOL-USD-PERP.HYPERLIQUID,1771150380000,89.383,89.383,89.321,89.321,1606.42
UMA-USD-PERP.HYPERLIQUID,1771150380000,0.51694,0.51694,0.51694,0.51694,70.5
AVNT-USD-PERP.HYPERLIQUID,1771150380000,0.20777,0.20777,0.20777,0.20777,202.0
ETH-USD-PERP.HYPERLIQUID,1771150380000,2060.0,2060.3,2059.4,2059.4,1.7044
ONDO-USD-PERP.HYPERLIQUID,1771150380000,0.28588,0.28603,0.28588,0.28603,121.0
POL-USD-PERP.HYPERLIQUID,1771150380000,0.10919,0.10919,0.10919,0.10919,261.0
SOL-USD-PERP.HYPERLIQUID,1771150380000,89.383,89.383,89.321,89.321,1646.12
VVV-USD-PERP.HYPERLIQUID,1771150380000,3.8774,3.8808,3.8768,3.8808,3419.37
XMR-USD-PERP.HYPERLIQUID,1771150380000,349.29,349.29,349.29,349.29,1.006
XPL-USD-PERP.HYPERLIQUID,1771150380000,0.10085,0.10085,0.10085,0.10085,2577.0
ZEC-USD-PERP.HYPERLIQUID,1771150380000,308.97,309.22,308.93,308.93,54.15
BTC-USD-PERP.HYPERLIQUID,1771150380000,70308.0,70316.0,70308.0,70313.0,0.10836
FARTCOIN-USD-PERP.HYPERLIQUID,1771150380000,0.20977,0.20977,0.20967,0.20969,3794.1
FET-USD-PERP.HYPERLIQUID,1771150380000,0.17788,0.17788,0.17778,0.17778,544.0
HYPE-USD-PERP.HYPERLIQUID,1771150380000,31.076,31.086,31.076,31.084,180.5
OM-USD-PERP.HYPERLIQUID,1771150380000,0.06132,0.06132,0.06132,0.06132,18266.9
PNUT-USD-PERP.HYPERLIQUID,1771150380000,0.0524,0.05243,0.0524,0.05243,596.3
SOL-USD-PERP.HYPERLIQUID,1771150380000,89.383,89.383,89.321,89.321,1646.24
UMA-USD-PERP.HYPERLIQUID,1771150380000,0.51694,0.51694,0.51694,0.51694,128.5
ZEC-USD-PERP.HYPERLIQUID,1771150380000,308.97,309.22,308.9,308.93,54.38
kPEPE-USD-PERP.HYPERLIQUID,1771150380000,0.004672,0.004672,0.004669,0.004669,1108406.0
INJ-USD-PERP.HYPERLIQUID,1771150380000,3.2245,3.2245,3.2245,3.2245,45.4
VVV-USD-PERP.HYPERLIQUID,1771150380000,3.8774,3.8833,3.8768,3.8833,3843.88
ZEC-USD-PERP.HYPERLIQUID,1771150380000,308.97,309.22,308.9,308.92,54.46
AZTEC-USD-PERP.HYPERLIQUID,1771150380000,0.023857,0.023857,0.023857,0.023857,1284.0
DOGE-USD-PERP.HYPERLIQUID,1771150380000,0.11343,0.11343,0.11343,0.11343,5324.0
ETH-USD-PERP.HYPERLIQUID,1771150380000,2060.0,2060.3,2059.4,2059.5,1.71
HYPE-USD-PERP.HYPERLIQUID,1771150380000,31.076,31.086,31.076,31.083,181.31
ZEC-USD-PERP.HYPERLIQUID,1771150380000,308.97,309.22,308.9,308.92,54.62
BTC-USD-PERP.HYPERLIQUID,1771150380000,70308.0,70316.0,70308.0,70312.0,0.10986
ETH-USD-PERP.HYPERLIQUID,1771150380000,2060.0,2060.3,2059.3,2059.3,1.76
OM-USD-PERP.HYPERLIQUID,1771150380000,0.06132,0.06132,0.06125,0.06125,18878.3
SOL-USD-PERP.HYPERLIQUID,1771150380000,89.383,89.383,89.321,89.321,1646.58
SUI-USD-PERP.HYPERLIQUID,1771150380000,1.0129,1.0129,1.0127,1.0127,114.3
YGG-USD-PERP.HYPERLIQUID,1771150380000,0.042254,0.042254,0.042254,0.042254,1241.0
ZEC-USD-PERP.HYPERLIQUID,1771150380000,308.97,309.22,308.9,308.91,56.16
ADA-USD-PERP.HYPERLIQUID,1771150380000,0.29321,0.29321,0.29317,0.29317,1868.0
BLAST-USD-PERP.HYPERLIQUID,1771150380000,0.000637,0.000637,0.000636,0.000636,1537420.0
BTC-USD-PERP.HYPERLIQUID,1771150380000,70308.0,70316.0,70303.0,70303.0,0.14258
MOODENG-USD-PERP.HYPERLIQUID,1771150380000,0.059316,0.059401,0.059316,0.059401,2841.0
RENDER-USD-PERP.HYPERLIQUID,1771150380000,1.472,1.473,1.472,1.473,23.8
XLM-USD-PERP.HYPERLIQUID,1771150380000,0.17661,0.17661,0.1766,0.1766,251.0
BTC-USD-PERP.HYPERLIQUID,1771150380000,70308.0,70316.0,70300.0,70303.0,0.14463
ETH-USD-PERP.HYPERLIQUID,1771150380000,2060.0,2060.3,2059.2,2059.2,1.7649
IO-USD-PERP.HYPERLIQUID,1771150380000,0.10966,0.10966,0.10966,0.10966,319.3
LINK-USD-PERP.HYPERLIQUID,1771150380000,9.0639,9.0639,9.0639,9.0639,2.5
LIT-USD-PERP.HYPERLIQUID,1771150380000,1.708,1.708,1.7077,1.7079,533.0
SOL-USD-PERP.HYPERLIQUID,1771150380000,89.383,89.383,89.312,89.312,1740.81
VVV-USD-PERP.HYPERLIQUID,1771150380000,3.8774,3.8866,3.8768,3.8866,3847.27
ZEC-USD-PERP.HYPERLIQUID,1771150380000,308.97,309.22,308.9,308.91,56.23
BTC-USD-PERP.HYPERLIQUID,1771150380000,70308.0,70316.0,70300.0,70300.0,0.38912
MELANIA-USD-PERP.HYPERLIQUID,1771150380000,0.12353,0.12353,0.12353,0.12353,2389.4
MORPHO-USD-PERP.HYPERLIQUID,1771150380000,1.4087,1.4087,1.4077,1.4077,218.6
XPL-USD-PERP.HYPERLIQUID,1771150380000,0.10085,0.10089,0.10085,0.10088,12493.0
AAVE-USD-PERP.HYPERLIQUID,1771150380000,128.93,128.93,128.93,128.93,0.12
BTC-USD-PERP.HYPERLIQUID,1771150380000,70308.0,70316.0,70298.0,70301.0,0.38954
DOGE-USD-PERP.HYPERLIQUID,1771150380000,0.11343,0.11343,0.11337,0.11338,14015.0
LINK-USD-PERP.HYPERLIQUID,1771150380000,9.0639,9.0639,9.0609,9.0609,11.8
S-USD-PERP.HYPERLIQUID,1771150380000,0.049651,0.049651,0.049651,0.049651,2112.0
ZEC-USD-PERP.HYPERLIQUID,1771150380000,308.97,309.22,308.86,308.86,56.46
kNEIRO-USD-PERP.HYPERLIQUID,1771150380000,0.07992,0.07992,0.07992,0.07992,606.4
BTC-USD-PERP.HYPERLIQUID,1771150380000,70308.0,70316.0,70298.0,70298.0,0.39082
ETC-USD-PERP.HYPERLIQUID,1771150380000,9.0029,9.0033,9.0029,9.0033,6.75
GAS-USD-PERP.HYPERLIQUID,1771150380000,1.6995,1.6995,1.6995,1.6995,24.9
SOL-USD-PERP.HYPERLIQUID,1771150380000,89.383,89.383,89.301,89.301,1741.03
SUI-USD-PERP.HYPERLIQUID,1771150380000,1.0129,1.0129,1.012,1.012,490.9
APT-USD-PERP.HYPERLIQUID,1771150380000,0.9648,0.9648,0.9643,0.9643,5086.33
BTC-USD-PERP.HYPERLIQUID,1771150380000,70308.0,70316.0,70295.0,70295.0,0.39232
DOT-USD-PERP.HYPERLIQUID,1771150380000,1.4044,1.4044,1.4044,1.4044,29.3
EIGEN-USD-PERP.HYPERLIQUID,1771150380000,0.2139,0.2139,0.2135,0.2135,247.94
FET-USD-PERP.HYPERLIQUID,1771150380000,0.17788,0.17788,0.1776,0.1776,902.0
HYPE-USD-PERP.HYPERLIQUID,1771150380000,31.076,31.086,31.075,31.075,182.25
NEAR-USD-PERP.HYPERLIQUID,1771150380000,1.0736,1.0738,1.0736,1.0737,329.9
SOL-USD-PERP.HYPERLIQUID,1771150380000,89.383,89.383,89.301,89.301,1741.16
SUI-USD-PERP.HYPERLIQUID,1771150380000,1.0129,1.0129,1.012,1.012,595.3
TAO-USD-PERP.HYPERLIQUID,1771150380000,188.04,188.2,188.04,188.2,24.283
kPEPE-USD-PERP.HYPERLIQUID,1771150380000,0.004672,0.004672,0.004663,0.004663,1111057.0
POL-USD-PERP.HYPERLIQUID,1771150380000,0.10919,0.10919,0.10913,0.10913,1761.0
SAND-USD-PERP.HYPERLIQUID,1771150380000,0.091105,0.091105,0.091042,0.091042,1786.0
SOL-USD-PERP.HYPERLIQUID,1771150380000,89.383,89.383,89.3,89.3,1741.31
BTC-USD-PERP.HYPERLIQUID,1771150380000,70308.0,70316.0,70295.0,70296.0,0.3939
ZEC-USD-PERP.HYPERLIQUID,1771150380000,308.97,309.22,308.81,308.81,57.36
BTC-USD-PERP.HYPERLIQUID,1771150380000,70308.0,70316.0,70286.0,70286.0,0.47966
ETH-USD-PERP.HYPERLIQUID,1771150380000,2060.0,2060.3,2058.8,2058.8,1.7753
GOAT-USD-PERP.HYPERLIQUID,1771150380000,0.024765,0.024765,0.024765,0.024765,781.0
SKY-USD-PERP.HYPERLIQUID,1771150380000,0.067306,0.067306,0.067306,0.067306,426.0
SOL-USD-PERP.HYPERLIQUID,1771150380000,89.383,89.383,89.296,89.296,1767.68
VVV-USD-PERP.HYPERLIQUID,1771150380000,3.8774,3.9,3.8768,3.9,3850.1
BTC-USD-PERP.HYPERLIQUID,1771150380000,70308.0,70316.0,70286.0,70286.0,0.47983
DOGE-USD-PERP.HYPERLIQUID,1771150380000,0.11343,0.11343,0.11337,0.11339,14148.0
ASTER-USD-PERP.HYPERLIQUID,1771150380000,0.73053,0.73053,0.73053,0.73053,16.0
DOT-USD-PERP.HYPERLIQUID,1771150380000,1.4044,1.4044,1.4044,1.4044,79.3
ETH-USD-PERP.HYPERLIQUID,1771150380000,2060.0,2060.3,2058.8,2058.9,1.8876
PEOPLE-USD-PERP.HYPERLIQUID,1771150380000,0.007223,0.007223,0.007223,0.007223,8152.0
SOL-USD-PERP.HYPERLIQUID,1771150380000,89.383,89.383,89.289,89.289,1805.45
DYDX-USD-PERP.HYPERLIQUID,1771150380000,0.11113,0.11113,0.11106,0.11106,8159.7
SOL-USD-PERP.HYPERLIQUID,1771150380000,89.383,89.383,89.284,89.288,1861.03
ZEC-USD-PERP.HYPERLIQUID,1771150380000,308.97,309.22,308.79,308.79,64.09
DOGE-USD-PERP.HYPERLIQUID,1771150380000,0.11343,0.11343,0.11337,0.1134,15053.0
ZEC-USD-PERP.HYPERLIQUID,1771150380000,308.97,309.22,308.78,308.78,64.13
BTC-USD-PERP.HYPERLIQUID,1771150380000,70308.0,70316.0,70286.0,70286.0,0.48059
DYDX-USD-PERP.HYPERLIQUID,1771150380000,0.11113,0.11113,0.11106,0.11106,8455.9
NEO-USD-PERP.HYPERLIQUID,1771150380000,2.903,2.903,2.903,2.903,5.62
TRUMP-USD-PERP.HYPERLIQUID,1771150380000,3.5048,3.5048,3.5028,3.5028,13.9
ZEC-USD-PERP.HYPERLIQUID,1771150380000,308.97,309.22,308.78,308.8,64.88
AVAX-USD-PERP.HYPERLIQUID,1771150380000,9.549,9.549,9.5438,9.5438,1076.7
PENGU-USD-PERP.HYPERLIQUID,1771150380000,0.007514,0.007514,0.007511,0.007511,28823.0
PROMPT-USD-PERP.HYPERLIQUID,1771150380000,0.049156,0.049156,0.049156,0.049156,449.0
SOL-USD-PERP.HYPERLIQUID,1771150380000,89.383,89.383,89.284,89.296,1861.16
kFLOKI-USD-PERP.HYPERLIQUID,1771150380000,0.033549,0.033549,0.033549,0.033549,546.0
STRK-USD-PERP.HYPERLIQUID,1771150380000,0.05059,0.05059,0.05059,0.05059,996.0
XRP-USD-PERP.HYPERLIQUID,1771150380000,1.5828,1.5832,1.5809,1.5809,17977.0
YGG-USD-PERP.HYPERLIQUID,1771150380000,0.042254,0.042254,0.042253,0.042253,1685.0
AAVE-USD-PERP.HYPERLIQUID,1771150380000,128.93,128.93,128.92,128.92,0.24
ATOM-USD-PERP.HYPERLIQUID,1771150380000,2.1607,2.1607,2.1591,2.1591,37.85
BERA-USD-PERP.HYPERLIQUID,1771150380000,0.66415,0.66415,0.66404,0.66404,2312.4
EIGEN-USD-PERP.HYPERLIQUID,1771150380000,0.2139,0.2139,0.2135,0.2136,333.58
HYPE-USD-PERP.HYPERLIQUID,1771150380000,31.076,31.086,31.075,31.079,182.62
MNT-USD-PERP.HYPERLIQUID,1771150380000,0.66989,0.67065,0.6696,0.6696,3216.4
MOVE-USD-PERP.HYPERLIQUID,1771150380000,0.025055,0.025055,0.025055,0.025055,1996.0
TAO-USD-PERP.HYPERLIQUID,1771150380000,188.04,188.2,188.04,188.12,24.385
VVV-USD-PERP.HYPERLIQUID,1771150380000,3.8774,3.9032,3.8768,3.9032,4075.68
kBONK-USD-PERP.HYPERLIQUID,1771150380000,0.006854,0.006854,0.00685,0.00685,111762.0
BTC-USD-PERP.HYPERLIQUID,1771150380000,70308.0,70316.0,70286.0,70287.0,0.49059
SOL-USD-PERP.HYPERLIQUID,1771150380000,89.383,89.383,89.284,89.295,1861.39
XRP-USD-PERP.HYPERLIQUID,1771150380000,1.5828,1.5832,1.5804,1.5804,23419.0
AVAX-USD-PERP.HYPERLIQUID,1771150380000,9.549,9.549,9.5438,9.5439,1087.47
BTC-USD-PERP.HYPERLIQUID,1771150380000,70308.0,70316.0,70286.0,70287.0,0.50791
ENA-USD-PERP.HYPERLIQUID,1771150380000,0.12661,0.12661,0.12655,0.12655,565.0
MOVE-USD-PERP.HYPERLIQUID,1771150380000,0.025055,0.025055,0.025055,0.025055,3992.0
SOL-USD-PERP.HYPERLIQUID,1771150380000,89.383,89.383,89.284,89.296,1905.55
VVV-USD-PERP.HYPERLIQUID,1771150380000,3.8774,3.9042,3.8768,3.9042,4301.26
BTC-USD-PERP.HYPERLIQUID,1771150380000,70308.0,70316.0,70286.0,70286.0,0.50891
ENS-USD-PERP.HYPERLIQUID,1771150380000,6.8662,6.8662,6.8662,6.8662,4.4
MEME-USD-PERP.HYPERLIQUID,1771150380000,0.000747,0.000747,0.000747,0.000747,21766.0
POPCAT-USD-PERP.HYPERLIQUID,1771150380000,0.055898,0.055898,0.055873,0.055873,5076.0
kNEIRO-USD-PERP.HYPERLIQUID,1771150380000,0.07992,0.07992,0.07975,0.07975,805.9
kPEPE-USD-PERP.HYPERLIQUID,1771150380000,0.004672,0.004672,0.004662,0.004662,1132160.0
ETH-USD-PERP.HYPERLIQUID,1771150380000,2060.0,2060.3,2058.8,2058.8,1.8932
HYPE-USD-PERP.HYPERLIQUID,1771150380000,31.076,31.086,31.075,31.079,182.99
SOL-USD-PERP.HYPERLIQUID,1771150380000,89.383,89.383,89.284,89.301,1916.96
VVV-USD-PERP.HYPERLIQUID,1771150380000,3.8774,3.91,3.8768,3.91,4304.08
ZEC-USD-PERP.HYPERLIQUID,1771150380000,308.97,309.22,308.78,308.78,65.95
COMP-USD-PERP.HYPERLIQUID,1771150380000,22.856,22.856,22.856,22.856,3.6
GOAT-USD-PERP.HYPERLIQUID,1771150380000,0.024765,0.024769,0.024765,0.024769,1417.0
SOL-USD-PERP.HYPERLIQUID,1771150380000,89.383,89.383,89.284,89.308,1950.56
TRUMP-USD-PERP.HYPERLIQUID,1771150380000,3.5048,3.5048,3.5005,3.5005,17497.1
XPL-USD-PERP.HYPERLIQUID,1771150380000,0.10085,0.1009,0.10085,0.10089,18442.0
BTC-USD-PERP.HYPERLIQUID,1771150380000,70308.0,70316.0,70286.0,70287.0,0.6043
DOT-USD-PERP.HYPERLIQUID,1771150380000,1.4044,1.4044,1.4044,1.4044,93.0
TAO-USD-PERP.HYPERLIQUID,1771150380000,188.04,188.2,188.04,188.15,24.582
ZEC-USD-PERP.HYPERLIQUID,1771150380000,308.97,309.22,308.74,308.74,66.32
BTC-USD-PERP.HYPERLIQUID,1771150380000,70308.0,70316.0,70286.0,70286.0,0.60447
LINK-USD-PERP.HYPERLIQUID,1771150380000,9.0639,9.0639,9.059,9.059,23.1
POL-USD-PERP.HYPERLIQUID,1771150380000,0.10919,0.10919,0.10909,0.10909,3261.0
SOL-USD-PERP.HYPERLIQUID,1771150380000,89.383,89.383,89.284,89.311,1952.17
ZEC-USD-PERP.HYPERLIQUID,1771150380000,308.97,309.22,308.74,308.74,66.4
ZEC-USD-PERP.HYPERLIQUID,1771150380000,308.97,309.22,308.74,308.74,66.44
BTC-USD-PERP.HYPERLIQUID,1771150380000,70308.0,70316.0,70286.0,70287.0,0.6086
LIT-USD-PERP.HYPERLIQUID,1771150380000,1.708,1.7081,1.7077,1.7081,543.0
LTC-USD-PERP.HYPERLIQUID,1771150380000,55.871,55.871,55.831,55.831,4.88
SOL-USD-PERP.HYPERLIQUID,1771150380000,89.383,89.383,89.284,89.31,1957.5
TAO-USD-PERP.HYPERLIQUID,1771150380000,188.04,188.2,188.04,188.15,24.641
AR-USD-PERP.HYPERLIQUID,1771150380000,2.0581,2.0586,2.0581,2.0586,809.92
ZETA-USD-PERP.HYPERLIQUID,1771150380000,0.05745,0.05745,0.05745,0.05745,200.3
AR-USD-PERP.HYPERLIQUID,1771150380000,2.0581,2.0601,2.0581,2.0601,1980.55
ETH-USD-PERP.HYPERLIQUID,1771150380000,2060.0,2060.3,2058.8,2058.8,1.9017
STX-USD-PERP.HYPERLIQUID,1771150380000,0.2734,0.2734,0.2734,0.2734,70.1
VIRTUAL-USD-PERP.HYPERLIQUID,1771150380000,0.66993,0.66993,0.66993,0.66993,26.3
BTC-USD-PERP.HYPERLIQUID,1771150380000,70308.0,70316.0,70286.0,70287.0,0.65829
EIGEN-USD-PERP.HYPERLIQUID,1771150380000,0.2139,0.2139,0.2135,0.2136,419.73
COMP-USD-PERP.HYPERLIQUID,1771150380000,22.856,22.856,22.847,22.847,57.54
OM-USD-PERP.HYPERLIQUID,1771150380000,0.06132,0.06132,0.06118,0.06118,28538.3
SOL-USD-PERP.HYPERLIQUID,1771150380000,89.383,89.383,89.284,89.31,1995.27
STRK-USD-PERP.HYPERLIQUID,1771150380000,0.05059,0.05061,0.05059,0.05061,1403.4
JTO-USD-PERP.HYPERLIQUID,1771150380000,0.27927,0.27927,0.27927,0.27927,73.0
XRP-USD-PERP.HYPERLIQUID,1771150380000,1.5828,1.5832,1.5804,1.5819,23426.0
ZRO-USD-PERP.HYPERLIQUID,1771150380000,1.8702,1.8702,1.8695,1.8695,262.3
GOAT-USD-PERP.HYPERLIQUID,1771150380000,0.024765,0.024769,0.024765,0.024769,2185.0
WLD-USD-PERP.HYPERLIQUID,1771150380000,0.42127,0.4213,0.42111,0.42111,1130.5
kFLOKI-USD-PERP.HYPERLIQUID,1771150380000,0.033549,0.033555,0.033549,0.033555,998.0
GRASS-USD-PERP.HYPERLIQUID,1771150380000,0.22004,0.22004,0.22004,0.22004,84.7
MINA-USD-PERP.HYPERLIQUID,1771150380000,0.067972,0.067972,0.067855,0.067855,556.0
NEAR-USD-PERP.HYPERLIQUID,1771150380000,1.0736,1.0738,1.0736,1.0737,345.0
ZEC-USD-PERP.HYPERLIQUID,1771150380000,308.97,309.22,308.69,308.71,68.08
ETH-USD-PERP.HYPERLIQUID,1771150380000,2060.0,2060.3,2058.8,2058.9,1.9077
FET-USD-PERP.HYPERLIQUID,1771150380000,0.17788,0.17788,0.1776,0.17765,1182.0
LIT-USD-PERP.HYPERLIQUID,1771150380000,1.708,1.7081,1.7069,1.7069,1063.0
SOL-USD-PERP.HYPERLIQUID,1771150380000,89.383,89.383,89.284,89.311,1995.49
TRUMP-USD-PERP.HYPERLIQUID,1771150380000,3.5048,3.5048,3.5005,3.5038,17506.8
DYDX-USD-PERP.HYPERLIQUID,1771150380000,0.11113,0.11113,0.11106,0.11106,9974.8
POPCAT-USD-PERP.HYPERLIQUID,1771150380000,0.055898,0.055898,0.055868,0.05588,28157.0
ZEC-USD-PERP.HYPERLIQUID,1771150380000,308.97,309.22,308.69,308.69,68.12
DYDX-USD-PERP.HYPERLIQUID,1771150380000,0.11113,0.11113,0.11106,0.11106,11331.0
ZEC-USD-PERP.HYPERLIQUID,1771150380000,308.97,309.22,308.69,308.69,68.16
BTC-USD-PERP.HYPERLIQUID,1771150380000,70308.0,70316.0,70286.0,70286.0,0.66134
HYPE-USD-PERP.HYPERLIQUID,1771150380000,31.076,31.086,31.075,31.079,183.36
ZEC-USD-PERP.HYPERLIQUID,1771150380000,308.97,309.22,308.69,308.73,68.2
HEMI-USD-PERP.HYPERLIQUID,1771150380000,0.01041,0.01041,0.01041,0.01041,1858.0
XRP-USD-PERP.HYPERLIQUID,1771150380000,1.5828,1.5832,1.5804,1.5822,23798.0
FIL-USD-PERP.HYPERLIQUID,1771150380000,0.99633,0.99633,0.99633,0.99633,28.3
SOL-USD-PERP.HYPERLIQUID,1771150380000,89.383,89.383,89.284,89.313,1995.69
ZEC-USD-PERP.HYPERLIQUID,1771150380000,308.97,309.22,308.69,308.73,68.25
BTC-USD-PERP.HYPERLIQUID,1771150380000,70308.0,70316.0,70286.0,70286.0,0.66234
DYDX-USD-PERP.HYPERLIQUID,1771150380000,0.11113,0.11113,0.11106,0.11106,12850.7
ZEC-USD-PERP.HYPERLIQUID,1771150380000,308.97,309.22,308.69,308.73,68.91
BTC-USD-PERP.HYPERLIQUID,1771150380000,70308.0,70316.0,70286.0,70286.0,0.66293
DYDX-USD-PERP.HYPERLIQUID,1771150380000,0.11113,0.11113,0.11106,0.11106,13914.5
PUMP-USD-PERP.HYPERLIQUID,1771150380000,0.002286,0.002286,0.002283,0.002283,597107.0
BTC-USD-PERP.HYPERLIQUID,1771150380000,70308.0,70316.0,70286.0,70287.0,0.68455
ZETA-USD-PERP.HYPERLIQUID,1771150380000,0.05745,0.05745,0.05739,0.05739,736.0
DASH-USD-PERP.HYPERLIQUID,1771150380000,39.771,39.771,39.771,39.771,0.27
DYDX-USD-PERP.HYPERLIQUID,1771150380000,0.11113,0.11113,0.11106,0.11107,14587.1
EIGEN-USD-PERP.HYPERLIQUID,1771150380000,0.2139,0.2139,0.2135,0.2136,556.46
GOAT-USD-PERP.HYPERLIQUID,1771150380000,0.024765,0.024769,0.024765,0.024769,2852.0
POL-USD-PERP.HYPERLIQUID,1771150380000,0.10919,0.10919,0.10909,0.10914,3347.0
POPCAT-USD-PERP.HYPERLIQUID,1771150380000,0.055898,0.055898,0.055838,0.055838,29062.0
BTC-USD-PERP.HYPERLIQUID,1771150380000,70308.0,70316.0,70286.0,70286.0,0.68783
ZEC-USD-PERP.HYPERLIQUID,1771150380000,308.97,309.22,308.68,308.68,68.95
STX-USD-PERP.HYPERLIQUID,1771150380000,0.2734,0.2734,0.27324,0.27324,218.0
ZEC-USD-PERP.HYPERLIQUID,1771150380000,308.97,309.22,308.68,308.69,68.99
DYDX-USD-PERP.HYPERLIQUID,1771150380000,0.11113,0.11113,0.11106,0.11106,15331.8
HYPE-USD-PERP.HYPERLIQUID,1771150380000,31.076,31.086,31.075,31.079,185.39
NEAR-USD-PERP.HYPERLIQUID,1771150380000,1.0736,1.0738,1.0736,1.0738,399.2
PUMP-USD-PERP.HYPERLIQUID,1771150380000,0.002286,0.002286,0.002283,0.002284,614421.0
ZEC-USD-PERP.HYPERLIQUID,1771150380000,308.97,309.22,308.68,308.69,69.07
BTC-USD-PERP.HYPERLIQUID,1771150380000,70308.0,70316.0,70286.0,70287.0,0.69088
DYDX-USD-PERP.HYPERLIQUID,1771150380000,0.11113,0.11113,0.11106,0.11106,16076.5
OP-USD-PERP.HYPERLIQUID,1771150380000,0.19397,0.19397,0.19393,0.19393,298.5
SOL-USD-PERP.HYPERLIQUID,1771150380000,89.383,89.383,89.284,89.312,1997.04
XRP-USD-PERP.HYPERLIQUID,1771150380000,1.5828,1.5832,1.5804,1.5825,23814.0
ZEC-USD-PERP.HYPERLIQUID,1771150380000,308.97,309.22,308.68,308.69,71.09
SOL-USD-PERP.HYPERLIQUID,1771150380000,89.383,89.383,89.284,89.312,1998.39
FARTCOIN-USD-PERP.HYPERLIQUID,1771150380000,0.20977,0.20977,0.20967,0.20974,3876.7
PAXG-USD-PERP.HYPERLIQUID,1771150380000,5036.2,5036.2,5036.2,5036.2,0.005
SOL-USD-PERP.HYPERLIQUID,1771150380000,89.383,89.383,89.284,89.313,1998.61
INIT-USD-PERP.HYPERLIQUID,1771150380000,0.070312,0.070312,0.070312,0.070312,290.0
DYDX-USD-PERP.HYPERLIQUID,1771150380000,0.11113,0.11113,0.11106,0.11107,20891.7
ETH-USD-PERP.HYPERLIQUID,1771150380000,2060.0,2060.3,2058.8,2058.9,4.0822
XRP-USD-PERP.HYPERLIQUID,1771150380000,1.5828,1.5832,1.5804,1.582,23821.0
INIT-USD-PERP.HYPERLIQUID,1771150380000,0.070312,0.070312,0.070312,0.070312,580.0
TIA-USD-PERP.HYPERLIQUID,1771150380000,0.352,0.352,0.352,0.352,93.2
WIF-USD-PERP.HYPERLIQUID,1771150380000,0.24123,0.24123,0.24123,0.24123,50.0
0G-USD-PERP.HYPERLIQUID,1771150380000,0.68272,0.68398,0.68272,0.68398,2927.0
DOT-USD-PERP.HYPERLIQUID,1771150380000,1.4044,1.4051,1.4044,1.4051,105.4
kPEPE-USD-PERP.HYPERLIQUID,1771150380000,0.004672,0.004672,0.004661,0.004661,1362357.0
DYDX-USD-PERP.HYPERLIQUID,1771150380000,0.11113,0.11113,0.11106,0.11106,22015.5
HYPE-USD-PERP.HYPERLIQUID,1771150380000,31.076,31.086,31.075,31.084,185.76
IP-USD-PERP.HYPERLIQUID,1771150380000,1.1682,1.1682,1.1675,1.1675,27.9
ALT-USD-PERP.HYPERLIQUID,1771150380000,0.008904,0.008904,0.008904,0.008904,1867.0
HYPE-USD-PERP.HYPERLIQUID,1771150380000,31.076,31.086,31.075,31.084,186.13
XMR-USD-PERP.HYPERLIQUID,1771150380000,349.29,349.31,349.29,349.31,2.012
ZEC-USD-PERP.HYPERLIQUID,1771150380000,308.97,309.22,308.53,308.53,71.88
kLUNC-USD-PERP.HYPERLIQUID,1771150380000,0.035725,0.035725,0.035725,0.035725,586.0
FIL-USD-PERP.HYPERLIQUID,1771150380000,0.99633,0.99633,0.99558,0.99558,71.1
SOL-USD-PERP.HYPERLIQUID,1771150380000,89.383,89.383,89.284,89.313,2008.61
kFLOKI-USD-PERP.HYPERLIQUID,1771150380000,0.033549,0.033555,0.033538,0.033538,22642.0
FARTCOIN-USD-PERP.HYPERLIQUID,1771150380000,0.20977,0.20977,0.20967,0.20974,3932.2
HYPE-USD-PERP.HYPERLIQUID,1771150380000,31.076,31.086,31.075,31.084,187.16
ZEC-USD-PERP.HYPERLIQUID,1771150380000,308.97,309.22,308.53,308.53,72.05
DOGE-USD-PERP.HYPERLIQUID,1771150380000,0.11343,0.11343,0.11334,0.11334,17082.0
EIGEN-USD-PERP.HYPERLIQUID,1771150380000,0.2139,0.2139,0.2135,0.2136,630.39
ETH-USD-PERP.HYPERLIQUID,1771150380000,2060.0,2060.3,2058.8,2058.9,4.0888
HEMI-USD-PERP.HYPERLIQUID,1771150380000,0.01041,0.01042,0.01041,0.01042,4200.0
SOL-USD-PERP.HYPERLIQUID,1771150380000,89.383,89.383,89.284,89.287,2121.26
BTC-USD-PERP.HYPERLIQUID,1771150380000,70308.0,70316.0,70284.0,70284.0,0.6911
DYDX-USD-PERP.HYPERLIQUID,1771150380000,0.11113,0.11113,0.11106,0.11106,22624.7
ETH-USD-PERP.HYPERLIQUID,1771150380000,2060.0,2060.3,2058.8,2058.9,4.0944
HYPE-USD-PERP.HYPERLIQUID,1771150380000,31.076,31.086,31.075,31.08,187.96
IMX-USD-PERP.HYPERLIQUID,1771150380000,0.17312,0.17312,0.17312,0.17312,187.2
SOL-USD-PERP.HYPERLIQUID,1771150380000,89.383,89.383,89.275,89.275,2154.85
ZEC-USD-PERP.HYPERLIQUID,1771150380000,308.97,309.22,308.52,308.52,72.21
ZEN-USD-PERP.HYPERLIQUID,1771150380000,6.5171,6.5171,6.5171,6.5171,4.36
BTC-USD-PERP.HYPERLIQUID,1771150380000,70308.0,70316.0,70282.0,70282.0,0.6921
DYDX-USD-PERP.HYPERLIQUID,1771150380000,0.11113,0.11113,0.11106,0.11107,23846.9
OM-USD-PERP.HYPERLIQUID,1771150380000,0.06132,0.06132,0.06118,0.06119,28539.5
ETH-USD-PERP.HYPERLIQUID,1771150380000,2060.0,2060.3,2058.8,2058.8,6.8068
BTC-USD-PERP.HYPERLIQUID,1771150380000,70308.0,70316.0,70282.0,70282.0,0.69226
LIT-USD-PERP.HYPERLIQUID,1771150380000,1.708,1.7081,1.7069,1.708,1069.0
ZRO-USD-PERP.HYPERLIQUID,1771150380000,1.8702,1.8702,1.8695,1.8702,331.9
kPEPE-USD-PERP.HYPERLIQUID,1771150380000,0.004672,0.004672,0.00466,0.00466,1364629.0
APEX-USD-PERP.HYPERLIQUID,1771150380000,0.36408,0.36408,0.36408,0.36408,51.0
ETH-USD-PERP.HYPERLIQUID,1771150380000,2060.0,2060.3,2058.8,2058.8,6.8346
XRP-USD-PERP.HYPERLIQUID,1771150380000,1.5828,1.5832,1.5804,1.5811,34534.0
ZRO-USD-PERP.HYPERLIQUID,1771150380000,1.8702,1.8705,1.8695,1.8705,540.7
APEX-USD-PERP.HYPERLIQUID,1771150380000,0.36408,0.36417,0.36408,0.36417,3181.0
BTC-USD-PERP.HYPERLIQUID,1771150380000,70308.0,70316.0,70280.0,70280.0,0.77158
DYDX-USD-PERP.HYPERLIQUID,1771150380000,0.11113,0.11113,0.11106,0.11106,26459.1
ETH-USD-PERP.HYPERLIQUID,1771150380000,2060.0,2060.3,2058.2,2058.2,6.9838
LINK-USD-PERP.HYPERLIQUID,1771150380000,9.0639,9.0639,9.057,9.057,28.5
MERL-USD-PERP.HYPERLIQUID,1771150380000,0.064606,0.064606,0.064502,0.064502,11592.0
WLFI-USD-PERP.HYPERLIQUID,1771150380000,0.10614,0.10614,0.10608,0.10608,696.0
XPL-USD-PERP.HYPERLIQUID,1771150380000,0.10085,0.10092,0.10085,0.10092,18551.0
ZEC-USD-PERP.HYPERLIQUID,1771150380000,308.97,309.22,308.41,308.41,72.4
BTC-USD-PERP.HYPERLIQUID,1771150380000,70308.0,70316.0,70276.0,70276.0,0.77399
DYDX-USD-PERP.HYPERLIQUID,1771150380000,0.11113,0.11113,0.11106,0.11106,27004.7
ARB-USD-PERP.HYPERLIQUID,1771150380000,0.11819,0.11819,0.11806,0.11806,536.1
BTC-USD-PERP.HYPERLIQUID,1771150380000,70308.0,70316.0,70276.0,70277.0,0.77415
HYPE-USD-PERP.HYPERLIQUID,1771150380000,31.076,31.086,31.075,31.078,188.89
SOL-USD-PERP.HYPERLIQUID,1771150380000,89.383,89.383,89.275,89.276,2154.98
kPEPE-USD-PERP.HYPERLIQUID,1771150380000,0.004672,0.004672,0.00466,0.00466,1367282.0
BTC-USD-PERP.HYPERLIQUID,1771150380000,70308.0,70316.0,70276.0,70276.0,0.77449
DOGE-USD-PERP.HYPERLIQUID,1771150380000,0.11343,0.11343,0.11328,0.11328,18812.0
DYDX-USD-PERP.HYPERLIQUID,1771150380000,0.11113,0.11113,0.11105,0.11105,28831.2
POPCAT-USD-PERP.HYPERLIQUID,1771150380000,0.055898,0.055898,0.055817,0.055817,33542.0
BTC-USD-PERP.HYPERLIQUID,1771150380000,70308.0,70316.0,70276.0,70277.0,0.77543
DYDX-USD-PERP.HYPERLIQUID,1771150380000,0.11113,0.11113,0.11105,0.11107,29546.4
FIL-USD-PERP.HYPERLIQUID,1771150380000,0.99633,0.99633,0.99558,0.99631,87.4
SOL-USD-PERP.HYPERLIQUID,1771150380000,89.383,89.383,89.275,89.275,2231.96
UMA-USD-PERP.HYPERLIQUID,1771150380000,0.51694,0.51694,0.51593,0.51593,802.4
XRP-USD-PERP.HYPERLIQUID,1771150380000,1.5828,1.5832,1.5804,1.5811,35334.0
ZEC-USD-PERP.HYPERLIQUID,1771150380000,308.97,309.22,308.31,308.31,73.68
ASTER-USD-PERP.HYPERLIQUID,1771150380000,0.73053,0.73053,0.73013,0.73013,40.0
DYDX-USD-PERP.HYPERLIQUID,1771150380000,0.11113,0.11113,0.11105,0.11107,30261.6
HYPE-USD-PERP.HYPERLIQUID,1771150380000,31.076,31.086,31.069,31.069,189.28
SOL-USD-PERP.HYPERLIQUID,1771150380000,89.383,89.383,89.275,89.276,2232.18
ZEC-USD-PERP.HYPERLIQUID,1771150380000,308.97,309.22,308.31,308.33,73.76
BTC-USD-PERP.HYPERLIQUID,1771150380000,70308.0,70316.0,70276.0,70276.0,0.7756
DOGE-USD-PERP.HYPERLIQUID,1771150380000,0.11343,0.11343,0.11327,0.11327,18945.0
RESOLV-USD-PERP.HYPERLIQUID,1771150380000,0.062006,0.062007,0.061957,0.061957,795.0
SOL-USD-PERP.HYPERLIQUID,1771150380000,89.383,89.383,89.275,89.275,2235.63
VVV-USD-PERP.HYPERLIQUID,1771150380000,3.8774,3.91,3.8768,3.8831,5147.25
ZEC-USD-PERP.HYPERLIQUID,1771150380000,308.97,309.22,308.31,308.39,74.04
ZEC-USD-PERP.HYPERLIQUID,1771150380000,308.97,309.22,308.31,308.39,74.08
ALT-USD-PERP.HYPERLIQUID,1771150380000,0.008904,0.008904,0.008895,0.008895,6342.0
DOGE-USD-PERP.HYPERLIQUID,1771150380000,0.11343,0.11343,0.11326,0.11326,19734.0
HYPE-USD-PERP.HYPERLIQUID,1771150380000,31.076,31.086,31.069,31.074,191.11
SNX-USD-PERP.HYPERLIQUID,1771150380000,0.30415,0.30415,0.30415,0.30415,2709.3
SOL-USD-PERP.HYPERLIQUID,1771150380000,89.383,89.383,89.275,89.275,2267.67
TIA-USD-PERP.HYPERLIQUID,1771150380000,0.352,0.352,0.35195,0.35195,149.3
VVV-USD-PERP.HYPERLIQUID,1771150380000,3.8774,3.91,3.8768,3.895,5550.38
ZEC-USD-PERP.HYPERLIQUID,1771150380000,308.97,309.22,308.31,308.46,80.81
BTC-USD-PERP.HYPERLIQUID,1771150380000,70308.0,70316.0,70275.0,70275.0,0.77846
MEME-USD-PERP.HYPERLIQUID,1771150380000,0.000747,0.000747,0.000747,0.000747,1453420.0
SOL-USD-PERP.HYPERLIQUID,1771150380000,89.383,89.383,89.257,89.257,2383.94
PEOPLE-USD-PERP.HYPERLIQUID,1771150380000,0.007223,0.007223,0.007223,0.007223,10838.0
APEX-USD-PERP.HYPERLIQUID,1771150380000,0.36408,0.36417,0.36344,0.36347,3319.0
BTC-USD-PERP.HYPERLIQUID,1771150380000,70308.0,70316.0,70275.0,70275.0,0.77922
COMP-USD-PERP.HYPERLIQUID,1771150380000,22.856,22.856,22.847,22.848,100.54
SOPH-USD-PERP.HYPERLIQUID,1771150380000,0.010081,0.010081,0.010078,0.010078,3707.0
ZK-USD-PERP.HYPERLIQUID,1771150380000,0.022343,0.022343,0.022341,0.022341,47331.0
APEX-USD-PERP.HYPERLIQUID,1771150380000,0.36408,0.36417,0.36344,0.36347,3496.0
BTC-USD-PERP.HYPERLIQUID,1771150380000,70308.0,70316.0,70275.0,70276.0,0.82632
BTC-USD-PERP.HYPERLIQUID,1771150380000,70308.0,70316.0,70275.0,70275.0,0.82732
LIT-USD-PERP.HYPERLIQUID,1771150380000,1.708,1.7081,1.7065,1.7065,2294.0
POPCAT-USD-PERP.HYPERLIQUID,1771150380000,0.055898,0.055898,0.055811,0.055811,38023.0
SOL-USD-PERP.HYPERLIQUID,1771150380000,89.383,89.383,89.257,89.272,2427.77
AZTEC-USD-PERP.HYPERLIQUID,1771150380000,0.023857,0.023857,0.023853,0.023853,2455.0
BTC-USD-PERP.HYPERLIQUID,1771150380000,70308.0,70316.0,70275.0,70278.0,0.82807
DYDX-USD-PERP.HYPERLIQUID,1771150380000,0.11113,0.11113,0.11105,0.11107,30468.8
EIGEN-USD-PERP.HYPERLIQUID,1771150380000,0.2139,0.2139,0.2134,0.2134,717.08
LIT-USD-PERP.HYPERLIQUID,1771150380000,1.708,1.7081,1.7065,1.7065,2338.0
ZEC-USD-PERP.HYPERLIQUID,1771150380000,308.97,309.22,308.31,308.42,81.56
kFLOKI-USD-PERP.HYPERLIQUID,1771150380000,0.033549,0.033555,0.033538,0.03355,23116.0
BERA-USD-PERP.HYPERLIQUID,1771150440000,0.66303,0.66303,0.66302,0.66302,1156.2
BTC-USD-PERP.HYPERLIQUID,1771150440000,70278.0,70278.0,70278.0,70278.0,0.001
ENA-USD-PERP.HYPERLIQUID,1771150440000,0.12654,0.12654,0.12654,0.12654,243.0
MNT-USD-PERP.HYPERLIQUID,1771150440000,0.66961,0.66961,0.66948,0.66948,1332.5
XRP-USD-PERP.HYPERLIQUID,1771150380000,1.5828,1.5832,1.5804,1.5817,35898.0
ZEC-USD-PERP.HYPERLIQUID,1771150440000,308.45,308.45,308.45,308.45,0.04
ARB-USD-PERP.HYPERLIQUID,1771150440000,0.11804,0.11804,0.11804,0.11804,331.0
BTC-USD-PERP.HYPERLIQUID,1771150440000,70278.0,70278.0,70278.0,70278.0,0.0019
DOGE-USD-PERP.HYPERLIQUID,1771150440000,0.11324,0.11324,0.11324,0.11324,176.0
SOL-USD-PERP.HYPERLIQUID,1771150440000,89.272,89.272,89.272,89.272,1.12
BTC-USD-PERP.HYPERLIQUID,1771150440000,70278.0,70280.0,70278.0,70280.0,0.0223
ADA-USD-PERP.HYPERLIQUID,1771150440000,0.29291,0.29291,0.29284,0.29284,2056.0
FET-USD-PERP.HYPERLIQUID,1771150440000,0.17765,0.17765,0.17765,0.17765,186.0
VVV-USD-PERP.HYPERLIQUID,1771150440000,3.8916,3.8916,3.8916,3.8916,10.0
XRP-USD-PERP.HYPERLIQUID,1771150440000,1.5817,1.5817,1.5817,1.5817,4337.0
kLUNC-USD-PERP.HYPERLIQUID,1771150440000,0.035756,0.035756,0.035756,0.035756,12667.0
kPEPE-USD-PERP.HYPERLIQUID,1771150440000,0.004662,0.004662,0.004662,0.004662,53688.0
AIXBT-USD-PERP.HYPERLIQUID,1771150440000,0.021958,0.021958,0.021958,0.021958,816.0
ETH-USD-PERP.HYPERLIQUID,1771150440000,2058.6,2058.6,2058.6,2058.6,0.0056
HYPE-USD-PERP.HYPERLIQUID,1771150440000,31.086,31.086,31.086,31.086,0.37
SOL-USD-PERP.HYPERLIQUID,1771150440000,89.272,89.282,89.272,89.282,2.76
HYPE-USD-PERP.HYPERLIQUID,1771150440000,31.086,31.086,31.085,31.085,1.73
SOL-USD-PERP.HYPERLIQUID,1771150440000,89.272,89.282,89.272,89.282,101.94
XRP-USD-PERP.HYPERLIQUID,1771150440000,1.5817,1.5817,1.5815,1.5815,4423.0
CC-USD-PERP.HYPERLIQUID,1771150440000,0.1601,0.1601,0.1601,0.1601,100.0
TRB-USD-PERP.HYPERLIQUID,1771150440000,16.395,16.395,16.395,16.395,1.06
APEX-USD-PERP.HYPERLIQUID,1771150440000,0.36334,0.36334,0.36334,0.36334,430.0
BTC-USD-PERP.HYPERLIQUID,1771150440000,70278.0,70280.0,70278.0,70279.0,0.02247
DOOD-USD-PERP.HYPERLIQUID,1771150440000,0.003893,0.003893,0.003893,0.003893,5479.0
LINEA-USD-PERP.HYPERLIQUID,1771150440000,0.00384,0.00384,0.00384,0.00384,5048.0
OP-USD-PERP.HYPERLIQUID,1771150440000,0.19391,0.19391,0.19391,0.19391,69.6
ZEC-USD-PERP.HYPERLIQUID,1771150440000,308.45,308.63,308.45,308.63,1.51
BTC-USD-PERP.HYPERLIQUID,1771150440000,70278.0,70280.0,70278.0,70280.0,0.03153
LIT-USD-PERP.HYPERLIQUID,1771150440000,1.7079,1.7079,1.7079,1.7079,11.0
RESOLV-USD-PERP.HYPERLIQUID,1771150440000,0.061957,0.061957,0.061957,0.061957,296.0
SOL-USD-PERP.HYPERLIQUID,1771150440000,89.272,89.282,89.272,89.281,107.38
ARB-USD-PERP.HYPERLIQUID,1771150440000,0.11804,0.11804,0.11803,0.11803,483.5
BTC-USD-PERP.HYPERLIQUID,1771150440000,70278.0,70280.0,70278.0,70280.0,0.03462
DOT-USD-PERP.HYPERLIQUID,1771150440000,1.4031,1.4031,1.403,1.403,104.4
HYPE-USD-PERP.HYPERLIQUID,1771150440000,31.086,31.088,31.085,31.088,6.19
SOL-USD-PERP.HYPERLIQUID,1771150440000,89.272,89.291,89.272,89.291,110.05
ETH-USD-PERP.HYPERLIQUID,1771150440000,2058.6,2058.6,2058.5,2058.6,0.1598
INIT-USD-PERP.HYPERLIQUID,1771150440000,0.070271,0.070271,0.070271,0.070271,350.0
SOL-USD-PERP.HYPERLIQUID,1771150440000,89.272,89.291,89.272,89.291,110.27
kFLOKI-USD-PERP.HYPERLIQUID,1771150440000,0.033539,0.033539,0.033539,0.033539,566.0
BSV-USD-PERP.HYPERLIQUID,1771150440000,17.545,17.545,17.545,17.545,3.83
BTC-USD-PERP.HYPERLIQUID,1771150440000,70278.0,70280.0,70278.0,70280.0,0.06056
INIT-USD-PERP.HYPERLIQUID,1771150440000,0.070271,0.070329,0.070246,0.070329,21190.0
SOPH-USD-PERP.HYPERLIQUID,1771150440000,0.010078,0.010078,0.010078,0.010078,1494.0
XRP-USD-PERP.HYPERLIQUID,1771150440000,1.5817,1.5819,1.5815,1.5819,4431.0
FARTCOIN-USD-PERP.HYPERLIQUID,1771150440000,0.20972,0.20972,0.20972,0.20972,2000.0
MAVIA-USD-PERP.HYPERLIQUID,1771150440000,0.03961,0.03961,0.03961,0.03961,601.9
MERL-USD-PERP.HYPERLIQUID,1771150440000,0.064468,0.064468,0.064468,0.064468,302.0
SOL-USD-PERP.HYPERLIQUID,1771150440000,89.272,89.291,89.272,89.29,127.87
WLFI-USD-PERP.HYPERLIQUID,1771150440000,0.1061,0.1061,0.1061,0.1061,260.0
XLM-USD-PERP.HYPERLIQUID,1771150440000,0.17649,0.17649,0.17649,0.17649,246.0
ZEC-USD-PERP.HYPERLIQUID,1771150440000,308.45,308.71,308.45,308.71,1.55
ZEC-USD-PERP.HYPERLIQUID,1771150440000,308.45,308.71,308.45,308.7,1.63
RESOLV-USD-PERP.HYPERLIQUID,1771150440000,0.061957,0.061981,0.061957,0.061981,543.0
ZEC-USD-PERP.HYPERLIQUID,1771150440000,308.45,308.71,308.45,308.69,1.83
AIXBT-USD-PERP.HYPERLIQUID,1771150440000,0.021958,0.02196,0.021958,0.02196,1695.0
AR-USD-PERP.HYPERLIQUID,1771150440000,2.0546,2.0546,2.0546,2.0546,71.3
BTC-USD-PERP.HYPERLIQUID,1771150440000,70278.0,70280.0,70278.0,70280.0,0.10586
ETH-USD-PERP.HYPERLIQUID,1771150440000,2058.6,2058.6,2058.5,2058.6,2.3303
POPCAT-USD-PERP.HYPERLIQUID,1771150440000,0.055837,0.055837,0.055837,0.055837,4479.0
CC-USD-PERP.HYPERLIQUID,1771150440000,0.1601,0.1601,0.1601,0.1601,233.0
ETH-USD-PERP.HYPERLIQUID,1771150440000,2058.6,2058.6,2058.5,2058.5,2.3363
LIT-USD-PERP.HYPERLIQUID,1771150440000,1.7079,1.7079,1.7068,1.7068,474.0
kPEPE-USD-PERP.HYPERLIQUID,1771150440000,0.004662,0.004665,0.004662,0.004665,287910.0
KAS-USD-PERP.HYPERLIQUID,1771150440000,0.03312,0.03312,0.03312,0.03312,537.0
POPCAT-USD-PERP.HYPERLIQUID,1771150440000,0.055837,0.055851,0.055837,0.055851,22391.0
ZEC-USD-PERP.HYPERLIQUID,1771150440000,308.45,308.82,308.45,308.82,41.04
AZTEC-USD-PERP.HYPERLIQUID,1771150440000,0.023851,0.023851,0.023851,0.023851,19201.0
HYPE-USD-PERP.HYPERLIQUID,1771150440000,31.086,31.09,31.085,31.09,6.56
MET-USD-PERP.HYPERLIQUID,1771150440000,0.22967,0.22967,0.22967,0.22967,153.0
MINA-USD-PERP.HYPERLIQUID,1771150440000,0.067808,0.067808,0.067808,0.067808,8869.0
SOL-USD-PERP.HYPERLIQUID,1771150440000,89.272,89.296,89.272,89.296,202.87
VINE-USD-PERP.HYPERLIQUID,1771150440000,0.020171,0.020171,0.020171,0.020171,901.0
kPEPE-USD-PERP.HYPERLIQUID,1771150440000,0.004662,0.004665,0.004662,0.004665,453688.0
ZEC-USD-PERP.HYPERLIQUID,1771150440000,308.45,308.82,308.45,308.73,41.95
BTC-USD-PERP.HYPERLIQUID,1771150440000,70278.0,70280.0,70278.0,70279.0,0.10628
FARTCOIN-USD-PERP.HYPERLIQUID,1771150440000,0.20972,0.20982,0.20972,0.20982,4000.0
SOL-USD-PERP.HYPERLIQUID,1771150440000,89.272,89.3,89.272,89.3,203.07
VINE-USD-PERP.HYPERLIQUID,1771150440000,0.020171,0.020171,0.020171,0.020171,3003.0
ZEC-USD-PERP.HYPERLIQUID,1771150440000,308.45,308.82,308.45,308.73,42.0
0G-USD-PERP.HYPERLIQUID,1771150440000,0.68309,0.68309,0.68309,0.68309,973.0
POPCAT-USD-PERP.HYPERLIQUID,1771150440000,0.055837,0.055851,0.055801,0.055801,27391.0
ZORA-USD-PERP.HYPERLIQUID,1771150440000,0.02173,0.02173,0.02173,0.02173,832.0
BTC-USD-PERP.HYPERLIQUID,1771150440000,70278.0,70280.0,70278.0,70279.0,0.10705
HYPE-USD-PERP.HYPERLIQUID,1771150440000,31.086,31.093,31.085,31.093,126.68
kNEIRO-USD-PERP.HYPERLIQUID,1771150440000,0.07983,0.07983,0.07983,0.07983,217.8
EIGEN-USD-PERP.HYPERLIQUID,1771150440000,0.2134,0.2134,0.2134,0.2134,77.55
FARTCOIN-USD-PERP.HYPERLIQUID,1771150440000,0.20972,0.20982,0.20972,0.20982,5102.5
MELANIA-USD-PERP.HYPERLIQUID,1771150440000,0.12377,0.12377,0.12377,0.12377,150.5
VVV-USD-PERP.HYPERLIQUID,1771150440000,3.8916,3.8977,3.8823,3.8823,2008.65
APT-USD-PERP.HYPERLIQUID,1771150440000,0.9646,0.9646,0.9646,0.9646,500.0
BTC-USD-PERP.HYPERLIQUID,1771150440000,70278.0,70280.0,70278.0,70279.0,0.11032
CRV-USD-PERP.HYPERLIQUID,1771150440000,0.25875,0.25875,0.25875,0.25875,1000.0
DOOD-USD-PERP.HYPERLIQUID,1771150440000,0.003893,0.003893,0.003891,0.003891,95088.0
ETH-USD-PERP.HYPERLIQUID,1771150440000,2058.6,2058.7,2058.5,2058.7,2.3436
FARTCOIN-USD-PERP.HYPERLIQUID,1771150440000,0.20972,0.20995,0.20972,0.20995,8204.5
VIRTUAL-USD-PERP.HYPERLIQUID,1771150440000,0.67011,0.67011,0.67011,0.67011,746.4
AVAX-USD-PERP.HYPERLIQUID,1771150440000,9.5464,9.5464,9.5464,9.5464,9.75
BTC-USD-PERP.HYPERLIQUID,1771150440000,70278.0,70280.0,70278.0,70279.0,0.1106
GAS-USD-PERP.HYPERLIQUID,1771150440000,1.6969,1.6969,1.6969,1.6969,9.4
HYPE-USD-PERP.HYPERLIQUID,1771150440000,31.086,31.099,31.085,31.099,166.87
BERA-USD-PERP.HYPERLIQUID,1771150440000,0.66303,0.66303,0.66299,0.66299,2548.1
BNB-USD-PERP.HYPERLIQUID,1771150440000,627.49,627.49,627.49,627.49,0.5
BTC-USD-PERP.HYPERLIQUID,1771150440000,70278.0,70280.0,70278.0,70280.0,0.1116
COMP-USD-PERP.HYPERLIQUID,1771150440000,22.828,22.828,22.828,22.828,33.97
DOGE-USD-PERP.HYPERLIQUID,1771150440000,0.11324,0.11338,0.11324,0.11338,3947.0
HYPE-USD-PERP.HYPERLIQUID,1771150440000,31.086,31.099,31.085,31.099,207.06
PUMP-USD-PERP.HYPERLIQUID,1771150440000,0.002285,0.002285,0.002285,0.002285,1000000.0
SOPH-USD-PERP.HYPERLIQUID,1771150440000,0.010078,0.010078,0.010078,0.010078,3476.0
XLM-USD-PERP.HYPERLIQUID,1771150440000,0.17649,0.17659,0.17649,0.17659,2246.0
kPEPE-USD-PERP.HYPERLIQUID,1771150440000,0.004662,0.004669,0.004662,0.004669,599485.0
ACE-USD-PERP.HYPERLIQUID,1771150440000,0.18,0.18,0.18,0.18,3234.45
BERA-USD-PERP.HYPERLIQUID,1771150440000,0.66303,0.66303,0.66299,0.66299,3932.5
BTC-USD-PERP.HYPERLIQUID,1771150440000,70278.0,70280.0,70278.0,70280.0,0.11574
COMP-USD-PERP.HYPERLIQUID,1771150440000,22.828,22.828,22.826,22.826,122.59
FARTCOIN-USD-PERP.HYPERLIQUID,1771150440000,0.20972,0.20995,0.20972,0.20995,9233.8
HYPE-USD-PERP.HYPERLIQUID,1771150440000,31.086,31.102,31.085,31.102,209.09
MEME-USD-PERP.HYPERLIQUID,1771150440000,0.000748,0.000748,0.000748,0.000748,15015.0
MERL-USD-PERP.HYPERLIQUID,1771150440000,0.064468,0.064468,0.06446,0.06446,18877.0
PUMP-USD-PERP.HYPERLIQUID,1771150440000,0.002285,0.002286,0.002285,0.002286,1011904.0
TAO-USD-PERP.HYPERLIQUID,1771150440000,188.24,188.24,188.23,188.23,1.463
VIRTUAL-USD-PERP.HYPERLIQUID,1771150440000,0.67011,0.67011,0.67,0.67,807.4
WLFI-USD-PERP.HYPERLIQUID,1771150440000,0.1061,0.10616,0.1061,0.10616,1922.0
ZEC-USD-PERP.HYPERLIQUID,1771150440000,308.45,308.82,308.45,308.79,43.28
XPL-USD-PERP.HYPERLIQUID,1771150440000,0.10108,0.10108,0.10108,0.10108,1484.0
AVAX-USD-PERP.HYPERLIQUID,1771150440000,9.5464,9.5471,9.5464,9.5471,85.19
BLAST-USD-PERP.HYPERLIQUID,1771150440000,0.000638,0.000638,0.000638,0.000638,37397.0
BTC-USD-PERP.HYPERLIQUID,1771150440000,70278.0,70282.0,70278.0,70282.0,0.11793
ENA-USD-PERP.HYPERLIQUID,1771150440000,0.12654,0.12665,0.12654,0.12665,897.0
LTC-USD-PERP.HYPERLIQUID,1771150440000,55.823,55.823,55.823,55.823,20.0
MON-USD-PERP.HYPERLIQUID,1771150440000,0.023623,0.023624,0.023623,0.023624,44751.0
STABLE-USD-PERP.HYPERLIQUID,1771150440000,0.023926,0.023926,0.023926,0.023926,1948.0
BERA-USD-PERP.HYPERLIQUID,1771150440000,0.66303,0.66307,0.66299,0.66307,5230.1
BTC-USD-PERP.HYPERLIQUID,1771150440000,70278.0,70282.0,70278.0,70281.0,0.12077
FET-USD-PERP.HYPERLIQUID,1771150440000,0.17765,0.17765,0.1776,0.1776,1185.0
SOL-USD-PERP.HYPERLIQUID,1771150440000,89.272,89.329,89.272,89.329,203.29
STABLE-USD-PERP.HYPERLIQUID,1771150440000,0.023926,0.023926,0.023926,0.023926,5844.0
AVAX-USD-PERP.HYPERLIQUID,1771150440000,9.5464,9.5507,9.5464,9.5507,122.19
BERA-USD-PERP.HYPERLIQUID,1771150440000,0.66303,0.66307,0.66299,0.66307,5948.1
BTC-USD-PERP.HYPERLIQUID,1771150440000,70278.0,70287.0,70278.0,70287.0,0.12343
ETH-USD-PERP.HYPERLIQUID,1771150440000,2058.6,2058.8,2058.5,2058.8,2.6875
FARTCOIN-USD-PERP.HYPERLIQUID,1771150440000,0.20972,0.21005,0.20972,0.21005,9690.6
SEI-USD-PERP.HYPERLIQUID,1771150440000,0.077393,0.077393,0.077393,0.077393,215.0
VINE-USD-PERP.HYPERLIQUID,1771150440000,0.020171,0.020171,0.020171,0.020171,3793.0
VVV-USD-PERP.HYPERLIQUID,1771150440000,3.8916,3.8977,3.875,3.875,2108.65
ZORA-USD-PERP.HYPERLIQUID,1771150440000,0.02173,0.02173,0.02173,0.02173,1662.0
AXS-USD-PERP.HYPERLIQUID,1771150440000,1.4255,1.4258,1.4255,1.4258,1232.0
PAXG-USD-PERP.HYPERLIQUID,1771150440000,5036.2,5036.2,5036.2,5036.2,0.002
SEI-USD-PERP.HYPERLIQUID,1771150440000,0.077393,0.077393,0.077349,0.077349,782.0
XRP-USD-PERP.HYPERLIQUID,1771150440000,1.5817,1.5834,1.5815,1.5834,4439.0
BTC-USD-PERP.HYPERLIQUID,1771150440000,70278.0,70287.0,70278.0,70286.0,0.13441
POPCAT-USD-PERP.HYPERLIQUID,1771150440000,0.055837,0.055851,0.055789,0.055789,31874.0
kNEIRO-USD-PERP.HYPERLIQUID,1771150440000,0.07983,0.07983,0.07972,0.07972,423.6
CC-USD-PERP.HYPERLIQUID,1771150440000,0.1601,0.1601,0.16003,0.16003,351.0
XRP-USD-PERP.HYPERLIQUID,1771150440000,1.5817,1.5835,1.5815,1.5835,4582.0
HYPE-USD-PERP.HYPERLIQUID,1771150440000,31.086,31.104,31.085,31.103,209.94
MEME-USD-PERP.HYPERLIQUID,1771150440000,0.000748,0.000748,0.000748,0.000748,88062.0
PAXG-USD-PERP.HYPERLIQUID,1771150440000,5036.2,5036.2,5036.2,5036.2,0.3
STBL-USD-PERP.HYPERLIQUID,1771150440000,0.039549,0.039549,0.039549,0.039549,794.0
USUAL-USD-PERP.HYPERLIQUID,1771150440000,0.01566,0.01566,0.01566,0.01566,1218.2
BTC-USD-PERP.HYPERLIQUID,1771150440000,70278.0,70290.0,70278.0,70290.0,0.15588
BTC-USD-PERP.HYPERLIQUID,1771150440000,70278.0,70291.0,70278.0,70291.0,0.15687
HYPE-USD-PERP.HYPERLIQUID,1771150440000,31.086,31.104,31.085,31.104,210.31
XMR-USD-PERP.HYPERLIQUID,1771150440000,349.5,349.5,349.5,349.5,1.006
XRP-USD-PERP.HYPERLIQUID,1771150440000,1.5817,1.5835,1.5815,1.5834,4607.0
ZEC-USD-PERP.HYPERLIQUID,1771150440000,308.45,308.9,308.45,308.89,43.37
BTC-USD-PERP.HYPERLIQUID,1771150440000,70278.0,70291.0,70278.0,70290.0,0.15848
ZEC-USD-PERP.HYPERLIQUID,1771150440000,308.45,308.9,308.45,308.85,43.53
ADA-USD-PERP.HYPERLIQUID,1771150440000,0.29291,0.29298,0.29284,0.29298,2445.0
AVAX-USD-PERP.HYPERLIQUID,1771150440000,9.5464,9.5507,9.5464,9.5496,142.24
FARTCOIN-USD-PERP.HYPERLIQUID,1771150440000,0.20972,0.21005,0.20972,0.21002,9801.4
HYPE-USD-PERP.HYPERLIQUID,1771150440000,31.086,31.104,31.085,31.104,211.33
INIT-USD-PERP.HYPERLIQUID,1771150440000,0.070271,0.070329,0.070246,0.070285,21460.0
NIL-USD-PERP.HYPERLIQUID,1771150440000,0.054652,0.054652,0.054652,0.054652,276.0
OM-USD-PERP.HYPERLIQUID,1771150440000,0.06131,0.06131,0.06131,0.06131,888.7
XRP-USD-PERP.HYPERLIQUID,1771150440000,1.5817,1.5835,1.5815,1.5832,4614.0
ZEC-USD-PERP.HYPERLIQUID,1771150440000,308.45,308.9,308.45,308.85,44.82
AVAX-USD-PERP.HYPERLIQUID,1771150440000,9.5464,9.5507,9.5464,9.5496,164.68
BIGTIME-USD-PERP.HYPERLIQUID,1771150440000,0.015988,0.015988,0.015988,0.015988,1979.0
BLUR-USD-PERP.HYPERLIQUID,1771150440000,0.022056,0.022056,0.022056,0.022056,876.0
DOGE-USD-PERP.HYPERLIQUID,1771150440000,0.11324,0.11338,0.11324,0.11334,4819.0
ZEC-USD-PERP.HYPERLIQUID,1771150440000,308.45,308.9,308.45,308.84,44.9
BTC-USD-PERP.HYPERLIQUID,1771150440000,70278.0,70291.0,70278.0,70290.0,0.15863
ETH-USD-PERP.HYPERLIQUID,1771150440000,2058.6,2058.9,2058.5,2058.9,2.6931
FARTCOIN-USD-PERP.HYPERLIQUID,1771150440000,0.20972,0.21008,0.20972,0.21008,10356.4
HYPE-USD-PERP.HYPERLIQUID,1771150440000,31.086,31.104,31.085,31.104,212.14
ZEC-USD-PERP.HYPERLIQUID,1771150440000,308.45,308.9,308.45,308.84,44.94
NEAR-USD-PERP.HYPERLIQUID,1771150440000,1.0747,1.0747,1.0747,1.0747,21.0
VVV-USD-PERP.HYPERLIQUID,1771150440000,3.8916,3.8977,3.875,3.8805,2113.75
BTC-USD-PERP.HYPERLIQUID,1771150440000,70278.0,70291.0,70278.0,70291.0,0.15879
FARTCOIN-USD-PERP.HYPERLIQUID,1771150440000,0.20972,0.21009,0.20972,0.21009,16961.4
LIT-USD-PERP.HYPERLIQUID,1771150440000,1.7079,1.7079,1.7068,1.7079,481.0
SOL-USD-PERP.HYPERLIQUID,1771150440000,89.272,89.329,89.272,89.321,203.46
TRX-USD-PERP.HYPERLIQUID,1771150440000,0.28078,0.28078,0.28078,0.28078,62.0
ZEC-USD-PERP.HYPERLIQUID,1771150440000,308.45,308.9,308.45,308.84,45.0
ZORA-USD-PERP.HYPERLIQUID,1771150440000,0.02173,0.02173,0.02173,0.02173,2438.0
kNEIRO-USD-PERP.HYPERLIQUID,1771150440000,0.07983,0.07983,0.07972,0.07983,672.3
ALT-USD-PERP.HYPERLIQUID,1771150440000,0.008905,0.008905,0.008905,0.008905,1892.0
ETH-USD-PERP.HYPERLIQUID,1771150440000,2058.6,2058.9,2058.5,2058.8,2.7194
HYPER-USD-PERP.HYPERLIQUID,1771150440000,0.10527,0.10527,0.10527,0.10527,183.0
BTC-USD-PERP.HYPERLIQUID,1771150440000,70278.0,70291.0,70278.0,70291.0,0.15921
LINK-USD-PERP.HYPERLIQUID,1771150440000,9.061,9.061,9.061,9.061,8.6
NEO-USD-PERP.HYPERLIQUID,1771150440000,2.9021,2.9021,2.9021,2.9021,6.72
OM-USD-PERP.HYPERLIQUID,1771150440000,0.06131,0.06131,0.06131,0.06131,1071.4
TURBO-USD-PERP.HYPERLIQUID,1771150440000,0.001161,0.001161,0.001161,0.001161,16158.0
ZEC-USD-PERP.HYPERLIQUID,1771150440000,308.45,308.9,308.45,308.77,45.22
kPEPE-USD-PERP.HYPERLIQUID,1771150440000,0.004662,0.004669,0.004662,0.004668,620898.0
XPL-USD-PERP.HYPERLIQUID,1771150440000,0.10108,0.10108,0.10108,0.10108,4452.0
ZEC-USD-PERP.HYPERLIQUID,1771150440000,308.45,308.9,308.45,308.77,45.54
kPEPE-USD-PERP.HYPERLIQUID,1771150440000,0.004662,0.004669,0.004662,0.004668,786916.0
BTC-USD-PERP.HYPERLIQUID,1771150440000,70278.0,70291.0,70278.0,70290.0,0.1608
ETH-USD-PERP.HYPERLIQUID,1771150440000,2058.6,2058.9,2058.5,2058.8,2.9531
HYPE-USD-PERP.HYPERLIQUID,1771150440000,31.086,31.104,31.085,31.096,229.18
PAXG-USD-PERP.HYPERLIQUID,1771150440000,5036.2,5036.2,5036.1,5036.1,0.646
SKR-USD-PERP.HYPERLIQUID,1771150440000,0.022651,0.022651,0.022651,0.022651,26300.0
SOL-USD-PERP.HYPERLIQUID,1771150440000,89.272,89.329,89.272,89.298,203.81
ZEC-USD-PERP.HYPERLIQUID,1771150440000,308.45,308.9,308.45,308.77,45.58
kPEPE-USD-PERP.HYPERLIQUID,1771150440000,0.004662,0.004669,0.004662,0.004667,789566.0
ADA-USD-PERP.HYPERLIQUID,1771150440000,0.29291,0.29298,0.29284,0.29298,4838.0
BTC-USD-PERP.HYPERLIQUID,1771150440000,70278.0,70291.0,70278.0,70290.0,0.24623
MOVE-USD-PERP.HYPERLIQUID,1771150440000,0.025086,0.025086,0.025086,0.025086,8494.0
ZEC-USD-PERP.HYPERLIQUID,1771150440000,308.45,308.9,308.45,308.77,45.67
AVAX-USD-PERP.HYPERLIQUID,1771150440000,9.5464,9.5507,9.5464,9.548,168.37
BTC-USD-PERP.HYPERLIQUID,1771150440000,70278.0,70291.0,70278.0,70287.0,0.24718
CC-USD-PERP.HYPERLIQUID,1771150440000,0.1601,0.1601,0.16003,0.16007,462.0
RESOLV-USD-PERP.HYPERLIQUID,1771150440000,0.061957,0.061981,0.061957,0.061981,911.0
ZEC-USD-PERP.HYPERLIQUID,1771150440000,308.45,308.9,308.45,308.77,45.75
AVAX-USD-PERP.HYPERLIQUID,1771150440000,9.5464,9.5507,9.5464,9.548,185.43
BTC-USD-PERP.HYPERLIQUID,1771150440000,70278.0,70291.0,70278.0,70281.0,0.26718
ICP-USD-PERP.HYPERLIQUID,1771150440000,2.4971,2.4971,2.4971,2.4971,11.3
ETH-USD-PERP.HYPERLIQUID,1771150440000,2058.6,2058.9,2058.5,2058.6,2.9649
PYTH-USD-PERP.HYPERLIQUID,1771150440000,0.056575,0.056575,0.056575,0.056575,288.0
SOL-USD-PERP.HYPERLIQUID,1771150440000,89.272,89.329,89.272,89.29,204.03
XRP-USD-PERP.HYPERLIQUID,1771150440000,1.5817,1.5835,1.5815,1.5821,4742.0
BTC-USD-PERP.HYPERLIQUID,1771150440000,70278.0,70291.0,70278.0,70280.0,0.26735
DOGE-USD-PERP.HYPERLIQUID,1771150440000,0.11324,0.11338,0.11324,0.11331,4953.0
POPCAT-USD-PERP.HYPERLIQUID,1771150440000,0.055837,0.055851,0.05576,0.05576,36359.0
PUMP-USD-PERP.HYPERLIQUID,1771150440000,0.002285,0.002286,0.002284,0.002284,1016368.0
W-USD-PERP.HYPERLIQUID,1771150440000,0.02092,0.02092,0.02092,0.02092,734.2
XRP-USD-PERP.HYPERLIQUID,1771150440000,1.5817,1.5835,1.5815,1.5825,9131.0
kNEIRO-USD-PERP.HYPERLIQUID,1771150440000,0.07983,0.07983,0.07972,0.07983,958.2
BTC-USD-PERP.HYPERLIQUID,1771150440000,70278.0,70291.0,70278.0,70280.0,0.27319
HYPE-USD-PERP.HYPERLIQUID,1771150440000,31.086,31.104,31.085,31.087,858.11
ZEC-USD-PERP.HYPERLIQUID,1771150440000,308.45,308.9,308.45,308.77,47.33
ALGO-USD-PERP.HYPERLIQUID,1771150440000,0.098252,0.098252,0.098252,0.098252,193.0
BCH-USD-PERP.HYPERLIQUID,1771150440000,560.35,560.35,560.35,560.35,0.171
INIT-USD-PERP.HYPERLIQUID,1771150440000,0.070271,0.070329,0.070246,0.070326,39010.0
SOL-USD-PERP.HYPERLIQUID,1771150440000,89.272,89.329,89.272,89.298,213.37
XRP-USD-PERP.HYPERLIQUID,1771150440000,1.5817,1.5835,1.5815,1.5824,9384.0
ZEC-USD-PERP.HYPERLIQUID,1771150440000,308.45,308.9,308.45,308.83,54.06
MOODENG-USD-PERP.HYPERLIQUID,1771150440000,0.059477,0.059477,0.059477,0.059477,288.0
VVV-USD-PERP.HYPERLIQUID,1771150440000,3.8916,3.8977,3.8726,3.8726,2116.86
BTC-USD-PERP.HYPERLIQUID,1771150440000,70278.0,70291.0,70278.0,70280.0,0.2766
FOGO-USD-PERP.HYPERLIQUID,1771150440000,0.022846,0.022846,0.022846,0.022846,801.0
SOL-USD-PERP.HYPERLIQUID,1771150440000,89.272,89.329,89.272,89.298,213.82
WLFI-USD-PERP.HYPERLIQUID,1771150440000,0.1061,0.10616,0.1061,0.10613,2182.0
STX-USD-PERP.HYPERLIQUID,1771150440000,0.27323,0.27323,0.27323,0.27323,107.7
XRP-USD-PERP.HYPERLIQUID,1771150440000,1.5817,1.5835,1.5815,1.5822,11074.0
SAND-USD-PERP.HYPERLIQUID,1771150440000,0.091016,0.091016,0.091016,0.091016,246.0
SOL-USD-PERP.HYPERLIQUID,1771150440000,89.272,89.329,89.272,89.298,213.95
STX-USD-PERP.HYPERLIQUID,1771150440000,0.27323,0.27323,0.27323,0.27323,180.3
SYRUP-USD-PERP.HYPERLIQUID,1771150440000,0.27475,0.27475,0.27475,0.27475,61.0
TAO-USD-PERP.HYPERLIQUID,1771150440000,188.24,188.24,188.22,188.22,1.546
kSHIB-USD-PERP.HYPERLIQUID,1771150440000,0.006806,0.006808,0.006806,0.006808,8831.0
ADA-USD-PERP.HYPERLIQUID,1771150440000,0.29291,0.29298,0.29284,0.29294,5163.0
BIGTIME-USD-PERP.HYPERLIQUID,1771150440000,0.015988,0.016005,0.015988,0.016005,3088.0
ETH-USD-PERP.HYPERLIQUID,1771150440000,2058.6,2058.9,2058.5,2058.6,4.4139
HYPE-USD-PERP.HYPERLIQUID,1771150440000,31.086,31.104,31.085,31.091,873.86
JTO-USD-PERP.HYPERLIQUID,1771150440000,0.2793,0.2793,0.2793,0.2793,59.0
PUMP-USD-PERP.HYPERLIQUID,1771150440000,0.002285,0.002286,0.002284,0.002285,1020832.0
SKY-USD-PERP.HYPERLIQUID,1771150440000,0.067292,0.067292,0.067292,0.067292,418.0
XRP-USD-PERP.HYPERLIQUID,1771150440000,1.5817,1.5835,1.5815,1.5822,14407.0
PNUT-USD-PERP.HYPERLIQUID,1771150440000,0.05239,0.05239,0.05239,0.05239,301.7
SEI-USD-PERP.HYPERLIQUID,1771150440000,0.077393,0.077393,0.077349,0.077351,11374.0
ARB-USD-PERP.HYPERLIQUID,1771150440000,0.11804,0.11813,0.11803,0.11813,3459.7
BERA-USD-PERP.HYPERLIQUID,1771150440000,0.66303,0.6631,0.66297,0.66297,7104.3
HYPE-USD-PERP.HYPERLIQUID,1771150440000,31.086,31.104,31.085,31.091,874.23
MELANIA-USD-PERP.HYPERLIQUID,1771150440000,0.12377,0.12378,0.12377,0.12378,378.9
MNT-USD-PERP.HYPERLIQUID,1771150440000,0.66961,0.67062,0.66948,0.67059,2664.9
STABLE-USD-PERP.HYPERLIQUID,1771150440000,0.023926,0.023942,0.023926,0.023942,22490.0
ZEC-USD-PERP.HYPERLIQUID,1771150440000,308.45,308.9,308.45,308.74,54.1
BTC-USD-PERP.HYPERLIQUID,1771150440000,70278.0,70291.0,70278.0,70281.0,0.297
ENA-USD-PERP.HYPERLIQUID,1771150440000,0.12654,0.12665,0.12654,0.12662,1186.0
ETHFI-USD-PERP.HYPERLIQUID,1771150440000,0.49295,0.49295,0.49295,0.49295,31.3
PAXG-USD-PERP.HYPERLIQUID,1771150440000,5036.2,5036.2,5036.1,5036.1,0.872
SUSHI-USD-PERP.HYPERLIQUID,1771150440000,0.21503,0.21503,0.21503,0.21503,91.1
ZEC-USD-PERP.HYPERLIQUID,1771150440000,308.45,308.9,308.45,308.75,57.5
PENGU-USD-PERP.HYPERLIQUID,1771150440000,0.007514,0.007514,0.007514,0.007514,2181.0
ZEC-USD-PERP.HYPERLIQUID,1771150440000,308.45,308.9,308.45,308.75,57.54
BTC-USD-PERP.HYPERLIQUID,1771150440000,70278.0,70291.0,70278.0,70280.0,0.33622
ETH-USD-PERP.HYPERLIQUID,1771150440000,2058.6,2058.9,2058.5,2058.5,4.4195
HYPE-USD-PERP.HYPERLIQUID,1771150440000,31.086,31.104,31.085,31.093,874.6
SOL-USD-PERP.HYPERLIQUID,1771150440000,89.272,89.329,89.272,89.298,215.59
XRP-USD-PERP.HYPERLIQUID,1771150440000,1.5817,1.5835,1.5815,1.5826,23886.0
ARB-USD-PERP.HYPERLIQUID,1771150440000,0.11804,0.11813,0.11803,0.11813,6434.7
BTC-USD-PERP.HYPERLIQUID,1771150440000,70278.0,70291.0,70278.0,70280.0,0.64916
SOL-USD-PERP.HYPERLIQUID,1771150440000,89.272,89.329,89.272,89.298,215.81
ZRO-USD-PERP.HYPERLIQUID,1771150440000,1.8736,1.8739,1.8736,1.8739,21.0
POL-USD-PERP.HYPERLIQUID,1771150440000,0.10918,0.10918,0.10918,0.10918,6000.0
ZEC-USD-PERP.HYPERLIQUID,1771150440000,308.45,308.9,308.45,308.75,58.49
BTC-USD-PERP.HYPERLIQUID,1771150440000,70278.0,70291.0,70278.0,70280.0,0.64933
ZRO-USD-PERP.HYPERLIQUID,1771150440000,1.8736,1.8768,1.8736,1.8768,27.0
HYPE-USD-PERP.HYPERLIQUID,1771150440000,31.086,31.112,31.085,31.112,2874.6
XRP-USD-PERP.HYPERLIQUID,1771150440000,1.5817,1.5835,1.5815,1.5822,24011.0
BTC-USD-PERP.HYPERLIQUID,1771150440000,70278.0,70291.0,70278.0,70280.0,0.65453
JUP-USD-PERP.HYPERLIQUID,1771150440000,0.16598,0.16598,0.16598,0.16598,293.0
LIT-USD-PERP.HYPERLIQUID,1771150440000,1.7079,1.7079,1.7068,1.7077,492.0
RESOLV-USD-PERP.HYPERLIQUID,1771150440000,0.061957,0.061981,0.061957,0.061981,1177.0
SOL-USD-PERP.HYPERLIQUID,1771150440000,89.272,89.329,89.272,89.297,221.13
WLFI-USD-PERP.HYPERLIQUID,1771150440000,0.1061,0.10616,0.1061,0.10612,2442.0
BTC-USD-PERP.HYPERLIQUID,1771150440000,70278.0,70291.0,70278.0,70278.0,0.65553
ANIME-USD-PERP.HYPERLIQUID,1771150440000,0.005799,0.005799,0.005799,0.005799,2598.0
ETH-USD-PERP.HYPERLIQUID,1771150440000,2058.6,2058.9,2058.4,2058.4,4.428
GRIFFAIN-USD-PERP.HYPERLIQUID,1771150440000,0.010287,0.010287,0.010287,0.010287,1542.0
kSHIB-USD-PERP.HYPERLIQUID,1771150440000,0.006806,0.006808,0.006806,0.006808,11441.0
CAKE-USD-PERP.HYPERLIQUID,1771150440000,1.3438,1.3438,1.3438,1.3438,26.0
IMX-USD-PERP.HYPERLIQUID,1771150440000,0.17315,0.17315,0.17315,0.17315,97.4
AVNT-USD-PERP.HYPERLIQUID,1771150440000,0.20788,0.20788,0.20788,0.20788,88.0
KAITO-USD-PERP.HYPERLIQUID,1771150440000,0.32519,0.32519,0.32519,0.32519,47.0
BIGTIME-USD-PERP.HYPERLIQUID,1771150440000,0.015988,0.016005,0.015988,0.015988,4223.0
HYPE-USD-PERP.HYPERLIQUID,1771150440000,31.086,31.112,31.085,31.108,2875.56
MINA-USD-PERP.HYPERLIQUID,1771150440000,0.067808,0.067808,0.067805,0.067805,17738.0
BTC-USD-PERP.HYPERLIQUID,1771150440000,70278.0,70291.0,70278.0,70278.0,0.65791
ETHFI-USD-PERP.HYPERLIQUID,1771150440000,0.49295,0.49295,0.49295,0.49295,67.2
FARTCOIN-USD-PERP.HYPERLIQUID,1771150440000,0.20972,0.21009,0.20972,0.21001,17431.5
PAXG-USD-PERP.HYPERLIQUID,1771150440000,5036.2,5036.2,5036.1,5036.1,1.097
SPX-USD-PERP.HYPERLIQUID,1771150440000,0.32825,0.32825,0.32825,0.32825,87.0
kLUNC-USD-PERP.HYPERLIQUID,1771150440000,0.035756,0.035758,0.035756,0.035758,13123.0
HYPE-USD-PERP.HYPERLIQUID,1771150440000,31.086,31.112,31.085,31.103,2875.95
SEI-USD-PERP.HYPERLIQUID,1771150440000,0.077393,0.077393,0.077349,0.077393,21548.0
XRP-USD-PERP.HYPERLIQUID,1771150440000,1.5817,1.5835,1.5815,1.5823,24018.0
ZEC-USD-PERP.HYPERLIQUID,1771150440000,308.45,308.9,308.45,308.75,59.79
HYPE-USD-PERP.HYPERLIQUID,1771150440000,31.086,31.112,31.085,31.104,2876.43
STX-USD-PERP.HYPERLIQUID,1771150440000,0.27323,0.27323,0.2732,0.2732,252.0
ATOM-USD-PERP.HYPERLIQUID,1771150440000,2.1606,2.1606,2.1606,2.1606,8.71
LIT-USD-PERP.HYPERLIQUID,1771150440000,1.7079,1.7079,1.7068,1.7068,1037.0
PENDLE-USD-PERP.HYPERLIQUID,1771150440000,1.2881,1.2881,1.2881,1.2881,14.0
FET-USD-PERP.HYPERLIQUID,1771150440000,0.17765,0.17765,0.1776,0.17765,1344.0
PNUT-USD-PERP.HYPERLIQUID,1771150440000,0.05239,0.05239,0.05235,0.05235,630.4
SOL-USD-PERP.HYPERLIQUID,1771150440000,89.272,89.329,89.272,89.297,221.83
SPX-USD-PERP.HYPERLIQUID,1771150440000,0.32825,0.32825,0.32801,0.32801,1003.6
ETH-USD-PERP.HYPERLIQUID,1771150440000,2058.6,2058.9,2057.3,2057.3,1276.5265
SOL-USD-PERP.HYPERLIQUID,1771150440000,89.272,89.329,89.272,89.297,222.72
TRUMP-USD-PERP.HYPERLIQUID,1771150440000,3.5004,3.5004,3.5004,3.5004,4.4
BTC-USD-PERP.HYPERLIQUID,1771150440000,70278.0,70291.0,70270.0,70270.0,0.66028
HYPE-USD-PERP.HYPERLIQUID,1771150440000,31.086,31.112,31.085,31.106,2876.8
SUI-USD-PERP.HYPERLIQUID,1771150440000,1.0125,1.0125,1.0125,1.0125,19.1
APE-USD-PERP.HYPERLIQUID,1771150440000,0.13495,0.13495,0.13495,0.13495,111.9
ETH-USD-PERP.HYPERLIQUID,1771150440000,2058.6,2058.9,2057.1,2057.1,1318.3554
SOL-USD-PERP.HYPERLIQUID,1771150440000,89.272,89.329,89.272,89.289,341.11
VVV-USD-PERP.HYPERLIQUID,1771150440000,3.8916,3.8977,3.8726,3.8788,4391.77
AZTEC-USD-PERP.HYPERLIQUID,1771150440000,0.023851,0.023851,0.023838,0.023838,21866.0
SOL-USD-PERP.HYPERLIQUID,1771150440000,89.272,89.329,89.272,89.297,341.53
VVV-USD-PERP.HYPERLIQUID,1771150440000,3.8916,3.8977,3.8726,3.873,4396.87
XRP-USD-PERP.HYPERLIQUID,1771150440000,1.5817,1.5835,1.5815,1.5822,27320.0
kBONK-USD-PERP.HYPERLIQUID,1771150440000,0.006847,0.006847,0.006847,0.006847,6455.0
BTC-USD-PERP.HYPERLIQUID,1771150440000,70278.0,70291.0,70270.0,70270.0,0.66407
LDO-USD-PERP.HYPERLIQUID,1771150440000,0.35401,0.35401,0.35401,0.35401,54.7
REZ-USD-PERP.HYPERLIQUID,1771150440000,0.003079,0.003079,0.003079,0.003079,6618.0
VVV-USD-PERP.HYPERLIQUID,1771150440000,3.8916,3.8977,3.8701,3.8747,5308.5
BTC-USD-PERP.HYPERLIQUID,1771150440000,70278.0,70291.0,70270.0,70270.0,0.66466
INIT-USD-PERP.HYPERLIQUID,1771150440000,0.070271,0.070329,0.070243,0.070252,39280.0
ZEC-USD-PERP.HYPERLIQUID,1771150440000,308.45,308.9,308.45,308.72,59.84
ZEN-USD-PERP.HYPERLIQUID,1771150440000,6.5196,6.5196,6.5196,6.5196,6.71
GRASS-USD-PERP.HYPERLIQUID,1771150440000,0.22032,0.22032,0.22032,0.22032,68.7
SOL-USD-PERP.HYPERLIQUID,1771150440000,89.272,89.329,89.272,89.297,347.98
ZEC-USD-PERP.HYPERLIQUID,1771150440000,308.45,308.9,308.45,308.72,59.88
ALGO-USD-PERP.HYPERLIQUID,1771150440000,0.098252,0.098349,0.098252,0.098349,401.0
BTC-USD-PERP.HYPERLIQUID,1771150440000,70278.0,70291.0,70270.0,70270.0,0.66794
INIT-USD-PERP.HYPERLIQUID,1771150440000,0.070271,0.070329,0.070243,0.070252,39480.0
KAITO-USD-PERP.HYPERLIQUID,1771150440000,0.32519,0.32519,0.32516,0.32516,101.0
TST-USD-PERP.HYPERLIQUID,1771150440000,0.011662,0.011662,0.011662,0.011662,1373.0
XRP-USD-PERP.HYPERLIQUID,1771150440000,1.5817,1.5835,1.5815,1.5823,27725.0
ETH-USD-PERP.HYPERLIQUID,1771150440000,2058.6,2058.9,2057.1,2057.6,1318.362
NEAR-USD-PERP.HYPERLIQUID,1771150440000,1.0747,1.0747,1.0747,1.0747,35.8
TAO-USD-PERP.HYPERLIQUID,1771150440000,188.24,188.24,188.22,188.22,1.78
HYPE-USD-PERP.HYPERLIQUID,1771150440000,31.086,31.112,31.085,31.102,2878.83
BTC-USD-PERP.HYPERLIQUID,1771150440000,70278.0,70291.0,70270.0,70271.0,0.75838
PUMP-USD-PERP.HYPERLIQUID,1771150440000,0.002285,0.002286,0.002284,0.002285,1037683.0
DYDX-USD-PERP.HYPERLIQUID,1771150440000,0.11107,0.11107,0.11107,0.11107,1199.6
ZEC-USD-PERP.HYPERLIQUID,1771150440000,308.45,308.9,308.45,308.72,61.55
FARTCOIN-USD-PERP.HYPERLIQUID,1771150440000,0.20972,0.21009,0.20972,0.20997,17514.1
SAGA-USD-PERP.HYPERLIQUID,1771150440000,0.03322,0.03322,0.03322,0.03322,1262.4
AVAX-USD-PERP.HYPERLIQUID,1771150440000,9.5464,9.5507,9.5452,9.5452,266.43
BTC-USD-PERP.HYPERLIQUID,1771150440000,70278.0,70291.0,70270.0,70271.0,0.76967
PENDLE-USD-PERP.HYPERLIQUID,1771150440000,1.2881,1.2881,1.2869,1.2869,26.0
ZEC-USD-PERP.HYPERLIQUID,1771150440000,308.45,308.9,308.45,308.72,61.79
CRV-USD-PERP.HYPERLIQUID,1771150440000,0.25875,0.25875,0.25866,0.25866,2933.8
PAXG-USD-PERP.HYPERLIQUID,1771150440000,5036.2,5036.2,5036.1,5036.2,1.099
STX-USD-PERP.HYPERLIQUID,1771150440000,0.27323,0.27323,0.27319,0.27319,316.1
TIA-USD-PERP.HYPERLIQUID,1771150440000,0.35207,0.35207,0.35207,0.35207,46.6
XRP-USD-PERP.HYPERLIQUID,1771150440000,1.5817,1.5835,1.5815,1.5826,27942.0
ZEC-USD-PERP.HYPERLIQUID,1771150440000,308.45,308.9,308.45,308.72,61.99
ATOM-USD-PERP.HYPERLIQUID,1771150440000,2.1606,2.1606,2.1585,2.1585,16.84
ETH-USD-PERP.HYPERLIQUID,1771150440000,2058.6,2058.9,2056.8,2056.8,2223.509
XRP-USD-PERP.HYPERLIQUID,1771150440000,1.5817,1.5835,1.5815,1.5825,28077.0
ZEC-USD-PERP.HYPERLIQUID,1771150440000,308.45,308.9,308.45,308.72,62.03
ZK-USD-PERP.HYPERLIQUID,1771150440000,0.022341,0.022341,0.022341,0.022341,1286.0
FET-USD-PERP.HYPERLIQUID,1771150440000,0.17765,0.17765,0.1776,0.17765,1406.0
SPX-USD-PERP.HYPERLIQUID,1771150440000,0.32825,0.32825,0.32789,0.32789,1060.4
XRP-USD-PERP.HYPERLIQUID,1771150440000,1.5817,1.5835,1.5815,1.5821,28744.0
ADA-USD-PERP.HYPERLIQUID,1771150440000,0.29291,0.29298,0.2928,0.2928,5201.0
BTC-USD-PERP.HYPERLIQUID,1771150440000,70278.0,70291.0,70268.0,70268.0,0.78142
DYDX-USD-PERP.HYPERLIQUID,1771150440000,0.11107,0.11107,0.11106,0.11106,1779.3
HYPE-USD-PERP.HYPERLIQUID,1771150440000,31.086,31.112,31.085,31.102,2879.2
ZEC-USD-PERP.HYPERLIQUID,1771150440000,308.45,308.9,308.45,308.71,62.11
LDO-USD-PERP.HYPERLIQUID,1771150440000,0.35401,0.35401,0.354,0.354,106.4
PNUT-USD-PERP.HYPERLIQUID,1771150440000,0.05239,0.05239,0.05235,0.05238,998.2
HYPE-USD-PERP.HYPERLIQUID,1771150440000,31.086,31.112,31.085,31.102,2879.57
XMR-USD-PERP.HYPERLIQUID,1771150440000,349.5,349.5,349.48,349.48,2.012
ZEC-USD-PERP.HYPERLIQUID,1771150440000,308.45,308.9,308.45,308.61,62.16
DOGE-USD-PERP.HYPERLIQUID,1771150440000,0.11324,0.11338,0.11324,0.11328,5386.0
DYDX-USD-PERP.HYPERLIQUID,1771150440000,0.11107,0.11107,0.11106,0.11107,2794.8
TST-USD-PERP.HYPERLIQUID,1771150440000,0.011662,0.011662,0.011662,0.011662,3229.0
ZEC-USD-PERP.HYPERLIQUID,1771150440000,308.45,308.9,308.45,308.61,63.5
DYDX-USD-PERP.HYPERLIQUID,1771150440000,0.11107,0.11107,0.11106,0.11107,3353.7
FARTCOIN-USD-PERP.HYPERLIQUID,1771150440000,0.20972,0.21009,0.20972,0.20996,17624.9
HYPE-USD-PERP.HYPERLIQUID,1771150440000,31.086,31.112,31.085,31.103,2880.23
ZEC-USD-PERP.HYPERLIQUID,1771150440000,308.45,308.9,308.45,308.61,63.63
DOGE-USD-PERP.HYPERLIQUID,1771150440000,0.11324,0.11338,0.11324,0.11327,5476.0
TRB-USD-PERP.HYPERLIQUID,1771150440000,16.395,16.395,16.393,16.393,2.08
BTC-USD-PERP.HYPERLIQUID,1771150440000,70278.0,70291.0,70268.0,70269.0,0.79494
DYDX-USD-PERP.HYPERLIQUID,1771150440000,0.11107,0.11107,0.11106,0.11106,5943.8
EIGEN-USD-PERP.HYPERLIQUID,1771150440000,0.2134,0.2134,0.2133,0.2133,150.92
HYPE-USD-PERP.HYPERLIQUID,1771150440000,31.086,31.112,31.085,31.102,2880.61
MERL-USD-PERP.HYPERLIQUID,1771150440000,0.064468,0.064468,0.0642,0.0642,19137.0
REZ-USD-PERP.HYPERLIQUID,1771150440000,0.003079,0.003079,0.003079,0.003079,12487.0
DOT-USD-PERP.HYPERLIQUID,1771150440000,1.4031,1.4031,1.4027,1.4027,116.6
ETC-USD-PERP.HYPERLIQUID,1771150440000,8.9979,8.9979,8.9979,8.9979,3.28
ETH-USD-PERP.HYPERLIQUID,1771150440000,2058.6,2058.9,2056.8,2056.9,2223.5146
HYPE-USD-PERP.HYPERLIQUID,1771150440000,31.086,31.112,31.085,31.103,2881.42
SOL-USD-PERP.HYPERLIQUID,1771150440000,89.272,89.329,89.272,89.293,348.2
WLFI-USD-PERP.HYPERLIQUID,1771150440000,0.1061,0.10616,0.1061,0.10611,2702.0
XRP-USD-PERP.HYPERLIQUID,1771150440000,1.5817,1.5835,1.5815,1.5826,30228.0
ZEC-USD-PERP.HYPERLIQUID,1771150440000,308.45,308.9,308.45,308.61,63.75
HBAR-USD-PERP.HYPERLIQUID,1771150440000,0.1028,0.1028,0.1028,0.1028,146.0
ZEC-USD-PERP.HYPERLIQUID,1771150440000,308.45,308.9,308.45,308.61,63.79
AVAX-USD-PERP.HYPERLIQUID,1771150440000,9.5464,9.5507,9.5433,9.5433,276.18
BTC-USD-PERP.HYPERLIQUID,1771150440000,70278.0,70291.0,70268.0,70268.0,0.79793
LIT-USD-PERP.HYPERLIQUID,1771150440000,1.7079,1.7088,1.7068,1.7088,1043.0
POL-USD-PERP.HYPERLIQUID,1771150440000,0.10918,0.10918,0.1091,0.1091,6150.0
ZEC-USD-PERP.HYPERLIQUID,1771150440000,308.45,308.9,308.45,308.61,63.83
BTC-USD-PERP.HYPERLIQUID,1771150440000,70278.0,70291.0,70268.0,70268.0,0.79808
BTC-USD-PERP.HYPERLIQUID,1771150440000,70278.0,70291.0,70268.0,70269.0,0.79851
LINK-USD-PERP.HYPERLIQUID,1771150440000,9.061,9.061,9.0552,9.0552,16.7
TURBO-USD-PERP.HYPERLIQUID,1771150440000,0.001161,0.001161,0.00116,0.00116,40498.0
ZEC-USD-PERP.HYPERLIQUID,1771150440000,308.45,308.9,308.45,308.61,65.26
BTC-USD-PERP.HYPERLIQUID,1771150440000,70278.0,70291.0,70268.0,70269.0,0.79992
SPX-USD-PERP.HYPERLIQUID,1771150440000,0.32825,0.32825,0.32789,0.32806,1110.4
ATOM-USD-PERP.HYPERLIQUID,1771150440000,2.1606,2.1606,2.1585,2.1598,24.29
BTC-USD-PERP.HYPERLIQUID,1771150440000,70278.0,70291.0,70268.0,70269.0,0.80108
ETH-USD-PERP.HYPERLIQUID,1771150440000,2058.6,2058.9,2056.8,2056.8,2223.5878
LIT-USD-PERP.HYPERLIQUID,1771150440000,1.7079,1.7088,1.7039,1.7039,36807.0
MON-USD-PERP.HYPERLIQUID,1771150440000,0.023623,0.023624,0.023619,0.023619,54150.0
XAI-USD-PERP.HYPERLIQUID,1771150440000,0.0107,0.0107,0.0107,0.0107,1388.9
ZEC-USD-PERP.HYPERLIQUID,1771150440000,308.45,308.9,308.45,308.61,66.05
AVAX-USD-PERP.HYPERLIQUID,1771150440000,9.5464,9.5507,9.5433,9.5452,279.18
BTC-USD-PERP.HYPERLIQUID,1771150440000,70278.0,70291.0,70268.0,70269.0,0.80203
EIGEN-USD-PERP.HYPERLIQUID,1771150440000,0.2134,0.2134,0.2133,0.2133,240.08
ETH-USD-PERP.HYPERLIQUID,1771150440000,2058.6,2058.9,2056.8,2057.3,2226.5038
HYPE-USD-PERP.HYPERLIQUID,1771150440000,31.086,31.112,31.085,31.103,2882.36
MON-USD-PERP.HYPERLIQUID,1771150440000,0.023623,0.023624,0.023619,0.023619,57327.0
kPEPE-USD-PERP.HYPERLIQUID,1771150440000,0.004662,0.004669,0.004662,0.004667,800726.0
CAKE-USD-PERP.HYPERLIQUID,1771150440000,1.3438,1.3438,1.343,1.343,38.0
MON-USD-PERP.HYPERLIQUID,1771150440000,0.023623,0.023624,0.023619,0.023624,66726.0
MORPHO-USD-PERP.HYPERLIQUID,1771150440000,1.4099,1.4099,1.4099,1.4099,7.5
BTC-USD-PERP.HYPERLIQUID,1771150440000,70278.0,70291.0,70268.0,70268.0,0.8022
DOGE-USD-PERP.HYPERLIQUID,1771150440000,0.11324,0.11338,0.11324,0.11331,5609.0
HYPE-USD-PERP.HYPERLIQUID,1771150440000,31.086,31.112,31.085,31.102,2882.84
XPL-USD-PERP.HYPERLIQUID,1771150440000,0.10108,0.1011,0.10108,0.1011,7419.0
BTC-USD-PERP.HYPERLIQUID,1771150440000,70278.0,70291.0,70268.0,70268.0,0.81168
ETH-USD-PERP.HYPERLIQUID,1771150440000,2058.6,2058.9,2056.8,2057.3,2226.5088
ONDO-USD-PERP.HYPERLIQUID,1771150440000,0.28575,0.28575,0.28575,0.28575,69.0
SOL-USD-PERP.HYPERLIQUID,1771150440000,89.272,89.329,89.272,89.303,349.86
VVV-USD-PERP.HYPERLIQUID,1771150440000,3.8916,3.8977,3.8701,3.894,7803.32
ZEC-USD-PERP.HYPERLIQUID,1771150440000,308.45,308.9,308.45,308.62,69.05
BTC-USD-PERP.HYPERLIQUID,1771150440000,70278.0,70291.0,70268.0,70268.0,0.81225
GMT-USD-PERP.HYPERLIQUID,1771150440000,0.012894,0.012894,0.012894,0.012894,1506.0
SOL-USD-PERP.HYPERLIQUID,1771150440000,89.272,89.329,89.272,89.303,354.12
ZEC-USD-PERP.HYPERLIQUID,1771150440000,308.45,308.9,308.45,308.67,75.77
kPEPE-USD-PERP.HYPERLIQUID,1771150440000,0.004662,0.004669,0.004662,0.004667,871322.0
BTC-USD-PERP.HYPERLIQUID,1771150440000,70278.0,70291.0,70268.0,70269.0,0.82207
MERL-USD-PERP.HYPERLIQUID,1771150440000,0.064468,0.064468,0.064191,0.064191,19425.0
kPEPE-USD-PERP.HYPERLIQUID,1771150440000,0.004662,0.004672,0.004662,0.004672,1140816.0
BTC-USD-PERP.HYPERLIQUID,1771150440000,70278.0,70291.0,70268.0,70268.0,0.82283
ETH-USD-PERP.HYPERLIQUID,1771150440000,2058.6,2058.9,2056.8,2057.3,2226.5238
VVV-USD-PERP.HYPERLIQUID,1771150440000,3.8916,3.8977,3.8701,3.8839,7811.46
DOT-USD-PERP.HYPERLIQUID,1771150440000,1.4031,1.4031,1.4027,1.4028,127.6
ETH-USD-PERP.HYPERLIQUID,1771150440000,2058.6,2058.9,2056.8,2057.3,2226.5287
CRV-USD-PERP.HYPERLIQUID,1771150440000,0.25875,0.25875,0.25866,0.25866,4867.6
SOL-USD-PERP.HYPERLIQUID,1771150440000,89.272,89.329,89.272,89.304,354.34
ETH-USD-PERP.HYPERLIQUID,1771150440000,2058.6,2058.9,2056.8,2057.3,2226.5407
SOL-USD-PERP.HYPERLIQUID,1771150440000,89.272,89.329,89.272,89.304,354.47
TRB-USD-PERP.HYPERLIQUID,1771150440000,16.395,16.395,16.393,16.393,3.65
ZEC-USD-PERP.HYPERLIQUID,1771150440000,308.45,308.9,308.45,308.62,77.36
AAVE-USD-PERP.HYPERLIQUID,1771150440000,128.93,128.93,128.93,128.93,0.13
AVAX-USD-PERP.HYPERLIQUID,1771150440000,9.5464,9.5507,9.5433,9.5452,282.18
ETH-USD-PERP.HYPERLIQUID,1771150440000,2058.6,2058.9,2056.8,2057.3,2258.0069
HYPE-USD-PERP.HYPERLIQUID,1771150440000,31.086,31.112,31.085,31.098,2891.84
TRX-USD-PERP.HYPERLIQUID,1771150440000,0.28078,0.28078,0.28078,0.28078,6911.0
ALT-USD-PERP.HYPERLIQUID,1771150440000,0.008905,0.008905,0.008905,0.008905,4055.0
BERA-USD-PERP.HYPERLIQUID,1771150500000,0.66311,0.66311,0.66295,0.66295,1156.2
ETH-USD-PERP.HYPERLIQUID,1771150440000,2058.6,2058.9,2056.8,2056.9,2258.0742
HYPE-USD-PERP.HYPERLIQUID,1771150500000,31.099,31.099,31.099,31.099,0.37
MNT-USD-PERP.HYPERLIQUID,1771150500000,0.67068,0.67068,0.67063,0.67063,1332.5
PUMP-USD-PERP.HYPERLIQUID,1771150440000,0.002285,0.002286,0.002284,0.002284,1439847.0
XRP-USD-PERP.HYPERLIQUID,1771150440000,1.5817,1.5835,1.5815,1.5827,30528.0
ZEC-USD-PERP.HYPERLIQUID,1771150500000,308.53,308.53,308.53,308.53,0.04
BTC-USD-PERP.HYPERLIQUID,1771150500000,70268.0,70268.0,70268.0,70268.0,0.01661
DYDX-USD-PERP.HYPERLIQUID,1771150500000,0.11106,0.11106,0.11106,0.11106,656.9
ENA-USD-PERP.HYPERLIQUID,1771150500000,0.12654,0.12655,0.12654,0.12655,443.0
ETH-USD-PERP.HYPERLIQUID,1771150500000,2056.7,2056.7,2056.7,2056.7,0.0284
HBAR-USD-PERP.HYPERLIQUID,1771150500000,0.10277,0.10277,0.10277,0.10277,421.0
HYPE-USD-PERP.HYPERLIQUID,1771150500000,31.099,31.099,31.098,31.098,16.27
MERL-USD-PERP.HYPERLIQUID,1771150500000,0.064181,0.064181,0.064181,0.064181,8951.0
BTC-USD-PERP.HYPERLIQUID,1771150500000,70268.0,70269.0,70268.0,70269.0,0.01762
DYDX-USD-PERP.HYPERLIQUID,1771150500000,0.11106,0.11106,0.11104,0.11104,3038.9
IMX-USD-PERP.HYPERLIQUID,1771150500000,0.17304,0.17304,0.17304,0.17304,59.1
MERL-USD-PERP.HYPERLIQUID,1771150500000,0.064181,0.064181,0.064181,0.064181,9417.0
VVV-USD-PERP.HYPERLIQUID,1771150500000,3.8826,3.8826,3.8826,3.8826,99.14
ETH-USD-PERP.HYPERLIQUID,1771150500000,2056.7,2056.7,2056.6,2056.6,0.0435
MORPHO-USD-PERP.HYPERLIQUID,1771150500000,1.4097,1.4097,1.4097,1.4097,12.1
SPX-USD-PERP.HYPERLIQUID,1771150500000,0.32807,0.32807,0.32807,0.32807,53.1
WIF-USD-PERP.HYPERLIQUID,1771150500000,0.24144,0.24144,0.24144,0.24144,79.0
kPEPE-USD-PERP.HYPERLIQUID,1771150500000,0.004666,0.004666,0.004666,0.004666,80792.0
BSV-USD-PERP.HYPERLIQUID,1771150500000,17.548,17.548,17.548,17.548,4.95
BTC-USD-PERP.HYPERLIQUID,1771150500000,70268.0,70269.0,70267.0,70269.0,0.02321
ETH-USD-PERP.HYPERLIQUID,1771150500000,2056.7,2056.7,2056.6,2056.6,0.0491
HYPE-USD-PERP.HYPERLIQUID,1771150500000,31.099,31.099,31.098,31.099,16.64
SOL-USD-PERP.HYPERLIQUID,1771150500000,89.293,89.293,89.293,89.293,1.84
PAXG-USD-PERP.HYPERLIQUID,1771150500000,5036.1,5036.1,5036.1,5036.1,0.007
STABLE-USD-PERP.HYPERLIQUID,1771150500000,0.023952,0.023952,0.023952,0.023952,1729.0
VVV-USD-PERP.HYPERLIQUID,1771150500000,3.8826,3.894,3.8826,3.894,279.83
ZEC-USD-PERP.HYPERLIQUID,1771150500000,308.53,308.53,308.39,308.39,0.36
BTC-USD-PERP.HYPERLIQUID,1771150500000,70268.0,70269.0,70265.0,70265.0,0.02338
ETH-USD-PERP.HYPERLIQUID,1771150500000,2056.7,2056.7,2056.4,2056.4,4.0576
WLFI-USD-PERP.HYPERLIQUID,1771150500000,0.1061,0.1061,0.10608,0.10608,1378.0
ZEC-USD-PERP.HYPERLIQUID,1771150500000,308.53,308.53,308.39,308.43,1.46
kBONK-USD-PERP.HYPERLIQUID,1771150500000,0.00684,0.00684,0.00684,0.00684,7043.0
ETH-USD-PERP.HYPERLIQUID,1771150500000,2056.7,2056.7,2056.4,2056.5,4.0631
FIL-USD-PERP.HYPERLIQUID,1771150500000,0.99533,0.99533,0.99533,0.99533,353.0
MON-USD-PERP.HYPERLIQUID,1771150500000,0.02361,0.02361,0.02361,0.02361,947.0
XRP-USD-PERP.HYPERLIQUID,1771150500000,1.5827,1.5827,1.5827,1.5827,265.0
ZEC-USD-PERP.HYPERLIQUID,1771150500000,308.53,308.53,308.39,308.42,1.54
BTC-USD-PERP.HYPERLIQUID,1771150500000,70268.0,70269.0,70264.0,70266.0,0.02757
ETH-USD-PERP.HYPERLIQUID,1771150500000,2056.7,2056.7,2056.4,2056.4,4.1224
LIT-USD-PERP.HYPERLIQUID,1771150500000,1.7073,1.7073,1.7073,1.7073,10.0
SOL-USD-PERP.HYPERLIQUID,1771150500000,89.293,89.293,89.288,89.288,7.16
STRK-USD-PERP.HYPERLIQUID,1771150500000,0.05051,0.05051,0.05051,0.05051,299.2
VVV-USD-PERP.HYPERLIQUID,1771150500000,3.8826,3.894,3.8826,3.8894,284.55
XRP-USD-PERP.HYPERLIQUID,1771150500000,1.5827,1.5832,1.5827,1.5832,1182.0
ZEC-USD-PERP.HYPERLIQUID,1771150500000,308.53,308.53,308.36,308.36,1.86
XRP-USD-PERP.HYPERLIQUID,1771150500000,1.5827,1.5832,1.5825,1.5825,1303.0
ETH-USD-PERP.HYPERLIQUID,1771150500000,2056.7,2056.7,2056.4,2056.4,4.1361
PYTH-USD-PERP.HYPERLIQUID,1771150500000,0.056559,0.056559,0.056559,0.056559,193.0
BNB-USD-PERP.HYPERLIQUID,1771150500000,627.04,627.04,627.04,627.04,0.48
ETH-USD-PERP.HYPERLIQUID,1771150500000,2056.7,2056.7,2056.3,2056.3,4.4064
ETH-USD-PERP.HYPERLIQUID,1771150500000,2056.7,2056.7,2056.3,2056.4,4.4167
GOAT-USD-PERP.HYPERLIQUID,1771150500000,0.024726,0.024726,0.024726,0.024726,613.0
ICP-USD-PERP.HYPERLIQUID,1771150500000,2.4936,2.4936,2.4936,2.4936,12.8
LINK-USD-PERP.HYPERLIQUID,1771150500000,9.0554,9.0554,9.0554,9.0554,4.2
PUMP-USD-PERP.HYPERLIQUID,1771150500000,0.002285,0.002285,0.002285,0.002285,10471.0
PYTH-USD-PERP.HYPERLIQUID,1771150500000,0.056559,0.05656,0.056559,0.05656,1521.0
kPEPE-USD-PERP.HYPERLIQUID,1771150500000,0.004666,0.00467,0.004666,0.00467,195245.0
DOGE-USD-PERP.HYPERLIQUID,1771150500000,0.11331,0.11331,0.11331,0.11331,671.0
PUMP-USD-PERP.HYPERLIQUID,1771150500000,0.002285,0.002285,0.002285,0.002285,35617.0
kLUNC-USD-PERP.HYPERLIQUID,1771150500000,0.035829,0.035829,0.035829,0.035829,21453.0
0G-USD-PERP.HYPERLIQUID,1771150500000,0.68484,0.68484,0.68484,0.68484,500.0
ACE-USD-PERP.HYPERLIQUID,1771150500000,0.1802,0.1802,0.1802,0.1802,8000.0
FOGO-USD-PERP.HYPERLIQUID,1771150500000,0.022801,0.022801,0.022801,0.022801,1350.0
HEMI-USD-PERP.HYPERLIQUID,1771150500000,0.010417,0.010417,0.010417,0.010417,1818.0
PUMP-USD-PERP.HYPERLIQUID,1771150500000,0.002285,0.002285,0.002283,0.002283,210748.0
XRP-USD-PERP.HYPERLIQUID,1771150500000,1.5827,1.5834,1.5825,1.5834,1311.0
YGG-USD-PERP.HYPERLIQUID,1771150500000,0.042224,0.042224,0.042224,0.042224,394.0
ASTER-USD-PERP.HYPERLIQUID,1771150500000,0.72974,0.72974,0.72974,0.72974,40.0
ATOM-USD-PERP.HYPERLIQUID,1771150500000,2.1598,2.1602,2.1598,2.1602,148.11
DOGE-USD-PERP.HYPERLIQUID,1771150500000,0.11331,0.11331,0.1133,0.1133,3496.0
ETH-USD-PERP.HYPERLIQUID,1771150500000,2056.7,2056.7,2056.2,2056.2,5.1912
GMT-USD-PERP.HYPERLIQUID,1771150500000,0.012892,0.012892,0.012892,0.012892,1794.0
HYPE-USD-PERP.HYPERLIQUID,1771150500000,31.099,31.105,31.098,31.105,18.39
PENGU-USD-PERP.HYPERLIQUID,1771150500000,0.007511,0.007511,0.007511,0.007511,7253.0
SOL-USD-PERP.HYPERLIQUID,1771150500000,89.293,89.293,89.288,89.292,19.48
ZEC-USD-PERP.HYPERLIQUID,1771150500000,308.53,308.53,308.36,308.36,1.94
ZORA-USD-PERP.HYPERLIQUID,1771150500000,0.021704,0.021704,0.021704,0.021704,1773.0
ACE-USD-PERP.HYPERLIQUID,1771150500000,0.1802,0.1805,0.1802,0.1805,16001.53
AZTEC-USD-PERP.HYPERLIQUID,1771150500000,0.023861,0.023861,0.023861,0.023861,20000.0
BTC-USD-PERP.HYPERLIQUID,1771150500000,70268.0,70269.0,70262.0,70262.0,0.04918
ETH-USD-PERP.HYPERLIQUID,1771150500000,2056.7,2056.7,2056.2,2056.2,5.1972
HEMI-USD-PERP.HYPERLIQUID,1771150500000,0.010417,0.010417,0.010417,0.010417,3713.0
PYTH-USD-PERP.HYPERLIQUID,1771150500000,0.056559,0.05656,0.056559,0.05656,4615.0
SOL-USD-PERP.HYPERLIQUID,1771150500000,89.293,89.293,89.288,89.292,19.7
STABLE-USD-PERP.HYPERLIQUID,1771150500000,0.023952,0.023953,0.023952,0.023953,21729.0
ZEC-USD-PERP.HYPERLIQUID,1771150500000,308.53,308.53,308.3,308.3,3.91
BNB-USD-PERP.HYPERLIQUID,1771150500000,627.04,627.18,627.04,627.18,0.586
ETH-USD-PERP.HYPERLIQUID,1771150500000,2056.7,2056.7,2056.2,2056.2,5.2759
STABLE-USD-PERP.HYPERLIQUID,1771150500000,0.023952,0.023963,0.023952,0.023963,30479.0
BNB-USD-PERP.HYPERLIQUID,1771150500000,627.04,627.18,627.04,627.04,0.862
BTC-USD-PERP.HYPERLIQUID,1771150500000,70268.0,70269.0,70261.0,70261.0,0.16303
LIT-USD-PERP.HYPERLIQUID,1771150500000,1.7073,1.7073,1.7064,1.7064,612.0
PUMP-USD-PERP.HYPERLIQUID,1771150500000,0.002285,0.002285,0.002283,0.002285,1010748.0
RESOLV-USD-PERP.HYPERLIQUID,1771150500000,0.06199,0.06199,0.06199,0.06199,476.0
UNI-USD-PERP.HYPERLIQUID,1771150500000,3.5728,3.5728,3.5728,3.5728,2.8
LINK-USD-PERP.HYPERLIQUID,1771150500000,9.0554,9.056,9.0554,9.056,8.3
VVV-USD-PERP.HYPERLIQUID,1771150500000,3.8826,3.894,3.8826,3.8935,541.39
XPL-USD-PERP.HYPERLIQUID,1771150500000,0.10111,0.10113,0.10111,0.10113,409.0
kFLOKI-USD-PERP.HYPERLIQUID,1771150500000,0.033543,0.033543,0.033543,0.033543,556.0
BTC-USD-PERP.HYPERLIQUID,1771150500000,70268.0,70269.0,70261.0,70265.0,0.17303
POPCAT-USD-PERP.HYPERLIQUID,1771150500000,0.055784,0.055784,0.055784,0.055784,5000.0
RENDER-USD-PERP.HYPERLIQUID,1771150500000,1.472,1.472,1.472,1.472,29.9
WIF-USD-PERP.HYPERLIQUID,1771150500000,0.24144,0.24144,0.24141,0.24141,152.0
ETH-USD-PERP.HYPERLIQUID,1771150500000,2056.7,2056.7,2056.2,2056.3,5.5274
FET-USD-PERP.HYPERLIQUID,1771150500000,0.17756,0.17756,0.17756,0.17756,88.0
HYPE-USD-PERP.HYPERLIQUID,1771150500000,31.099,31.113,31.098,31.112,19.15
LIT-USD-PERP.HYPERLIQUID,1771150500000,1.7073,1.7073,1.7024,1.7024,36773.0
NEAR-USD-PERP.HYPERLIQUID,1771150500000,1.0746,1.0746,1.0746,1.0746,10.3
PENDLE-USD-PERP.HYPERLIQUID,1771150500000,1.286,1.286,1.286,1.286,23.0
PYTH-USD-PERP.HYPERLIQUID,1771150500000,0.056559,0.05656,0.056558,0.056558,9037.0
kPEPE-USD-PERP.HYPERLIQUID,1771150500000,0.004666,0.004673,0.004666,0.004673,277047.0
EIGEN-USD-PERP.HYPERLIQUID,1771150500000,0.2135,0.2135,0.2135,0.2135,70.67
FARTCOIN-USD-PERP.HYPERLIQUID,1771150500000,0.21,0.21,0.21,0.21,2000.0
SOL-USD-PERP.HYPERLIQUID,1771150500000,89.293,89.298,89.288,89.298,19.9
ZEC-USD-PERP.HYPERLIQUID,1771150500000,308.53,308.53,308.3,308.35,3.96
AZTEC-USD-PERP.HYPERLIQUID,1771150500000,0.023861,0.023916,0.023861,0.023916,152184.0
BTC-USD-PERP.HYPERLIQUID,1771150500000,70268.0,70269.0,70261.0,70265.0,0.17403
ICP-USD-PERP.HYPERLIQUID,1771150500000,2.4936,2.4952,2.4936,2.4952,29.5
JTO-USD-PERP.HYPERLIQUID,1771150500000,0.27924,0.27924,0.27924,0.27924,104.0
VVV-USD-PERP.HYPERLIQUID,1771150500000,3.8826,3.894,3.8826,3.8938,1052.55
WCT-USD-PERP.HYPERLIQUID,1771150500000,0.064951,0.064951,0.064951,0.064951,2140.0
BTC-USD-PERP.HYPERLIQUID,1771150500000,70268.0,70269.0,70261.0,70264.0,0.17462
HYPE-USD-PERP.HYPERLIQUID,1771150500000,31.099,31.113,31.098,31.107,75.83
JUP-USD-PERP.HYPERLIQUID,1771150500000,0.16593,0.16593,0.16593,0.16593,86.0
kPEPE-USD-PERP.HYPERLIQUID,1771150500000,0.004666,0.004674,0.004666,0.004674,280446.0
AERO-USD-PERP.HYPERLIQUID,1771150500000,0.32836,0.32836,0.32836,0.32836,334.0
APEX-USD-PERP.HYPERLIQUID,1771150500000,0.36351,0.36351,0.36351,0.36351,518.0
CC-USD-PERP.HYPERLIQUID,1771150500000,0.16003,0.16003,0.16003,0.16003,110.0
GOAT-USD-PERP.HYPERLIQUID,1771150500000,0.024726,0.024726,0.024726,0.024726,1935.0
SOL-USD-PERP.HYPERLIQUID,1771150500000,89.293,89.298,89.288,89.298,20.4
BTC-USD-PERP.HYPERLIQUID,1771150500000,70268.0,70269.0,70261.0,70264.0,0.1779
TAO-USD-PERP.HYPERLIQUID,1771150500000,188.22,188.22,188.22,188.22,0.082
VVV-USD-PERP.HYPERLIQUID,1771150500000,3.8826,3.9,3.8826,3.9,1055.38
ARK-USD-PERP.HYPERLIQUID,1771150500000,0.20081,0.20081,0.20081,0.20081,83.0
GAS-USD-PERP.HYPERLIQUID,1771150500000,1.697,1.697,1.697,1.697,25.7
PYTH-USD-PERP.HYPERLIQUID,1771150500000,0.056559,0.05656,0.056557,0.056557,13459.0
POL-USD-PERP.HYPERLIQUID,1771150500000,0.1091,0.1091,0.1091,0.1091,1150.0
SYRUP-USD-PERP.HYPERLIQUID,1771150500000,0.27477,0.27477,0.27477,0.27477,134.0
ADA-USD-PERP.HYPERLIQUID,1771150500000,0.29283,0.29283,0.29276,0.29276,14879.0
HYPE-USD-PERP.HYPERLIQUID,1771150500000,31.099,31.113,31.098,31.109,78.27
PAXG-USD-PERP.HYPERLIQUID,1771150500000,5036.1,5036.1,5036.1,5036.1,0.701
PYTH-USD-PERP.HYPERLIQUID,1771150500000,0.056559,0.05656,0.056555,0.056555,16517.0
WIF-USD-PERP.HYPERLIQUID,1771150500000,0.24144,0.24144,0.24141,0.24141,223.0
BTC-USD-PERP.HYPERLIQUID,1771150500000,70268.0,70269.0,70261.0,70267.0,0.1819
ETH-USD-PERP.HYPERLIQUID,1771150500000,2056.7,2056.7,2055.7,2055.7,331.3803
MNT-USD-PERP.HYPERLIQUID,1771150500000,0.67068,0.67104,0.67063,0.67104,1366.9
MON-USD-PERP.HYPERLIQUID,1771150500000,0.02361,0.023622,0.02361,0.023622,10349.0
SOL-USD-PERP.HYPERLIQUID,1771150500000,89.293,89.298,89.288,89.298,20.92
HEMI-USD-PERP.HYPERLIQUID,1771150500000,0.010417,0.010417,0.010417,0.010417,5344.0
PUMP-USD-PERP.HYPERLIQUID,1771150500000,0.002285,0.002287,0.002283,0.002286,1144119.0
kNEIRO-USD-PERP.HYPERLIQUID,1771150500000,0.07983,0.07983,0.07983,0.07983,225.9
AVAX-USD-PERP.HYPERLIQUID,1771150500000,9.5422,9.5422,9.5422,9.5422,7.2
DYM-USD-PERP.HYPERLIQUID,1771150500000,0.04629,0.04629,0.04629,0.04629,780.2
ETH-USD-PERP.HYPERLIQUID,1771150500000,2056.7,2056.7,2055.7,2056.1,331.4582
MAVIA-USD-PERP.HYPERLIQUID,1771150500000,0.0396,0.0396,0.0396,0.0396,0.5
MON-USD-PERP.HYPERLIQUID,1771150500000,0.02361,0.023624,0.02361,0.023624,12581.0
SOL-USD-PERP.HYPERLIQUID,1771150500000,89.293,89.3,89.288,89.3,22.83
TAO-USD-PERP.HYPERLIQUID,1771150500000,188.22,188.27,188.22,188.27,0.941
ZRO-USD-PERP.HYPERLIQUID,1771150500000,1.8746,1.8746,1.8746,1.8746,33.8
APT-USD-PERP.HYPERLIQUID,1771150500000,0.9642,0.9642,0.9642,0.9642,23.67
AR-USD-PERP.HYPERLIQUID,1771150500000,2.0549,2.0549,2.0549,2.0549,7.86
BTC-USD-PERP.HYPERLIQUID,1771150500000,70268.0,70269.0,70261.0,70267.0,0.18325
ETH-USD-PERP.HYPERLIQUID,1771150500000,2056.7,2056.7,2055.7,2056.3,331.4635
FARTCOIN-USD-PERP.HYPERLIQUID,1771150500000,0.21,0.21002,0.21,0.21002,2082.6
ZEC-USD-PERP.HYPERLIQUID,1771150500000,308.53,308.53,308.3,308.43,4.81
BTC-USD-PERP.HYPERLIQUID,1771150500000,70268.0,70269.0,70261.0,70268.0,0.18505
FARTCOIN-USD-PERP.HYPERLIQUID,1771150500000,0.21,0.21002,0.21,0.21002,3905.5
INJ-USD-PERP.HYPERLIQUID,1771150500000,3.2226,3.2226,3.2226,3.2226,9.2
MON-USD-PERP.HYPERLIQUID,1771150500000,0.02361,0.023624,0.02361,0.023624,103079.0
PYTH-USD-PERP.HYPERLIQUID,1771150500000,0.056559,0.05656,0.056555,0.05656,20939.0
ZORA-USD-PERP.HYPERLIQUID,1771150500000,0.021704,0.021704,0.021704,0.021704,2677.0
kPEPE-USD-PERP.HYPERLIQUID,1771150500000,0.004666,0.004676,0.004666,0.004676,288942.0
AVAX-USD-PERP.HYPERLIQUID,1771150500000,9.5422,9.5444,9.5422,9.5444,10.2
PAXG-USD-PERP.HYPERLIQUID,1771150500000,5036.1,5036.1,5035.6,5035.6,0.703
XRP-USD-PERP.HYPERLIQUID,1771150500000,1.5827,1.5839,1.5825,1.5839,1318.0
BTC-USD-PERP.HYPERLIQUID,1771150500000,70268.0,70269.0,70261.0,70269.0,0.18618
ETH-USD-PERP.HYPERLIQUID,1771150500000,2056.7,2056.7,2055.7,2056.3,331.4691
FOGO-USD-PERP.HYPERLIQUID,1771150500000,0.022801,0.022834,0.022801,0.022834,2654.0
MERL-USD-PERP.HYPERLIQUID,1771150500000,0.064181,0.064181,0.064167,0.064167,10848.0
BTC-USD-PERP.HYPERLIQUID,1771150500000,70268.0,70269.0,70261.0,70269.0,0.19405
ETH-USD-PERP.HYPERLIQUID,1771150500000,2056.7,2056.7,2055.7,2056.2,331.4754
FARTCOIN-USD-PERP.HYPERLIQUID,1771150500000,0.21,0.21002,0.20991,0.20991,4781.5
SOL-USD-PERP.HYPERLIQUID,1771150500000,89.293,89.306,89.288,89.306,23.05
ZRO-USD-PERP.HYPERLIQUID,1771150500000,1.8746,1.8746,1.8746,1.8746,39.6
BTC-USD-PERP.HYPERLIQUID,1771150500000,70268.0,70269.0,70261.0,70269.0,0.19505
HYPE-USD-PERP.HYPERLIQUID,1771150500000,31.099,31.113,31.098,31.113,78.64
POPCAT-USD-PERP.HYPERLIQUID,1771150500000,0.055784,0.055811,0.055784,0.055811,9481.0
ETH-USD-PERP.HYPERLIQUID,1771150500000,2056.7,2056.7,2055.7,2056.2,331.4812
IP-USD-PERP.HYPERLIQUID,1771150500000,1.1663,1.1663,1.1663,1.1663,16.4
MON-USD-PERP.HYPERLIQUID,1771150500000,0.02361,0.02363,0.02361,0.02363,112476.0
ZK-USD-PERP.HYPERLIQUID,1771150500000,0.022341,0.022341,0.022341,0.022341,1886.0
HYPE-USD-PERP.HYPERLIQUID,1771150500000,31.099,31.113,31.098,31.109,79.01
XMR-USD-PERP.HYPERLIQUID,1771150500000,349.52,349.52,349.52,349.52,1.006
ZEC-USD-PERP.HYPERLIQUID,1771150500000,308.53,308.53,308.3,308.42,4.98
ETH-USD-PERP.HYPERLIQUID,1771150500000,2056.7,2056.7,2055.7,2056.2,666.0235
TRUMP-USD-PERP.HYPERLIQUID,1771150500000,3.5015,3.5015,3.5015,3.5015,7.9
ZEC-USD-PERP.HYPERLIQUID,1771150500000,308.53,308.53,308.3,308.42,5.06
BTC-USD-PERP.HYPERLIQUID,1771150500000,70268.0,70269.0,70261.0,70269.0,0.21089
FARTCOIN-USD-PERP.HYPERLIQUID,1771150500000,0.21,0.21004,0.20991,0.21004,4892.3
HYPE-USD-PERP.HYPERLIQUID,1771150500000,31.099,31.115,31.098,31.115,80.04
LINEA-USD-PERP.HYPERLIQUID,1771150500000,0.003842,0.003842,0.003842,0.003842,7614.0
ZEC-USD-PERP.HYPERLIQUID,1771150500000,308.53,308.53,308.3,308.42,5.2
BNB-USD-PERP.HYPERLIQUID,1771150500000,627.04,627.18,627.04,627.18,2.862
BTC-USD-PERP.HYPERLIQUID,1771150500000,70268.0,70272.0,70261.0,70271.0,0.24889
DOGE-USD-PERP.HYPERLIQUID,1771150500000,0.11331,0.11331,0.11327,0.11327,75907.0
ETH-USD-PERP.HYPERLIQUID,1771150500000,2056.7,2056.7,2055.7,2056.4,666.1207
PAXG-USD-PERP.HYPERLIQUID,1771150500000,5036.1,5036.1,5035.5,5035.5,1.687
AVAX-USD-PERP.HYPERLIQUID,1771150500000,9.5422,9.5457,9.5422,9.5457,13.2
BTC-USD-PERP.HYPERLIQUID,1771150500000,70268.0,70277.0,70261.0,70277.0,0.28064
ETH-USD-PERP.HYPERLIQUID,1771150500000,2056.7,2056.9,2055.7,2056.9,666.2699
HYPE-USD-PERP.HYPERLIQUID,1771150500000,31.099,31.12,31.098,31.12,130.87
PENGU-USD-PERP.HYPERLIQUID,1771150500000,0.007511,0.007517,0.007511,0.007517,9910.0
SOL-USD-PERP.HYPERLIQUID,1771150500000,89.293,89.311,89.288,89.311,53.27
WLD-USD-PERP.HYPERLIQUID,1771150500000,0.42077,0.42077,0.42077,0.42077,445.2
XRP-USD-PERP.HYPERLIQUID,1771150500000,1.5827,1.584,1.5825,1.584,1325.0
APEX-USD-PERP.HYPERLIQUID,1771150500000,0.36351,0.36377,0.36351,0.36377,568.0
BTC-USD-PERP.HYPERLIQUID,1771150500000,70268.0,70279.0,70261.0,70279.0,0.28177
JUP-USD-PERP.HYPERLIQUID,1771150500000,0.16593,0.16604,0.16593,0.16604,944.0
MOVE-USD-PERP.HYPERLIQUID,1771150500000,0.025088,0.025088,0.025088,0.025088,638.0
ORDI-USD-PERP.HYPERLIQUID,1771150500000,2.8901,2.8901,2.8901,2.8901,6.34
PEOPLE-USD-PERP.HYPERLIQUID,1771150500000,0.007233,0.007233,0.007233,0.007233,2516.0
BTC-USD-PERP.HYPERLIQUID,1771150500000,70268.0,70281.0,70261.0,70281.0,0.29045
ETH-USD-PERP.HYPERLIQUID,1771150500000,2056.7,2057.0,2055.7,2057.0,666.2748
LIT-USD-PERP.HYPERLIQUID,1771150500000,1.7073,1.7073,1.7024,1.7052,36780.0
NEO-USD-PERP.HYPERLIQUID,1771150500000,2.9011,2.9011,2.9011,2.9011,5.49
XPL-USD-PERP.HYPERLIQUID,1771150500000,0.10111,0.10118,0.10111,0.10118,1892.0
APEX-USD-PERP.HYPERLIQUID,1771150500000,0.36351,0.36417,0.36351,0.36417,2324.0
BCH-USD-PERP.HYPERLIQUID,1771150500000,560.72,560.72,560.72,560.72,5.565
ZEC-USD-PERP.HYPERLIQUID,1771150500000,308.53,308.63,308.3,308.63,5.24
HYPE-USD-PERP.HYPERLIQUID,1771150500000,31.099,31.12,31.098,31.12,133.37
SOL-USD-PERP.HYPERLIQUID,1771150500000,89.293,89.332,89.288,89.332,58.26
ZEC-USD-PERP.HYPERLIQUID,1771150500000,308.53,308.63,308.3,308.62,5.33
BTC-USD-PERP.HYPERLIQUID,1771150500000,70268.0,70281.0,70261.0,70281.0,0.29317
FARTCOIN-USD-PERP.HYPERLIQUID,1771150500000,0.21,0.21004,0.20991,0.21004,5649.8
LINK-USD-PERP.HYPERLIQUID,1771150500000,9.0554,9.0602,9.0554,9.0602,17.0
SOL-USD-PERP.HYPERLIQUID,1771150500000,89.293,89.337,89.288,89.337,63.34
TAO-USD-PERP.HYPERLIQUID,1771150500000,188.22,188.28,188.22,188.28,2.947
ZEC-USD-PERP.HYPERLIQUID,1771150500000,308.53,308.72,308.3,308.72,6.98
BLAST-USD-PERP.HYPERLIQUID,1771150500000,0.000636,0.000636,0.000636,0.000636,946372.0
BTC-USD-PERP.HYPERLIQUID,1771150500000,70268.0,70291.0,70261.0,70291.0,0.30255
ICP-USD-PERP.HYPERLIQUID,1771150500000,2.4936,2.4952,2.4936,2.4952,41.5
TAO-USD-PERP.HYPERLIQUID,1771150500000,188.22,188.29,188.22,188.29,3.58
ZEC-USD-PERP.HYPERLIQUID,1771150500000,308.53,308.72,308.3,308.7,7.18
BTC-USD-PERP.HYPERLIQUID,1771150500000,70268.0,70291.0,70261.0,70291.0,0.30271
HYPE-USD-PERP.HYPERLIQUID,1771150500000,31.099,31.123,31.098,31.123,134.3
SOL-USD-PERP.HYPERLIQUID,1771150500000,89.293,89.34,89.288,89.34,63.47
kPEPE-USD-PERP.HYPERLIQUID,1771150500000,0.004666,0.004676,0.004666,0.004676,291586.0
DOGE-USD-PERP.HYPERLIQUID,1771150500000,0.11331,0.11331,0.11327,0.1133,137840.0
ZEC-USD-PERP.HYPERLIQUID,1771150500000,308.53,308.72,308.3,308.64,7.22
AAVE-USD-PERP.HYPERLIQUID,1771150500000,128.97,128.97,128.97,128.97,0.4
BTC-USD-PERP.HYPERLIQUID,1771150500000,70268.0,70294.0,70261.0,70294.0,0.30516
ETH-USD-PERP.HYPERLIQUID,1771150500000,2056.7,2057.2,2055.7,2057.2,666.2821
FARTCOIN-USD-PERP.HYPERLIQUID,1771150500000,0.21,0.21004,0.20991,0.21004,8027.9
LAYER-USD-PERP.HYPERLIQUID,1771150500000,0.092725,0.092725,0.092725,0.092725,314.0
ETH-USD-PERP.HYPERLIQUID,1771150500000,2056.7,2057.3,2055.7,2057.3,666.2891
MON-USD-PERP.HYPERLIQUID,1771150500000,0.02361,0.023639,0.02361,0.023639,121870.0
TAO-USD-PERP.HYPERLIQUID,1771150500000,188.22,188.3,188.22,188.3,4.245
kPEPE-USD-PERP.HYPERLIQUID,1771150500000,0.004666,0.004677,0.004666,0.004677,336168.0
BTC-USD-PERP.HYPERLIQUID,1771150500000,70268.0,70294.0,70261.0,70293.0,0.30533
DOGE-USD-PERP.HYPERLIQUID,1771150500000,0.11331,0.11331,0.11327,0.11331,137973.0
FARTCOIN-USD-PERP.HYPERLIQUID,1771150500000,0.21,0.21004,0.20991,0.21004,10356.2
FARTCOIN-USD-PERP.HYPERLIQUID,1771150500000,0.21,0.21004,0.20991,0.21004,10858.0
ICP-USD-PERP.HYPERLIQUID,1771150500000,2.4936,2.4952,2.4936,2.4952,47.0
WCT-USD-PERP.HYPERLIQUID,1771150500000,0.064951,0.064951,0.064917,0.064917,2586.0
XRP-USD-PERP.HYPERLIQUID,1771150500000,1.5827,1.5859,1.5825,1.5859,5020.0
ACE-USD-PERP.HYPERLIQUID,1771150500000,0.1802,0.1813,0.1802,0.1813,16001.7
ETH-USD-PERP.HYPERLIQUID,1771150500000,2056.7,2057.5,2055.7,2057.5,666.3013
FARTCOIN-USD-PERP.HYPERLIQUID,1771150500000,0.21,0.21011,0.20991,0.21011,10977.0
HYPE-USD-PERP.HYPERLIQUID,1771150500000,31.099,31.123,31.098,31.122,142.3
PYTH-USD-PERP.HYPERLIQUID,1771150500000,0.056559,0.056569,0.056555,0.056569,25360.0
TAO-USD-PERP.HYPERLIQUID,1771150500000,188.22,188.34,188.22,188.34,4.677
XRP-USD-PERP.HYPERLIQUID,1771150500000,1.5827,1.5863,1.5825,1.5863,35966.0
ZEC-USD-PERP.HYPERLIQUID,1771150500000,308.53,308.72,308.3,308.61,8.84
CAKE-USD-PERP.HYPERLIQUID,1771150500000,1.343,1.343,1.343,1.343,22.0
LINK-USD-PERP.HYPERLIQUID,1771150500000,9.0554,9.0602,9.0554,9.0588,98.2
POL-USD-PERP.HYPERLIQUID,1771150500000,0.1091,0.10911,0.1091,0.10911,2150.0
XRP-USD-PERP.HYPERLIQUID,1771150500000,1.5827,1.5863,1.5825,1.5858,36470.0
ZEC-USD-PERP.HYPERLIQUID,1771150500000,308.53,308.72,308.3,308.68,15.57
kPEPE-USD-PERP.HYPERLIQUID,1771150500000,0.004666,0.004677,0.004666,0.004676,406765.0
ARK-USD-PERP.HYPERLIQUID,1771150500000,0.20081,0.20081,0.20081,0.20081,166.0
IMX-USD-PERP.HYPERLIQUID,1771150500000,0.17304,0.17304,0.17296,0.17296,401.8
MELANIA-USD-PERP.HYPERLIQUID,1771150500000,0.12403,0.12403,0.12403,0.12403,200.6
MERL-USD-PERP.HYPERLIQUID,1771150500000,0.064181,0.064371,0.064167,0.064371,13699.0
SOL-USD-PERP.HYPERLIQUID,1771150500000,89.293,89.34,89.288,89.313,63.69
SUI-USD-PERP.HYPERLIQUID,1771150500000,1.0128,1.0128,1.0128,1.0128,17.6
XRP-USD-PERP.HYPERLIQUID,1771150500000,1.5827,1.5863,1.5825,1.5858,36559.0
BLAST-USD-PERP.HYPERLIQUID,1771150500000,0.000636,0.000636,0.000636,0.000636,1146372.0
BTC-USD-PERP.HYPERLIQUID,1771150500000,70268.0,70296.0,70261.0,70296.0,0.30608
NEAR-USD-PERP.HYPERLIQUID,1771150500000,1.0746,1.0749,1.0746,1.0749,263.6
TRUMP-USD-PERP.HYPERLIQUID,1771150500000,3.5015,3.5027,3.5015,3.5027,13.1
XRP-USD-PERP.HYPERLIQUID,1771150500000,1.5827,1.5863,1.5825,1.5856,36577.0
AIXBT-USD-PERP.HYPERLIQUID,1771150500000,0.021958,0.021958,0.021958,0.021958,808.0
BIGTIME-USD-PERP.HYPERLIQUID,1771150500000,0.015979,0.015979,0.015979,0.015979,1173.0
MOODENG-USD-PERP.HYPERLIQUID,1771150500000,0.059288,0.059288,0.059288,0.059288,2246.0
0G-USD-PERP.HYPERLIQUID,1771150500000,0.68484,0.68628,0.68484,0.68628,1957.0
BTC-USD-PERP.HYPERLIQUID,1771150500000,70268.0,70296.0,70261.0,70296.0,0.39947
KAS-USD-PERP.HYPERLIQUID,1771150500000,0.033128,0.033128,0.033128,0.033128,469.0
LIT-USD-PERP.HYPERLIQUID,1771150500000,1.7073,1.7073,1.7011,1.7011,69325.0
SOL-USD-PERP.HYPERLIQUID,1771150500000,89.293,89.34,89.288,89.313,63.82
UNI-USD-PERP.HYPERLIQUID,1771150500000,3.5728,3.5739,3.5728,3.5739,3.2
BTC-USD-PERP.HYPERLIQUID,1771150500000,70268.0,70297.0,70261.0,70297.0,0.39962
S-USD-PERP.HYPERLIQUID,1771150500000,0.049666,0.049666,0.049666,0.049666,2112.0
SOL-USD-PERP.HYPERLIQUID,1771150500000,89.293,89.34,89.288,89.309,469.84
BERA-USD-PERP.HYPERLIQUID,1771150500000,0.66311,0.66311,0.66251,0.66251,2312.4
BTC-USD-PERP.HYPERLIQUID,1771150500000,70268.0,70297.0,70261.0,70297.0,0.45434
HYPE-USD-PERP.HYPERLIQUID,1771150500000,31.099,31.123,31.098,31.123,142.67
HYPER-USD-PERP.HYPERLIQUID,1771150500000,0.10528,0.10528,0.10528,0.10528,342.0
MNT-USD-PERP.HYPERLIQUID,1771150500000,0.67068,0.67104,0.67063,0.67064,2699.3
SOL-USD-PERP.HYPERLIQUID,1771150500000,89.293,89.34,89.288,89.306,470.95
ZEC-USD-PERP.HYPERLIQUID,1771150500000,308.53,308.72,308.3,308.59,15.61
VIRTUAL-USD-PERP.HYPERLIQUID,1771150500000,0.66996,0.66996,0.66996,0.66996,49.9
BTC-USD-PERP.HYPERLIQUID,1771150500000,70268.0,70297.0,70261.0,70296.0,0.47096
ENA-USD-PERP.HYPERLIQUID,1771150500000,0.12654,0.12659,0.12654,0.12659,791.0
ETH-USD-PERP.HYPERLIQUID,1771150500000,2056.7,2057.5,2055.7,2057.4,766.3013
FET-USD-PERP.HYPERLIQUID,1771150500000,0.17756,0.17756,0.17749,0.17749,446.0
KAITO-USD-PERP.HYPERLIQUID,1771150500000,0.32531,0.32531,0.32531,0.32531,52.0
VVV-USD-PERP.HYPERLIQUID,1771150500000,3.8826,3.9,3.8799,3.8799,1058.09
XRP-USD-PERP.HYPERLIQUID,1771150500000,1.5827,1.5863,1.5825,1.5854,36596.0
ARK-USD-PERP.HYPERLIQUID,1771150500000,0.20081,0.20081,0.2008,0.2008,2652.0
BTC-USD-PERP.HYPERLIQUID,1771150500000,70268.0,70297.0,70261.0,70297.0,0.50962
DOT-USD-PERP.HYPERLIQUID,1771150500000,1.4037,1.4037,1.4037,1.4037,13.5
HBAR-USD-PERP.HYPERLIQUID,1771150500000,0.10277,0.10277,0.10276,0.10276,555.0
ZEC-USD-PERP.HYPERLIQUID,1771150500000,308.53,308.72,308.3,308.63,17.16
SKY-USD-PERP.HYPERLIQUID,1771150500000,0.067292,0.067292,0.067292,0.067292,426.0
ETH-USD-PERP.HYPERLIQUID,1771150500000,2056.7,2057.5,2055.7,2057.4,766.3166
HYPE-USD-PERP.HYPERLIQUID,1771150500000,31.099,31.123,31.098,31.123,143.04
OP-USD-PERP.HYPERLIQUID,1771150500000,0.19383,0.19383,0.19383,0.19383,64.5
PUMP-USD-PERP.HYPERLIQUID,1771150500000,0.002285,0.002287,0.002283,0.002285,1148581.0
SOL-USD-PERP.HYPERLIQUID,1771150500000,89.293,89.34,89.288,89.306,472.59
DOT-USD-PERP.HYPERLIQUID,1771150500000,1.4037,1.4037,1.403,1.403,63.5
ENS-USD-PERP.HYPERLIQUID,1771150500000,6.8652,6.8652,6.8652,6.8652,8.5
BTC-USD-PERP.HYPERLIQUID,1771150500000,70268.0,70297.0,70261.0,70296.0,0.50979
ANIME-USD-PERP.HYPERLIQUID,1771150500000,0.005797,0.005797,0.005797,0.005797,3058.0
BTC-USD-PERP.HYPERLIQUID,1771150500000,70268.0,70297.0,70261.0,70297.0,0.51807
AAVE-USD-PERP.HYPERLIQUID,1771150500000,128.97,129.0,128.97,129.0,1.6
ARB-USD-PERP.HYPERLIQUID,1771150500000,0.11811,0.11811,0.11811,0.11811,540.4
BCH-USD-PERP.HYPERLIQUID,1771150500000,560.72,560.8,560.72,560.8,5.62
BTC-USD-PERP.HYPERLIQUID,1771150500000,70268.0,70297.0,70261.0,70297.0,0.52219
ETH-USD-PERP.HYPERLIQUID,1771150500000,2056.7,2057.9,2055.7,2057.9,769.2316
IMX-USD-PERP.HYPERLIQUID,1771150500000,0.17304,0.17304,0.17296,0.17296,573.8
LIT-USD-PERP.HYPERLIQUID,1771150500000,1.7073,1.7073,1.7011,1.7029,69336.0
PUMP-USD-PERP.HYPERLIQUID,1771150500000,0.002285,0.002287,0.002283,0.002287,1153043.0
SOL-USD-PERP.HYPERLIQUID,1771150500000,89.293,89.34,89.288,89.311,565.57
TAO-USD-PERP.HYPERLIQUID,1771150500000,188.22,188.4,188.22,188.4,4.736
ZEC-USD-PERP.HYPERLIQUID,1771150500000,308.53,308.72,308.3,308.67,17.32
BTC-USD-PERP.HYPERLIQUID,1771150500000,70268.0,70297.0,70261.0,70297.0,0.52319
MORPHO-USD-PERP.HYPERLIQUID,1771150500000,1.4097,1.4104,1.4097,1.4104,665.2
SKY-USD-PERP.HYPERLIQUID,1771150500000,0.067292,0.067335,0.067292,0.067335,1560.0
kBONK-USD-PERP.HYPERLIQUID,1771150500000,0.00684,0.00685,0.00684,0.00685,16500.0
AAVE-USD-PERP.HYPERLIQUID,1771150500000,128.97,129.04,128.97,129.04,2.4
BTC-USD-PERP.HYPERLIQUID,1771150500000,70268.0,70299.0,70261.0,70299.0,0.52819
ETH-USD-PERP.HYPERLIQUID,1771150500000,2056.7,2058.0,2055.7,2058.0,769.2401
NEAR-USD-PERP.HYPERLIQUID,1771150500000,1.0746,1.0754,1.0746,1.0754,284.2
SOL-USD-PERP.HYPERLIQUID,1771150500000,89.293,89.34,89.288,89.32,565.91
STRK-USD-PERP.HYPERLIQUID,1771150500000,0.05051,0.05054,0.05051,0.05054,1295.2
WLFI-USD-PERP.HYPERLIQUID,1771150500000,0.1061,0.1062,0.10608,0.1062,25806.0
XRP-USD-PERP.HYPERLIQUID,1771150500000,1.5827,1.5863,1.5825,1.5859,36817.0
BTC-USD-PERP.HYPERLIQUID,1771150500000,70268.0,70299.0,70261.0,70298.0,0.53836
ONDO-USD-PERP.HYPERLIQUID,1771150500000,0.28587,0.28587,0.28587,0.28587,59.0
UMA-USD-PERP.HYPERLIQUID,1771150500000,0.51664,0.51664,0.51664,0.51664,37.9
WLFI-USD-PERP.HYPERLIQUID,1771150500000,0.1061,0.1062,0.10608,0.10616,26066.0
HYPE-USD-PERP.HYPERLIQUID,1771150500000,31.099,31.124,31.098,31.124,143.43
ATOM-USD-PERP.HYPERLIQUID,1771150500000,2.1598,2.1602,2.1587,2.1587,168.11
AVAX-USD-PERP.HYPERLIQUID,1771150500000,9.5422,9.5457,9.5422,9.5456,15.2
BIGTIME-USD-PERP.HYPERLIQUID,1771150500000,0.015979,0.016,0.015979,0.016,2113.0
BTC-USD-PERP.HYPERLIQUID,1771150500000,70268.0,70299.0,70261.0,70299.0,0.53936
PUMP-USD-PERP.HYPERLIQUID,1771150500000,0.002285,0.002287,0.002283,0.002285,1163514.0
SOL-USD-PERP.HYPERLIQUID,1771150500000,89.293,89.34,89.288,89.336,566.13
XRP-USD-PERP.HYPERLIQUID,1771150500000,1.5827,1.5863,1.5825,1.5859,36824.0
ASTER-USD-PERP.HYPERLIQUID,1771150500000,0.72974,0.72985,0.72974,0.72985,55.0
ENS-USD-PERP.HYPERLIQUID,1771150500000,6.8652,6.8652,6.8636,6.8636,12.9
IP-USD-PERP.HYPERLIQUID,1771150500000,1.1663,1.1671,1.1663,1.1671,217.8
XRP-USD-PERP.HYPERLIQUID,1771150500000,1.5827,1.5863,1.5825,1.5858,36864.0
ZEN-USD-PERP.HYPERLIQUID,1771150500000,6.5126,6.5126,6.5126,6.5126,168.21
APT-USD-PERP.HYPERLIQUID,1771150500000,0.9642,0.9651,0.9642,0.9651,219.97
BTC-USD-PERP.HYPERLIQUID,1771150500000,70268.0,70302.0,70261.0,70302.0,0.55033
MINA-USD-PERP.HYPERLIQUID,1771150500000,0.067851,0.067851,0.067851,0.067851,502.0
SUI-USD-PERP.HYPERLIQUID,1771150500000,1.0128,1.0128,1.0128,1.0128,206.4
PYTH-USD-PERP.HYPERLIQUID,1771150500000,0.056559,0.056569,0.056555,0.056561,29781.0
SOL-USD-PERP.HYPERLIQUID,1771150500000,89.293,89.34,89.288,89.339,576.14
SUI-USD-PERP.HYPERLIQUID,1771150500000,1.0128,1.0129,1.0128,1.0129,1194.1
VIRTUAL-USD-PERP.HYPERLIQUID,1771150500000,0.66996,0.67014,0.66996,0.67014,78.0
XRP-USD-PERP.HYPERLIQUID,1771150500000,1.5827,1.5863,1.5825,1.586,41849.0
ZORA-USD-PERP.HYPERLIQUID,1771150500000,0.021704,0.02172,0.021704,0.02172,13160.0
AZTEC-USD-PERP.HYPERLIQUID,1771150500000,0.023861,0.023916,0.023861,0.023897,152687.0
COMP-USD-PERP.HYPERLIQUID,1771150500000,22.877,22.877,22.877,22.877,3.6
MEGA-USD-PERP.HYPERLIQUID,1771150500000,0.13647,0.13647,0.13647,0.13647,365.0
OP-USD-PERP.HYPERLIQUID,1771150500000,0.19383,0.19383,0.19374,0.19374,218.5
XLM-USD-PERP.HYPERLIQUID,1771150500000,0.17663,0.17663,0.17663,0.17663,101.0
ZEC-USD-PERP.HYPERLIQUID,1771150500000,308.53,308.72,308.3,308.66,17.36
ETH-USD-PERP.HYPERLIQUID,1771150500000,2056.7,2058.0,2055.7,2058.0,769.2461
LIT-USD-PERP.HYPERLIQUID,1771150500000,1.7073,1.7073,1.7011,1.7026,69861.0
SOL-USD-PERP.HYPERLIQUID,1771150500000,89.293,89.347,89.288,89.347,585.92
ZEC-USD-PERP.HYPERLIQUID,1771150500000,308.53,308.72,308.3,308.66,18.97
BNB-USD-PERP.HYPERLIQUID,1771150500000,627.04,627.52,627.04,627.52,3.502
ETH-USD-PERP.HYPERLIQUID,1771150500000,2056.7,2058.4,2055.7,2058.4,769.7321
BTC-USD-PERP.HYPERLIQUID,1771150500000,70268.0,70302.0,70261.0,70302.0,0.55552
HYPE-USD-PERP.HYPERLIQUID,1771150500000,31.099,31.126,31.098,31.126,143.8
MON-USD-PERP.HYPERLIQUID,1771150500000,0.02361,0.023639,0.02361,0.023633,126566.0
POL-USD-PERP.HYPERLIQUID,1771150500000,0.1091,0.10911,0.10908,0.10908,2250.0
VVV-USD-PERP.HYPERLIQUID,1771150500000,3.8826,3.9,3.8768,3.8768,1060.8
kFLOKI-USD-PERP.HYPERLIQUID,1771150500000,0.033543,0.033578,0.033543,0.033578,966.0
BTC-USD-PERP.HYPERLIQUID,1771150500000,70268.0,70302.0,70261.0,70302.0,0.55865
LAYER-USD-PERP.HYPERLIQUID,1771150500000,0.092725,0.092882,0.092725,0.092882,482.0
NXPC-USD-PERP.HYPERLIQUID,1771150500000,0.27778,0.27778,0.27778,0.27778,56.0
AVAX-USD-PERP.HYPERLIQUID,1771150500000,9.5422,9.5463,9.5422,9.5463,54.2
LINK-USD-PERP.HYPERLIQUID,1771150500000,9.0554,9.0648,9.0554,9.0648,178.6
PYTH-USD-PERP.HYPERLIQUID,1771150500000,0.056559,0.056569,0.056555,0.056561,34202.0
SOL-USD-PERP.HYPERLIQUID,1771150500000,89.293,89.359,89.288,89.359,586.12
BTC-USD-PERP.HYPERLIQUID,1771150500000,70268.0,70302.0,70261.0,70302.0,0.55936
LINK-USD-PERP.HYPERLIQUID,1771150500000,9.0554,9.0648,9.0554,9.0648,247.3
kPEPE-USD-PERP.HYPERLIQUID,1771150500000,0.004666,0.00468,0.004666,0.00468,409116.0
BTC-USD-PERP.HYPERLIQUID,1771150500000,70268.0,70302.0,70261.0,70301.0,0.55996
XRP-USD-PERP.HYPERLIQUID,1771150500000,1.5827,1.5863,1.5825,1.5858,43849.0
ZEC-USD-PERP.HYPERLIQUID,1771150500000,308.53,308.72,308.3,308.66,19.02
BTC-USD-PERP.HYPERLIQUID,1771150500000,70268.0,70302.0,70261.0,70301.0,0.56324
LINK-USD-PERP.HYPERLIQUID,1771150500000,9.0554,9.065,9.0554,9.0643,1051.9
ETH-USD-PERP.HYPERLIQUID,1771150500000,2056.7,2058.5,2055.7,2058.5,770.1661
ETHFI-USD-PERP.HYPERLIQUID,1771150500000,0.49277,0.49277,0.49277,0.49277,45.7
JTO-USD-PERP.HYPERLIQUID,1771150500000,0.27924,0.27941,0.27924,0.27941,154.0
MON-USD-PERP.HYPERLIQUID,1771150500000,0.02361,0.023642,0.02361,0.023642,130229.0
PENGU-USD-PERP.HYPERLIQUID,1771150500000,0.007511,0.007521,0.007511,0.007521,18478.0
STBL-USD-PERP.HYPERLIQUID,1771150500000,0.039529,0.039529,0.039529,0.039529,703.0
WLFI-USD-PERP.HYPERLIQUID,1771150500000,0.1061,0.10624,0.10608,0.10624,43069.0
BTC-USD-PERP.HYPERLIQUID,1771150500000,70268.0,70302.0,70261.0,70301.0,0.56537
DOGE-USD-PERP.HYPERLIQUID,1771150500000,0.11331,0.11348,0.11327,0.11348,138712.0
HYPE-USD-PERP.HYPERLIQUID,1771150500000,31.099,31.126,31.098,31.126,145.83
LTC-USD-PERP.HYPERLIQUID,1771150500000,55.844,55.844,55.844,55.844,0.34
PUMP-USD-PERP.HYPERLIQUID,1771150500000,0.002285,0.002288,0.002283,0.002288,1177118.0
VIRTUAL-USD-PERP.HYPERLIQUID,1771150500000,0.66996,0.67021,0.66996,0.67021,104.0
VVV-USD-PERP.HYPERLIQUID,1771150500000,3.8826,3.9,3.8768,3.8834,3380.99
ETH-USD-PERP.HYPERLIQUID,1771150500000,2056.7,2058.5,2055.7,2058.5,771.0898
WLFI-USD-PERP.HYPERLIQUID,1771150500000,0.1061,0.10626,0.10608,0.10623,60251.0
ETHFI-USD-PERP.HYPERLIQUID,1771150500000,0.49277,0.49314,0.49277,0.49314,897.0
HYPE-USD-PERP.HYPERLIQUID,1771150500000,31.099,31.126,31.098,31.125,146.21
WLFI-USD-PERP.HYPERLIQUID,1771150500000,0.1061,0.10626,0.10608,0.10626,79665.0
ZEC-USD-PERP.HYPERLIQUID,1771150500000,308.53,308.85,308.3,308.85,19.1
ETH-USD-PERP.HYPERLIQUID,1771150500000,2056.7,2058.5,2055.7,2058.5,771.095
KAITO-USD-PERP.HYPERLIQUID,1771150500000,0.32531,0.32541,0.32531,0.32541,359.0
NEO-USD-PERP.HYPERLIQUID,1771150500000,2.9011,2.9021,2.9011,2.9021,39.9
ZEC-USD-PERP.HYPERLIQUID,1771150500000,308.53,308.95,308.3,308.95,135.11
BTC-USD-PERP.HYPERLIQUID,1771150500000,70268.0,70302.0,70261.0,70301.0,0.5752
FARTCOIN-USD-PERP.HYPERLIQUID,1771150500000,0.21,0.2102,0.20991,0.2102,11059.5
LIT-USD-PERP.HYPERLIQUID,1771150500000,1.7073,1.7073,1.7011,1.7037,70224.0
XRP-USD-PERP.HYPERLIQUID,1771150500000,1.5827,1.5863,1.5825,1.5858,44018.0
ZEC-USD-PERP.HYPERLIQUID,1771150500000,308.53,308.95,308.3,308.94,135.15
ENS-USD-PERP.HYPERLIQUID,1771150500000,6.8652,6.8652,6.8622,6.8622,53.32
HYPE-USD-PERP.HYPERLIQUID,1771150500000,31.099,31.126,31.098,31.126,149.91
PYTH-USD-PERP.HYPERLIQUID,1771150500000,0.056559,0.056569,0.056555,0.056567,38623.0
SOL-USD-PERP.HYPERLIQUID,1771150500000,89.293,89.36,89.288,89.36,586.34
TAO-USD-PERP.HYPERLIQUID,1771150500000,188.22,188.49,188.22,188.49,5.592
CFX-USD-PERP.HYPERLIQUID,1771150500000,0.056432,0.056432,0.056432,0.056432,269.0
PAXG-USD-PERP.HYPERLIQUID,1771150500000,5036.1,5036.1,5035.5,5035.5,1.689
SOL-USD-PERP.HYPERLIQUID,1771150500000,89.293,89.371,89.288,89.371,587.37
XRP-USD-PERP.HYPERLIQUID,1771150500000,1.5827,1.5863,1.5825,1.5855,44025.0
ZEC-USD-PERP.HYPERLIQUID,1771150500000,308.53,308.98,308.3,308.98,136.96
EIGEN-USD-PERP.HYPERLIQUID,1771150500000,0.2135,0.2136,0.2135,0.2136,236.1
SKY-USD-PERP.HYPERLIQUID,1771150500000,0.067292,0.067335,0.067292,0.067335,2865.0
XRP-USD-PERP.HYPERLIQUID,1771150500000,1.5827,1.5863,1.5825,1.5858,49689.0
2Z-USD-PERP.HYPERLIQUID,1771150500000,0.080554,0.080554,0.080554,0.080554,224.0
HYPE-USD-PERP.HYPERLIQUID,1771150500000,31.099,31.127,31.098,31.127,150.28
kSHIB-USD-PERP.HYPERLIQUID,1771150500000,0.00681,0.00681,0.00681,0.00681,2581.0
SOL-USD-PERP.HYPERLIQUID,1771150500000,89.293,89.372,89.288,89.372,862.19
ZEC-USD-PERP.HYPERLIQUID,1771150500000,308.53,308.98,308.3,308.93,137.0
ETH-USD-PERP.HYPERLIQUID,1771150500000,2056.7,2058.6,2055.7,2058.6,771.4967
HYPE-USD-PERP.HYPERLIQUID,1771150500000,31.099,31.127,31.098,31.127,150.65
POL-USD-PERP.HYPERLIQUID,1771150500000,0.1091,0.10911,0.10907,0.10907,2350.0
XMR-USD-PERP.HYPERLIQUID,1771150500000,349.52,349.79,349.52,349.79,2.012
XPL-USD-PERP.HYPERLIQUID,1771150500000,0.10111,0.10133,0.10111,0.10133,2386.0
ZEC-USD-PERP.HYPERLIQUID,1771150500000,308.53,308.98,308.3,308.91,137.06
SUSHI-USD-PERP.HYPERLIQUID,1771150500000,0.21503,0.21503,0.21503,0.21503,82.6
DYDX-USD-PERP.HYPERLIQUID,1771150500000,0.11106,0.11107,0.11104,0.11107,3225.5
FARTCOIN-USD-PERP.HYPERLIQUID,1771150500000,0.21,0.2102,0.20991,0.21012,11170.3
HYPE-USD-PERP.HYPERLIQUID,1771150500000,31.099,31.127,31.098,31.127,151.68
IP-USD-PERP.HYPERLIQUID,1771150500000,1.1663,1.1687,1.1663,1.1687,794.0
LINK-USD-PERP.HYPERLIQUID,1771150500000,9.0554,9.065,9.0554,9.0637,1084.9
ZEC-USD-PERP.HYPERLIQUID,1771150500000,308.53,308.98,308.3,308.91,137.2
AZTEC-USD-PERP.HYPERLIQUID,1771150500000,0.023861,0.023916,0.023861,0.023914,153185.0
HYPE-USD-PERP.HYPERLIQUID,1771150500000,31.099,31.134,31.098,31.134,204.05
MERL-USD-PERP.HYPERLIQUID,1771150500000,0.064181,0.064371,0.064167,0.064224,14098.0
SKR-USD-PERP.HYPERLIQUID,1771150500000,0.022651,0.022651,0.022651,0.022651,1751.0
ZEC-USD-PERP.HYPERLIQUID,1771150500000,308.53,308.98,308.3,308.91,138.04
DOT-USD-PERP.HYPERLIQUID,1771150500000,1.4037,1.4038,1.403,1.4038,76.5
ETH-USD-PERP.HYPERLIQUID,1771150500000,2056.7,2058.6,2055.7,2058.6,771.5023
HYPE-USD-PERP.HYPERLIQUID,1771150500000,31.099,31.138,31.098,31.138,204.86
kPEPE-USD-PERP.HYPERLIQUID,1771150500000,0.004666,0.00468,0.004666,0.004678,545682.0
APT-USD-PERP.HYPERLIQUID,1771150500000,0.9642,0.9652,0.9642,0.9651,2809.57
ETH-USD-PERP.HYPERLIQUID,1771150500000,2056.7,2058.6,2055.7,2058.6,789.2243
ETC-USD-PERP.HYPERLIQUID,1771150500000,8.9995,8.9995,8.9995,8.9995,2.21
ETH-USD-PERP.HYPERLIQUID,1771150500000,2056.7,2058.6,2055.7,2058.4,789.2305
SOL-USD-PERP.HYPERLIQUID,1771150500000,89.293,89.372,89.288,89.35,870.71
XRP-USD-PERP.HYPERLIQUID,1771150500000,1.5827,1.5863,1.5825,1.5855,51641.0
ZEC-USD-PERP.HYPERLIQUID,1771150500000,308.53,308.98,308.3,308.95,139.76
BTC-USD-PERP.HYPERLIQUID,1771150500000,70268.0,70302.0,70261.0,70302.0,0.62426
DOT-USD-PERP.HYPERLIQUID,1771150500000,1.4037,1.4038,1.403,1.4032,552.6
DYDX-USD-PERP.HYPERLIQUID,1771150500000,0.11106,0.11107,0.11104,0.11105,6306.5
ETH-USD-PERP.HYPERLIQUID,1771150500000,2056.7,2058.6,2055.7,2058.0,789.3197
FARTCOIN-USD-PERP.HYPERLIQUID,1771150500000,0.21,0.2102,0.20991,0.21001,12362.0
GMT-USD-PERP.HYPERLIQUID,1771150500000,0.012892,0.012892,0.012892,0.012892,4897.0
HYPE-USD-PERP.HYPERLIQUID,1771150500000,31.099,31.138,31.098,31.12,261.06
LINK-USD-PERP.HYPERLIQUID,1771150500000,9.0554,9.065,9.0554,9.0622,1091.3
LIT-USD-PERP.HYPERLIQUID,1771150500000,1.7073,1.7073,1.7011,1.7025,70230.0
PENGU-USD-PERP.HYPERLIQUID,1771150500000,0.007511,0.007521,0.007511,0.00752,1136661.0
SOL-USD-PERP.HYPERLIQUID,1771150500000,89.293,89.372,89.288,89.335,871.78
WLFI-USD-PERP.HYPERLIQUID,1771150500000,0.1061,0.10626,0.10608,0.10622,79925.0
ZEC-USD-PERP.HYPERLIQUID,1771150500000,308.53,308.98,308.3,308.91,139.82
BTC-USD-PERP.HYPERLIQUID,1771150500000,70268.0,70302.0,70261.0,70302.0,0.62451
TON-USD-PERP.HYPERLIQUID,1771150500000,1.4741,1.4741,1.4741,1.4741,21.5
ZEC-USD-PERP.HYPERLIQUID,1771150500000,308.53,308.98,308.3,308.89,140.02
XRP-USD-PERP.HYPERLIQUID,1771150500000,1.5827,1.5863,1.5825,1.5853,51950.0
ZEC-USD-PERP.HYPERLIQUID,1771150500000,308.53,308.98,308.3,308.88,140.06
BTC-USD-PERP.HYPERLIQUID,1771150500000,70268.0,70302.0,70261.0,70301.0,0.62567
HYPE-USD-PERP.HYPERLIQUID,1771150500000,31.099,31.138,31.098,31.122,261.99
LDO-USD-PERP.HYPERLIQUID,1771150500000,0.35401,0.35401,0.35401,0.35401,55.9
SOL-USD-PERP.HYPERLIQUID,1771150500000,89.293,89.372,89.288,89.326,871.91
VVV-USD-PERP.HYPERLIQUID,1771150500000,3.8826,3.9,3.8768,3.8889,5847.02
kPEPE-USD-PERP.HYPERLIQUID,1771150500000,0.004666,0.00468,0.004666,0.004678,548325.0
BTC-USD-PERP.HYPERLIQUID,1771150500000,70268.0,70302.0,70261.0,70302.0,0.62662
PYTH-USD-PERP.HYPERLIQUID,1771150500000,0.056559,0.056569,0.056555,0.056559,43045.0
SOL-USD-PERP.HYPERLIQUID,1771150500000,89.293,89.372,89.288,89.32,872.13
TAO-USD-PERP.HYPERLIQUID,1771150500000,188.22,188.49,188.22,188.43,5.912
EIGEN-USD-PERP.HYPERLIQUID,1771150500000,0.2135,0.2136,0.2133,0.2133,311.34
LINK-USD-PERP.HYPERLIQUID,1771150500000,9.0554,9.0651,9.0554,9.0651,1135.6
ZEC-USD-PERP.HYPERLIQUID,1771150500000,308.53,308.98,308.3,308.86,140.1
DOGE-USD-PERP.HYPERLIQUID,1771150500000,0.11331,0.11348,0.11327,0.1134,138845.0
SKR-USD-PERP.HYPERLIQUID,1771150500000,0.022651,0.022651,0.02265,0.02265,2483.0
ZEC-USD-PERP.HYPERLIQUID,1771150500000,308.53,308.98,308.3,308.87,143.1
kPEPE-USD-PERP.HYPERLIQUID,1771150500000,0.004666,0.00468,0.004666,0.004678,618922.0
HYPE-USD-PERP.HYPERLIQUID,1771150500000,31.099,31.138,31.098,31.119,262.4
SOL-USD-PERP.HYPERLIQUID,1771150500000,89.293,89.372,89.288,89.317,877.37
ZEC-USD-PERP.HYPERLIQUID,1771150500000,308.53,308.98,308.3,308.86,143.22
kSHIB-USD-PERP.HYPERLIQUID,1771150500000,0.00681,0.00681,0.006809,0.006809,5745.0
BTC-USD-PERP.HYPERLIQUID,1771150500000,70268.0,70302.0,70261.0,70301.0,0.63512
LIT-USD-PERP.HYPERLIQUID,1771150500000,1.7073,1.7073,1.7011,1.7021,70863.0
SUI-USD-PERP.HYPERLIQUID,1771150500000,1.0128,1.0129,1.0121,1.0121,1298.5
TRX-USD-PERP.HYPERLIQUID,1771150500000,0.28078,0.28078,0.28078,0.28078,40.0
ZEC-USD-PERP.HYPERLIQUID,1771150500000,308.53,308.98,308.3,308.93,150.03
DOGE-USD-PERP.HYPERLIQUID,1771150500000,0.11331,0.11348,0.11327,0.1134,139204.0
2Z-USD-PERP.HYPERLIQUID,1771150500000,0.080554,0.080554,0.080551,0.080551,442.0
ALT-USD-PERP.HYPERLIQUID,1771150500000,0.008905,0.008905,0.008905,0.008905,1875.0
AVAX-USD-PERP.HYPERLIQUID,1771150500000,9.5422,9.5463,9.5422,9.5444,57.2
BTC-USD-PERP.HYPERLIQUID,1771150500000,70268.0,70302.0,70261.0,70301.0,0.63588
GRASS-USD-PERP.HYPERLIQUID,1771150500000,0.22014,0.22014,0.22014,0.22014,74.3
0G-USD-PERP.HYPERLIQUID,1771150500000,0.68484,0.68628,0.68484,0.68525,2460.0
MINA-USD-PERP.HYPERLIQUID,1771150500000,0.067851,0.067851,0.067798,0.067798,9371.0
TRB-USD-PERP.HYPERLIQUID,1771150500000,16.372,16.372,16.372,16.372,1.85
BTC-USD-PERP.HYPERLIQUID,1771150500000,70268.0,70302.0,70261.0,70302.0,0.76025
ETH-USD-PERP.HYPERLIQUID,1771150500000,2056.7,2058.6,2055.7,2058.0,789.4937
FARTCOIN-USD-PERP.HYPERLIQUID,1771150500000,0.21,0.2102,0.20991,0.21,15077.4
HYPE-USD-PERP.HYPERLIQUID,1771150500000,31.099,31.138,31.098,31.122,272.12
SOL-USD-PERP.HYPERLIQUID,1771150500000,89.293,89.372,89.288,89.316,877.5
TAO-USD-PERP.HYPERLIQUID,1771150500000,188.22,188.49,188.22,188.43,6.08
ZEC-USD-PERP.HYPERLIQUID,1771150500000,308.53,309.05,308.3,309.05,150.77
AVNT-USD-PERP.HYPERLIQUID,1771150500000,0.20763,0.20763,0.20763,0.20763,77.0
HYPE-USD-PERP.HYPERLIQUID,1771150500000,31.099,31.138,31.098,31.127,272.53
PENDLE-USD-PERP.HYPERLIQUID,1771150500000,1.286,1.289,1.286,1.289,117.0
BCH-USD-PERP.HYPERLIQUID,1771150560000,561.09,561.09,561.09,561.09,0.035
BERA-USD-PERP.HYPERLIQUID,1771150560000,0.66241,0.66241,0.66236,0.66236,1156.2
BTC-USD-PERP.HYPERLIQUID,1771150560000,70302.0,70302.0,70302.0,70302.0,0.001
DOT-USD-PERP.HYPERLIQUID,1771150560000,1.4028,1.4028,1.4028,1.4028,11.7
HYPE-USD-PERP.HYPERLIQUID,1771150560000,31.126,31.126,31.126,31.126,0.37
MNT-USD-PERP.HYPERLIQUID,1771150560000,0.67075,0.67075,0.67068,0.67068,1332.5
SOL-USD-PERP.HYPERLIQUID,1771150560000,89.316,89.316,89.316,89.316,0.22
0G-USD-PERP.HYPERLIQUID,1771150560000,0.68543,0.68543,0.68543,0.68543,15.0
ASTER-USD-PERP.HYPERLIQUID,1771150560000,0.72947,0.72947,0.72947,0.72947,680.0
BTC-USD-PERP.HYPERLIQUID,1771150560000,70302.0,70302.0,70301.0,70301.0,0.01861
ENA-USD-PERP.HYPERLIQUID,1771150560000,0.12663,0.12663,0.12663,0.12663,248.0
ETH-USD-PERP.HYPERLIQUID,1771150560000,2058.0,2058.0,2058.0,2058.0,1.789
W-USD-PERP.HYPERLIQUID,1771150560000,0.02089,0.02089,0.02089,0.02089,884.4
XPL-USD-PERP.HYPERLIQUID,1771150560000,0.1013,0.1013,0.1013,0.1013,2619.0
XRP-USD-PERP.HYPERLIQUID,1771150560000,1.5847,1.5847,1.5847,1.5847,200.0
APE-USD-PERP.HYPERLIQUID,1771150560000,0.13495,0.13495,0.13495,0.13495,329.4
BTC-USD-PERP.HYPERLIQUID,1771150560000,70302.0,70302.0,70301.0,70302.0,0.101
APEX-USD-PERP.HYPERLIQUID,1771150560000,0.36516,0.36516,0.36516,0.36516,1432.0
HYPE-USD-PERP.HYPERLIQUID,1771150560000,31.126,31.128,31.126,31.128,0.74
PENDLE-USD-PERP.HYPERLIQUID,1771150560000,1.2896,1.2896,1.2896,1.2896,17.0
SEI-USD-PERP.HYPERLIQUID,1771150560000,0.077397,0.077397,0.077397,0.077397,381.0
SOL-USD-PERP.HYPERLIQUID,1771150560000,89.316,89.316,89.313,89.313,1.86
BRETT-USD-PERP.HYPERLIQUID,1771150560000,0.008277,0.008277,0.008277,0.008277,1975.0
BTC-USD-PERP.HYPERLIQUID,1771150560000,70302.0,70302.0,70301.0,70302.0,0.10199
ETH-USD-PERP.HYPERLIQUID,1771150560000,2058.0,2058.0,2058.0,2058.0,1.8137
PYTH-USD-PERP.HYPERLIQUID,1771150560000,0.056534,0.056534,0.056534,0.056534,1327.0
TON-USD-PERP.HYPERLIQUID,1771150560000,1.474,1.474,1.474,1.474,17.6
TAO-USD-PERP.HYPERLIQUID,1771150560000,188.44,188.44,188.44,188.44,1.194
TRX-USD-PERP.HYPERLIQUID,1771150560000,0.28079,0.28079,0.28079,0.28079,5400.0
ZEC-USD-PERP.HYPERLIQUID,1771150560000,309.2,309.2,309.2,309.2,1.21
kLUNC-USD-PERP.HYPERLIQUID,1771150560000,0.035742,0.035742,0.035742,0.035742,9838.0
0G-USD-PERP.HYPERLIQUID,1771150560000,0.68543,0.68566,0.68543,0.68566,30.0
BTC-USD-PERP.HYPERLIQUID,1771150560000,70302.0,70302.0,70301.0,70301.0,0.10216
LDO-USD-PERP.HYPERLIQUID,1771150560000,0.35398,0.35398,0.35398,0.35398,50.5
ZEC-USD-PERP.HYPERLIQUID,1771150560000,309.2,309.25,309.2,309.25,1.29
ETH-USD-PERP.HYPERLIQUID,1771150560000,2058.0,2058.0,2058.0,2058.0,1.8335
PNUT-USD-PERP.HYPERLIQUID,1771150560000,0.05232,0.05232,0.05232,0.05232,320.3
YGG-USD-PERP.HYPERLIQUID,1771150560000,0.042238,0.042238,0.042238,0.042238,455.0
ZEC-USD-PERP.HYPERLIQUID,1771150560000,309.2,309.25,309.2,309.21,1.36
0G-USD-PERP.HYPERLIQUID,1771150560000,0.68543,0.68607,0.68543,0.68607,45.0
BTC-USD-PERP.HYPERLIQUID,1771150560000,70302.0,70302.0,70301.0,70302.0,0.10642
ETH-USD-PERP.HYPERLIQUID,1771150560000,2058.0,2058.0,2058.0,2058.0,2.0245
INJ-USD-PERP.HYPERLIQUID,1771150560000,3.2236,3.2236,3.2236,3.2236,5.0
LIT-USD-PERP.HYPERLIQUID,1771150560000,1.702,1.702,1.702,1.702,11.0
SOL-USD-PERP.HYPERLIQUID,1771150560000,89.316,89.325,89.313,89.325,7.18
XRP-USD-PERP.HYPERLIQUID,1771150560000,1.5847,1.5847,1.5835,1.5835,1831.0
ZEC-USD-PERP.HYPERLIQUID,1771150560000,309.2,309.25,309.2,309.21,1.4
BTC-USD-PERP.HYPERLIQUID,1771150560000,70302.0,70302.0,70301.0,70301.0,0.10792
SUI-USD-PERP.HYPERLIQUID,1771150560000,1.0118,1.0118,1.0118,1.0118,104.4
ZEC-USD-PERP.HYPERLIQUID,1771150560000,309.2,309.32,309.2,309.32,1.44
ETH-USD-PERP.HYPERLIQUID,1771150560000,2058.0,2058.0,2058.0,2058.0,2.033
JUP-USD-PERP.HYPERLIQUID,1771150560000,0.166,0.166,0.166,0.166,167.0
VVV-USD-PERP.HYPERLIQUID,1771150560000,3.8839,3.89,3.8839,3.89,2835.93
WLFI-USD-PERP.HYPERLIQUID,1771150560000,0.10615,0.10615,0.10614,0.10614,4972.0
AVNT-USD-PERP.HYPERLIQUID,1771150560000,0.20755,0.20755,0.20755,0.20755,74.0
DOT-USD-PERP.HYPERLIQUID,1771150560000,1.4028,1.4028,1.4028,1.4028,24.7
MERL-USD-PERP.HYPERLIQUID,1771150560000,0.064338,0.064338,0.064338,0.064338,10192.0
ZEC-USD-PERP.HYPERLIQUID,1771150560000,309.2,309.37,309.2,309.37,32.02
DASH-USD-PERP.HYPERLIQUID,1771150560000,39.791,39.791,39.791,39.791,1.43
SOL-USD-PERP.HYPERLIQUID,1771150560000,89.316,89.335,89.313,89.335,7.4
XRP-USD-PERP.HYPERLIQUID,1771150560000,1.5847,1.5847,1.583,1.583,1869.0
DASH-USD-PERP.HYPERLIQUID,1771150560000,39.791,39.791,39.791,39.791,2.86
ETH-USD-PERP.HYPERLIQUID,1771150560000,2058.0,2058.2,2058.0,2058.2,4.947
SOL-USD-PERP.HYPERLIQUID,1771150560000,89.316,89.337,89.313,89.337,7.9
ZEC-USD-PERP.HYPERLIQUID,1771150560000,309.2,309.37,309.2,309.33,33.48
AXS-USD-PERP.HYPERLIQUID,1771150560000,1.4255,1.4255,1.4255,1.4255,24.5
DYDX-USD-PERP.HYPERLIQUID,1771150560000,0.11123,0.11124,0.11123,0.11124,166.8
ETH-USD-PERP.HYPERLIQUID,1771150560000,2058.0,2058.2,2058.0,2058.2,4.9651
SKY-USD-PERP.HYPERLIQUID,1771150560000,0.067335,0.067335,0.067335,0.067335,847.0
XRP-USD-PERP.HYPERLIQUID,1771150560000,1.5847,1.5847,1.583,1.5835,1888.0
ETH-USD-PERP.HYPERLIQUID,1771150560000,2058.0,2058.2,2058.0,2058.2,4.9721
PENDLE-USD-PERP.HYPERLIQUID,1771150560000,1.2896,1.2907,1.2896,1.2907,40.0
WLFI-USD-PERP.HYPERLIQUID,1771150560000,0.10615,0.10615,0.10614,0.10615,5230.0
ZEC-USD-PERP.HYPERLIQUID,1771150560000,309.2,309.37,309.2,309.34,33.5
kPEPE-USD-PERP.HYPERLIQUID,1771150560000,0.00468,0.00468,0.00468,0.00468,80678.0
BTC-USD-PERP.HYPERLIQUID,1771150560000,70302.0,70302.0,70301.0,70301.0,0.11142
POPCAT-USD-PERP.HYPERLIQUID,1771150560000,0.055797,0.055797,0.055797,0.055797,350.0
SKY-USD-PERP.HYPERLIQUID,1771150560000,0.067335,0.067335,0.067335,0.067335,1910.0
SUI-USD-PERP.HYPERLIQUID,1771150560000,1.0118,1.0118,1.0117,1.0117,208.8
XPL-USD-PERP.HYPERLIQUID,1771150560000,0.1013,0.1013,0.10126,0.10126,5185.0
ZEC-USD-PERP.HYPERLIQUID,1771150560000,309.2,309.37,309.2,309.34,33.58
STRK-USD-PERP.HYPERLIQUID,1771150560000,0.05054,0.05054,0.05054,0.05054,350.8
YGG-USD-PERP.HYPERLIQUID,1771150560000,0.042238,0.042238,0.042238,0.042238,1464.0
ZEC-USD-PERP.HYPERLIQUID,1771150560000,309.2,309.37,309.2,309.34,33.68
BRETT-USD-PERP.HYPERLIQUID,1771150560000,0.008277,0.008281,0.008277,0.008281,4363.0
ETH-USD-PERP.HYPERLIQUID,1771150560000,2058.0,2058.2,2058.0,2058.1,4.9781
HBAR-USD-PERP.HYPERLIQUID,1771150560000,0.10283,0.10283,0.10283,0.10283,175.0
LIT-USD-PERP.HYPERLIQUID,1771150560000,1.702,1.702,1.7004,1.7004,604.0
SKR-USD-PERP.HYPERLIQUID,1771150560000,0.022624,0.022624,0.022624,0.022624,706.0
TRX-USD-PERP.HYPERLIQUID,1771150560000,0.28079,0.28079,0.28079,0.28079,39526.0
ZEC-USD-PERP.HYPERLIQUID,1771150560000,309.2,309.37,309.2,309.34,33.72
BTC-USD-PERP.HYPERLIQUID,1771150560000,70302.0,70302.0,70301.0,70302.0,0.12142
GRASS-USD-PERP.HYPERLIQUID,1771150560000,0.22023,0.22023,0.22023,0.22023,95.4
KAITO-USD-PERP.HYPERLIQUID,1771150560000,0.32542,0.32542,0.32542,0.32542,213.0
SUPER-USD-PERP.HYPERLIQUID,1771150560000,0.13032,0.13032,0.13032,0.13032,125.0
